[{
  "_id": {
    "$oid": "55f14312c7447c3da7051b2c"
  },
  "address line 2": "London",
  "outcode": "E11",
  "postcode": "1HR",
  "rating": 3,
  "type_of_food": "African",
  "RestaurantName": "042 Restaurant & Bar"
},{
  "_id": {
    "$oid": "55f14312c7447c3da7051b2d"
  },
  "address line 2": "London",
  "outcode": "E11",
  "postcode": "1HR",
  "rating": 3,
  "type_of_food": "African",
  "RestaurantName": "042 Restaurant & Bar"
},{
  "_id": {
    "$oid": "55f14312c7447c3da7051b2e"
  },
  "address line 2": "London",
  "outcode": "E11",
  "postcode": "1HR",
  "rating": 3,
  "type_of_food": "African",
  "RestaurantName": "042 Restaurant & Bar"
},{
  "_id": {
    "$oid": "55f14312c7447c3da7051b4b"
  },
  "address line 2": "London",
  "outcode": "NW6",
  "postcode": "2BY",
  "rating": 2.5,
  "type_of_food": "African",
  "RestaurantName": "280 Degrees African & Nigerian Restaurant"
},{
  "_id": {
    "$oid": "55f14312c7447c3da7051b4c"
  },
  "address line 2": "London",
  "outcode": "NW6",
  "postcode": "2BY",
  "rating": 2.5,
  "type_of_food": "African",
  "RestaurantName": "280 Degrees African & Nigerian Restaurant"
},{
  "_id": {
    "$oid": "55f14312c7447c3da7051b68"
  },
  "address line 2": "Wembley",
  "outcode": "HA9",
  "postcode": "6AA",
  "rating": 2.5,
  "type_of_food": "Pizza",
  "RestaurantName": "5 Star Pizza"
},{
  "_id": {
    "$oid": "55f14312c7447c3da7051b69"
  },
  "address line 2": "Wembley",
  "outcode": "HA9",
  "postcode": "6AA",
  "rating": 2.5,
  "type_of_food": "Pizza",
  "RestaurantName": "5 Star Pizza"
},{
  "_id": {
    "$oid": "55f14312c7447c3da7051b6a"
  },
  "address line 2": "Wembley",
  "outcode": "HA9",
  "postcode": "6AA",
  "rating": 2.5,
  "type_of_food": "Pizza",
  "RestaurantName": "5 Star Pizza"
},{
  "_id": {
    "$oid": "55f14312c7447c3da7051b6b"
  },
  "address line 2": "Wembley",
  "outcode": "HA9",
  "postcode": "6AA",
  "rating": 2.5,
  "type_of_food": "Pizza",
  "RestaurantName": "5 Star Pizza"
},{
  "_id": {
    "$oid": "55f14312c7447c3da7051b9f"
  },
  "address line 2": "Derbyshire",
  "outcode": "DE1",
  "postcode": "2HZ",
  "rating": 3.5,
  "type_of_food": "Curry",
  "RestaurantName": "A&S Fast Food"
},{
  "_id": {
    "$oid": "55f14312c7447c3da7051ba3"
  },
  "address line 2": "Paisley",
  "outcode": "PA3",
  "postcode": "2AL",
  "rating": 3.5,
  "type_of_food": "Fish & Chips",
  "RestaurantName": "£1 Fish Shop"
},{
  "_id": {
    "$oid": "55f14312c7447c3da7051bd1"
  },
  "address line 2": "Paisley",
  "outcode": "PA1",
  "postcode": "1HG",
  "rating": 3.5,
  "type_of_food": "Fish & Chips",
  "RestaurantName": "Abbey's Fish & Chips & Pizza Place"
},{
  "_id": {
    "$oid": "55f14312c7447c3da7051bfa"
  },
  "address line 2": "Dorset",
  "outcode": "BH14",
  "postcode": "9BZ",
  "rating": 3.5,
  "type_of_food": "Chicken",
  "RestaurantName": "Abs Fried Chicken & Pizza"
},{
  "_id": {
    "$oid": "55f14312c7447c3da7051c11"
  },
  "address line 2": "London",
  "outcode": "SE4",
  "postcode": "1UY",
  "rating": 2.5,
  "type_of_food": "Caribbean",
  "RestaurantName": "Active Cafe Lounge"
},{
  "_id": {
    "$oid": "55f14312c7447c3da7051c2a"
  },
  "address line 2": "Sheffield",
  "outcode": "S9",
  "postcode": "5HQ",
  "rating": 3.5,
  "type_of_food": "Pizza",
  "RestaurantName": "Adam's Hot & Spicy"
},{
  "_id": {
    "$oid": "55f14312c7447c3da7051c2b"
  },
  "address line 2": "Sheffield",
  "outcode": "S9",
  "postcode": "5HQ",
  "rating": 3.5,
  "type_of_food": "Pizza",
  "RestaurantName": "Adam's Hot & Spicy"
},{
  "_id": {
    "$oid": "55f14312c7447c3da7051c53"
  },
  "address line 2": "Sheffield",
  "outcode": "S1",
  "postcode": "4EQ",
  "rating": 3.5,
  "type_of_food": "Pizza",
  "RestaurantName": "Adnan Southern Fried Chicken Shop"
},{
  "_id": {
    "$oid": "55f14312c7447c3da7051c61"
  },
  "address line 2": "Leeds",
  "outcode": "LS11",
  "postcode": "7JX",
  "rating": 3.5,
  "type_of_food": "Chicken",
  "RestaurantName": "AFC American Fried Chicken"
},{
  "_id": {
    "$oid": "55f14312c7447c3da7051c62"
  },
  "address line 2": "Leeds",
  "outcode": "LS11",
  "postcode": "7JX",
  "rating": 3.5,
  "type_of_food": "Chicken",
  "RestaurantName": "AFC American Fried Chicken"
},{
  "_id": {
    "$oid": "55f14312c7447c3da7051c73"
  },
  "address line 2": "Manchester",
  "outcode": "M8",
  "postcode": "9HJ",
  "rating": 2.5,
  "type_of_food": "African",
  "RestaurantName": "Africa Best Place"
},{
  "_id": {
    "$oid": "55f14312c7447c3da7051c74"
  },
  "address line 2": "Manchester",
  "outcode": "M8",
  "postcode": "9HJ",
  "rating": 2.5,
  "type_of_food": "African",
  "RestaurantName": "Africa Best Place"
},{
  "_id": {
    "$oid": "55f14312c7447c3da7051ce5"
  },
  "address line 2": "London",
  "outcode": "N17",
  "postcode": "6RU",
  "rating": 2.5,
  "type_of_food": "African",
  "RestaurantName": "Akwaahs Kitchen"
},{
  "_id": {
    "$oid": "55f14312c7447c3da7051ce7"
  },
  "address line 2": "London",
  "outcode": "N17",
  "postcode": "6RU",
  "rating": 2.5,
  "type_of_food": "African",
  "RestaurantName": "Akwaahs Kitchen"
},{
  "_id": {
    "$oid": "55f14312c7447c3da7051ceb"
  },
  "address line 2": "Birmingham",
  "outcode": "B21",
  "postcode": "9SE",
  "rating": 1,
  "type_of_food": "Chicken",
  "RestaurantName": "Al Dixi Fried Chicken & Grill House"
},{
  "_id": {
    "$oid": "55f14312c7447c3da7051cec"
  },
  "address line 2": "Birmingham",
  "outcode": "B21",
  "postcode": "9SE",
  "rating": 1,
  "type_of_food": "Chicken",
  "RestaurantName": "Al Dixi Fried Chicken & Grill House"
},{
  "_id": {
    "$oid": "55f14312c7447c3da7051cfe"
  },
  "address line 2": "Milton Keynes",
  "outcode": "MK13",
  "postcode": "7LY",
  "rating": 3.5,
  "type_of_food": "Kebab",
  "RestaurantName": "Al Kebab Hut"
},{
  "_id": {
    "$oid": "55f14312c7447c3da7051cff"
  },
  "address line 2": "Milton Keynes",
  "outcode": "MK13",
  "postcode": "7LY",
  "rating": 3.5,
  "type_of_food": "Kebab",
  "RestaurantName": "Al Kebab Hut"
},{
  "_id": {
    "$oid": "55f14312c7447c3da7051d19"
  },
  "address line 2": "Cardiff",
  "outcode": "CF24",
  "postcode": "3JH",
  "rating": 3.5,
  "type_of_food": "Lebanese",
  "RestaurantName": "Aladdin"
},{
  "_id": {
    "$oid": "55f14312c7447c3da7051d1a"
  },
  "address line 2": "Cardiff",
  "outcode": "CF24",
  "postcode": "3JH",
  "rating": 3.5,
  "type_of_food": "Lebanese",
  "RestaurantName": "Aladdin"
},{
  "_id": {
    "$oid": "55f14312c7447c3da7051d35"
  },
  "address line 2": "London",
  "outcode": "SE14",
  "postcode": "5DJ",
  "rating": 1,
  "type_of_food": "African",
  "RestaurantName": "Alaowerri Restaurant"
},{
  "_id": {
    "$oid": "55f14312c7447c3da7051d51"
  },
  "address line 2": "London",
  "outcode": "W2",
  "postcode": "2HZ",
  "rating": 3,
  "type_of_food": "Lebanese",
  "RestaurantName": "Al-Dar Lebanese Restaurant"
},{
  "_id": {
    "$oid": "55f14312c7447c3da7051d52"
  },
  "address line 2": "London",
  "outcode": "W2",
  "postcode": "2HZ",
  "rating": 3,
  "type_of_food": "Lebanese",
  "RestaurantName": "Al-Dar Lebanese Restaurant"
},{
  "_id": {
    "$oid": "55f14312c7447c3da7051d95"
  },
  "address line 2": "London",
  "outcode": "E1",
  "postcode": "4AA",
  "rating": 3.5,
  "type_of_food": "Chicken",
  "RestaurantName": "AL-IKHWAN PFC Grill & Restaurant"
},{
  "_id": {
    "$oid": "55f14312c7447c3da7051db1"
  },
  "address line 2": "Kings Lynn",
  "outcode": "PE30",
  "postcode": "1AP",
  "rating": 3,
  "type_of_food": "Chicken",
  "RestaurantName": "Ali's Meze Bar Charcoal Grill"
},{
  "_id": {
    "$oid": "55f14312c7447c3da7051df0"
  },
  "address line 2": "Middlesex",
  "outcode": "HA2",
  "postcode": "8EX",
  "rating": 3.5,
  "type_of_food": "Grill",
  "RestaurantName": "Almond Simply Roasted - Collection Only"
},{
  "_id": {
    "$oid": "55f14312c7447c3da7051e47"
  },
  "address line 2": "Tyne and Wear",
  "outcode": "NE1",
  "postcode": "1UQ",
  "rating": 3.5,
  "type_of_food": "Pizza",
  "RestaurantName": "Ameens"
},{
  "_id": {
    "$oid": "55f14312c7447c3da7051e7a"
  },
  "address line 2": "London",
  "outcode": "E11",
  "postcode": "4AA",
  "rating": 3,
  "type_of_food": "Pizza",
  "RestaurantName": "Amigo Uk Pizza & Kebab"
},{
  "_id": {
    "$oid": "55f14312c7447c3da7051ec1"
  },
  "address line 2": "Dunstable",
  "outcode": "LU6",
  "postcode": "3SQ",
  "rating": 3,
  "type_of_food": "Curry",
  "RestaurantName": "Anarkali"
},{
  "_id": {
    "$oid": "55f14312c7447c3da7051ee8"
  },
  "address line 2": "Penrith",
  "outcode": "CA11",
  "postcode": "7BP",
  "rating": 2.5,
  "type_of_food": "Fish & Chips",
  "RestaurantName": "Angel Lane Chippy"
},{
  "_id": {
    "$oid": "55f14312c7447c3da7051efc"
  },
  "address line 2": "Bexhill On Sea",
  "outcode": "TN39",
  "postcode": "4SJ",
  "rating": 3.5,
  "type_of_food": "Curry",
  "RestaurantName": "Angra"
},{
  "_id": {
    "$oid": "55f14312c7447c3da7051efd"
  },
  "address line 2": "Bexhill On Sea",
  "outcode": "TN39",
  "postcode": "4SJ",
  "rating": 3.5,
  "type_of_food": "Curry",
  "RestaurantName": "Angra"
},{
  "_id": {
    "$oid": "55f14312c7447c3da7051f1f"
  },
  "address line 2": "Sutton",
  "outcode": "SM1",
  "postcode": "1PQ",
  "rating": 3.5,
  "type_of_food": "Sri-lankan",
  "RestaurantName": "Annamma Spices"
},{
  "_id": {
    "$oid": "55f14312c7447c3da7051f20"
  },
  "address line 2": "Sutton",
  "outcode": "SM1",
  "postcode": "1PQ",
  "rating": 3.5,
  "type_of_food": "Sri-lankan",
  "RestaurantName": "Annamma Spices"
},{
  "_id": {
    "$oid": "55f14312c7447c3da7051f4d"
  },
  "address line 2": "London",
  "outcode": "HA9",
  "postcode": "6AA",
  "rating": 3.5,
  "type_of_food": "American",
  "RestaurantName": "A-One Chicken Hut"
},{
  "_id": {
    "$oid": "55f14312c7447c3da7051fff"
  },
  "address line 2": "Eastleigh",
  "outcode": "SO53",
  "postcode": "3DB",
  "rating": 3.5,
  "type_of_food": "Chinese",
  "RestaurantName": "Asia Asia"
},{
  "_id": {
    "$oid": "55f14312c7447c3da7052033"
  },
  "address line 2": "Birmingham",
  "outcode": "B6",
  "postcode": "6SN",
  "rating": 3,
  "type_of_food": "Kebab",
  "RestaurantName": "Aston Station Chippy Kebab House"
},{
  "_id": {
    "$oid": "55f14312c7447c3da7052034"
  },
  "address line 2": "Birmingham",
  "outcode": "B6",
  "postcode": "6SN",
  "rating": 3,
  "type_of_food": "Kebab",
  "RestaurantName": "Aston Station Chippy Kebab House"
},{
  "_id": {
    "$oid": "55f14313c7447c3da7052163"
  },
  "address line 2": "Middlesborough",
  "outcode": "TS1",
  "postcode": "4JP",
  "rating": 3.5,
  "type_of_food": "Curry",
  "RestaurantName": "Balti Night"
},{
  "_id": {
    "$oid": "55f14313c7447c3da705219a"
  },
  "address line 2": "Manchester",
  "outcode": "M40",
  "postcode": "3LN",
  "rating": 3.5,
  "type_of_food": "Chinese",
  "RestaurantName": "Bamboo Garden Chinese Takeaway"
},{
  "_id": {
    "$oid": "55f14313c7447c3da70521c0"
  },
  "address line 2": "West Midlands",
  "outcode": "B17",
  "postcode": "9PN",
  "rating": 3,
  "type_of_food": "Curry",
  "RestaurantName": "Bangla Lounge (Harborne)"
},{
  "_id": {
    "$oid": "55f14313c7447c3da70521cc"
  },
  "address line 2": "Surrey",
  "outcode": "SM7",
  "postcode": "2LJ",
  "rating": 3.5,
  "type_of_food": "Curry",
  "RestaurantName": "Banstead Tandoori"
},{
  "_id": {
    "$oid": "55f14313c7447c3da7052261"
  },
  "address line 2": "Croydon",
  "outcode": "CR0",
  "postcode": "4RQ",
  "rating": 3.5,
  "type_of_food": "American",
  "RestaurantName": "BBQ Express"
},{
  "_id": {
    "$oid": "55f14313c7447c3da7052262"
  },
  "address line 2": "Croydon",
  "outcode": "CR0",
  "postcode": "4RQ",
  "rating": 3.5,
  "type_of_food": "American",
  "RestaurantName": "BBQ Express"
},{
  "_id": {
    "$oid": "55f14313c7447c3da705227d"
  },
  "address line 2": "London",
  "outcode": "N22",
  "postcode": "6UY",
  "rating": 3,
  "type_of_food": "Pakistani",
  "RestaurantName": "BBQ Xpress"
},{
  "_id": {
    "$oid": "55f14313c7447c3da70522ef"
  },
  "address line 2": "London",
  "outcode": "SW1X",
  "postcode": "9JW",
  "rating": 1.5,
  "type_of_food": "Lebanese",
  "RestaurantName": "Beiteddine"
},{
  "_id": {
    "$oid": "55f14313c7447c3da70522f0"
  },
  "address line 2": "London",
  "outcode": "SW1X",
  "postcode": "9JW",
  "rating": 1.5,
  "type_of_food": "Lebanese",
  "RestaurantName": "Beiteddine"
},{
  "_id": {
    "$oid": "55f14313c7447c3da7052344"
  },
  "address line 2": "Chelmsford",
  "outcode": "CM1",
  "postcode": "3DU",
  "rating": 3.5,
  "type_of_food": "Curry",
  "RestaurantName": "Bengal Blues"
},{
  "_id": {
    "$oid": "55f14313c7447c3da70523a1"
  },
  "address line 2": "Leicester",
  "outcode": "LE1",
  "postcode": "6FB",
  "rating": 1,
  "type_of_food": "Chicken",
  "RestaurantName": "Benny's"
},{
  "_id": {
    "$oid": "55f14313c7447c3da70523a2"
  },
  "address line 2": "Leicester",
  "outcode": "LE1",
  "postcode": "6FB",
  "rating": 1,
  "type_of_food": "Chicken",
  "RestaurantName": "Benny's"
},{
  "_id": {
    "$oid": "55f14313c7447c3da70523aa"
  },
  "address line 2": "Glasgow",
  "outcode": "G72",
  "postcode": "7EL",
  "rating": 3.5,
  "type_of_food": "Fish & Chips",
  "RestaurantName": "Bennys Pizzeria, Fish & Chips"
},{
  "_id": {
    "$oid": "55f14313c7447c3da70523d6"
  },
  "address line 2": "Lincoln",
  "outcode": "LN5",
  "postcode": "7PJ",
  "rating": 3.5,
  "type_of_food": "Turkish",
  "RestaurantName": "Best Kebab"
},{
  "_id": {
    "$oid": "55f14313c7447c3da70523d7"
  },
  "address line 2": "London",
  "outcode": "N1",
  "postcode": "6LP",
  "rating": 3.5,
  "type_of_food": "Kebab",
  "RestaurantName": "Best Kebab"
},{
  "_id": {
    "$oid": "55f14313c7447c3da70523d8"
  },
  "address line 2": "London",
  "outcode": "E1",
  "postcode": "2PS",
  "rating": 3.5,
  "type_of_food": "Kebab",
  "RestaurantName": "Best Kebab"
},{
  "_id": {
    "$oid": "55f14313c7447c3da70523d9"
  },
  "address line 2": "London",
  "outcode": "N1",
  "postcode": "6LP",
  "rating": 3.5,
  "type_of_food": "Kebab",
  "RestaurantName": "Best Kebab"
},{
  "_id": {
    "$oid": "55f14313c7447c3da70523da"
  },
  "address line 2": "London",
  "outcode": "E1",
  "postcode": "2PS",
  "rating": 3.5,
  "type_of_food": "Kebab",
  "RestaurantName": "Best Kebab"
},{
  "_id": {
    "$oid": "55f14313c7447c3da7052417"
  },
  "address line 2": "London",
  "outcode": "E7",
  "postcode": "9LW",
  "rating": 3,
  "type_of_food": "Pizza",
  "RestaurantName": "Best Pizza"
},{
  "_id": {
    "$oid": "55f14313c7447c3da7052418"
  },
  "address line 2": "London",
  "outcode": "E7",
  "postcode": "9LW",
  "rating": 3,
  "type_of_food": "Pizza",
  "RestaurantName": "Best Pizza"
},{
  "_id": {
    "$oid": "55f14313c7447c3da7052421"
  },
  "address line 2": "Gloucester",
  "outcode": "GL1",
  "postcode": "1QT",
  "rating": 3.5,
  "type_of_food": "Turkish",
  "RestaurantName": "Best Takeaway"
},{
  "_id": {
    "$oid": "55f14313c7447c3da705242e"
  },
  "address line 2": "Banbury",
  "outcode": "OX16",
  "postcode": "4QJ",
  "rating": 3.5,
  "type_of_food": "American",
  "RestaurantName": "BFC Takeaway"
},{
  "_id": {
    "$oid": "55f14313c7447c3da7052448"
  },
  "address line 2": "Bradford",
  "outcode": "BD1",
  "postcode": "4HR",
  "rating": 3,
  "type_of_food": "Arabic",
  "RestaurantName": "Bianco Express"
},{
  "_id": {
    "$oid": "55f14313c7447c3da7052449"
  },
  "address line 2": "Bradford",
  "outcode": "BD1",
  "postcode": "4HR",
  "rating": 3,
  "type_of_food": "Arabic",
  "RestaurantName": "Bianco Express"
},{
  "_id": {
    "$oid": "55f14313c7447c3da705246b"
  },
  "address line 2": "Wembley",
  "outcode": "HA9",
  "postcode": "8RB",
  "rating": 2,
  "type_of_food": "Pizza",
  "RestaurantName": "Big Boys Pizza"
},{
  "_id": {
    "$oid": "55f14313c7447c3da705246c"
  },
  "address line 2": "Wembley",
  "outcode": "HA9",
  "postcode": "8RB",
  "rating": 2,
  "type_of_food": "Pizza",
  "RestaurantName": "Big Boys Pizza"
},{
  "_id": {
    "$oid": "55f14313c7447c3da705246d"
  },
  "address line 2": "Wembley",
  "outcode": "HA9",
  "postcode": "8RB",
  "rating": 2,
  "type_of_food": "Pizza",
  "RestaurantName": "Big Boys Pizza"
},{
  "_id": {
    "$oid": "55f14313c7447c3da7052482"
  },
  "address line 2": "Surrey",
  "outcode": "GU21",
  "postcode": "5DW",
  "rating": 3.5,
  "type_of_food": "American",
  "RestaurantName": "Big Mamas"
},{
  "_id": {
    "$oid": "55f14313c7447c3da7052484"
  },
  "address line 2": "Lurgan",
  "outcode": "BT66",
  "postcode": "6DB",
  "rating": 2.5,
  "type_of_food": "Curry",
  "RestaurantName": "Big Mama's"
},{
  "_id": {
    "$oid": "55f14313c7447c3da70524ab"
  },
  "address line 2": "Bristol",
  "outcode": "BS5",
  "postcode": "6NQ",
  "rating": 3.5,
  "type_of_food": "Caribbean",
  "RestaurantName": "Bikkle Island"
},{
  "_id": {
    "$oid": "55f14313c7447c3da70524ac"
  },
  "address line 2": "Bristol",
  "outcode": "BS5",
  "postcode": "6NQ",
  "rating": 3.5,
  "type_of_food": "Caribbean",
  "RestaurantName": "Bikkle Island"
},{
  "_id": {
    "$oid": "55f14313c7447c3da70524d0"
  },
  "address line 2": "London",
  "outcode": "NW1",
  "postcode": "8NY",
  "rating": 3.5,
  "type_of_food": "Thai",
  "RestaurantName": "Bintang"
},{
  "_id": {
    "$oid": "55f14313c7447c3da70524d1"
  },
  "address line 2": "London",
  "outcode": "NW1",
  "postcode": "8NY",
  "rating": 3.5,
  "type_of_food": "Thai",
  "RestaurantName": "Bintang"
},{
  "_id": {
    "$oid": "55f14313c7447c3da70524dc"
  },
  "address line 2": "London",
  "outcode": "WC2A",
  "postcode": "1AF",
  "rating": 3.5,
  "type_of_food": "Healthy",
  "RestaurantName": "Bites of Italy"
},{
  "_id": {
    "$oid": "55f14313c7447c3da70524dd"
  },
  "address line 2": "London",
  "outcode": "WC2A",
  "postcode": "1AF",
  "rating": 3.5,
  "type_of_food": "Healthy",
  "RestaurantName": "Bites of Italy"
},{
  "_id": {
    "$oid": "55f14313c7447c3da70524e1"
  },
  "address line 2": "Glasgow",
  "outcode": "G42",
  "postcode": "7DF",
  "rating": 3.5,
  "type_of_food": "Sandwiches",
  "RestaurantName": "Bits n Pieces"
},{
  "_id": {
    "$oid": "55f14313c7447c3da7052500"
  },
  "address line 2": "Manchester",
  "outcode": "M20",
  "postcode": "6EL",
  "rating": 3.5,
  "type_of_food": "English",
  "RestaurantName": "BLD: Breakfast, Lunch & Dinner"
},{
  "_id": {
    "$oid": "55f14313c7447c3da7052501"
  },
  "address line 2": "Manchester",
  "outcode": "M20",
  "postcode": "6EL",
  "rating": 3.5,
  "type_of_food": "English",
  "RestaurantName": "BLD: Breakfast, Lunch & Dinner"
},{
  "_id": {
    "$oid": "55f14313c7447c3da7052502"
  },
  "address line 2": "Manchester",
  "outcode": "M20",
  "postcode": "6EL",
  "rating": 3.5,
  "type_of_food": "English",
  "RestaurantName": "BLD: Breakfast, Lunch & Dinner"
},{
  "_id": {
    "$oid": "55f14313c7447c3da7052503"
  },
  "address line 2": "Manchester",
  "outcode": "M20",
  "postcode": "6EL",
  "rating": 3.5,
  "type_of_food": "English",
  "RestaurantName": "BLD: Breakfast, Lunch & Dinner"
},{
  "_id": {
    "$oid": "55f14313c7447c3da705250d"
  },
  "address line 2": "London",
  "outcode": "SW16",
  "postcode": "6EG",
  "rating": 3.5,
  "type_of_food": "Caribbean",
  "RestaurantName": "Blessings Caribbean Cuisine"
},{
  "_id": {
    "$oid": "55f14313c7447c3da705250e"
  },
  "address line 2": "London",
  "outcode": "SW16",
  "postcode": "6EG",
  "rating": 3.5,
  "type_of_food": "Caribbean",
  "RestaurantName": "Blessings Caribbean Cuisine"
},{
  "_id": {
    "$oid": "55f14313c7447c3da705250f"
  },
  "address line 2": "London",
  "outcode": "SW16",
  "postcode": "6EG",
  "rating": 3.5,
  "type_of_food": "Caribbean",
  "RestaurantName": "Blessings Caribbean Cuisine"
}]