[{
  "_id": 1,
  "Book_name": "Unlocking Android",
  "writers": [
    "W. Frank Ableson",
    "Charlie Collins",
    "Robi Sen"
  ]
},{
  "_id": 2,
  "Book_name": "Android in Action, Second Edition",
  "writers": [
    "W. Frank Ableson",
    "Robi Sen"
  ]
},{
  "_id": 3,
  "Book_name": "Specification by Example",
  "writers": [
    "Gojko Adzic"
  ]
},{
  "_id": 4,
  "Book_name": "Flex 3 in Action",
  "writers": [
    "Tariq Ahmed with Jon Hirschi",
    "Faisal Abid"
  ]
},{
  "_id": 5,
  "Book_name": "Flex 4 in Action",
  "writers": [
    "Tariq Ahmed",
    "Dan Orlando",
    "John C. Bland II",
    "Joel Hooks"
  ]
},{
  "_id": 6,
  "Book_name": "Collective Intelligence in Action",
  "writers": [
    "Satnam Alag"
  ]
},{
  "_id": 7,
  "Book_name": "Zend Framework in Action",
  "writers": [
    "Rob Allen",
    "Nick Lo",
    "Steven Brown"
  ]
},{
  "_id": 8,
  "Book_name": "Flex on Java",
  "writers": [
    "Bernerd Allmon",
    "Jeremy Anderson"
  ]
},{
  "_id": 9,
  "Book_name": "Griffon in Action",
  "writers": [
    "Andres Almiray",
    "Danno Ferrin",
    "",
    "James Shingler"
  ]
},{
  "_id": 10,
  "Book_name": "OSGi in Depth",
  "writers": [
    "Alexandre de Castro Alves"
  ]
},{
  "_id": 11,
  "Book_name": "Flexible Rails",
  "writers": [
    "Peter Armstrong"
  ]
},{
  "_id": 13,
  "Book_name": "Hello! Flex 4",
  "writers": [
    "Peter Armstrong"
  ]
},{
  "_id": 14,
  "Book_name": "Coffeehouse",
  "writers": [
    "Levi Asher",
    "Christian Crumlish"
  ]
},{
  "_id": 15,
  "Book_name": "Team Foundation Server 2008 in Action",
  "writers": [
    "Jamil Azher"
  ]
},{
  "_id": 16,
  "Book_name": "Brownfield Application Development in .NET",
  "writers": [
    "Kyle Baley",
    "Donald Belcham"
  ]
},{
  "_id": 17,
  "Book_name": "MongoDB in Action",
  "writers": [
    "Kyle Banker"
  ]
},{
  "_id": 18,
  "Book_name": "Distributed Application Development with PowerBuilder 6.0",
  "writers": [
    "Michael J. Barlotta"
  ]
},{
  "_id": 19,
  "Book_name": "Jaguar Development with PowerBuilder 7",
  "writers": [
    "Michael Barlotta"
  ]
},{
  "_id": 20,
  "Book_name": "Taming Jaguar",
  "writers": [
    "Michael J. Barlotta",
    "Jason R. Weiss"
  ]
},{
  "_id": 21,
  "Book_name": "3D User Interfaces with Java 3D",
  "writers": [
    "Jon Barrilleaux"
  ]
},{
  "_id": 22,
  "Book_name": "Hibernate in Action",
  "writers": [
    "Christian Bauer",
    "Gavin King"
  ]
},{
  "_id": 23,
  "Book_name": "Hibernate in Action (Chinese Edition)",
  "writers": [
    "Christian Bauer",
    "Gavin King"
  ]
},{
  "_id": 24,
  "Book_name": "Java Persistence with Hibernate",
  "writers": [
    "Christian Bauer",
    "Gavin King"
  ]
},{
  "_id": 25,
  "Book_name": "JSTL in Action",
  "writers": [
    "Shawn Bayern"
  ]
},{
  "_id": 26,
  "Book_name": "iBATIS in Action",
  "writers": [
    "Clinton Begin",
    "Brandon Goodin",
    "Larry Meadors"
  ]
},{
  "_id": 27,
  "Book_name": "Designing Hard Software",
  "writers": [
    "Douglas W. Bennett"
  ]
},{
  "_id": 28,
  "Book_name": "Hibernate Search in Action",
  "writers": [
    "Emmanuel Bernard",
    "John Griffin"
  ]
},{
  "_id": 29,
  "Book_name": "jQuery in Action",
  "writers": [
    "Bear Bibeault",
    "Yehuda Katz"
  ]
},{
  "_id": 30,
  "Book_name": "jQuery in Action, Second Edition",
  "writers": [
    "Bear Bibeault",
    "Yehuda Katz"
  ]
},{
  "_id": 31,
  "Book_name": "Building Secure and Reliable Network Applications",
  "writers": [
    "Kenneth P. Birman"
  ]
},{
  "_id": 32,
  "Book_name": "Ruby for Rails",
  "writers": [
    "David A. Black"
  ]
},{
  "_id": 33,
  "Book_name": "The Well-Grounded Rubyist",
  "writers": [
    "David A. Black"
  ]
},{
  "_id": 35,
  "Book_name": "Website Owner's Manual",
  "writers": [
    "Paul A. Boag"
  ]
},{
  "_id": 36,
  "Book_name": "ASP.NET 4.0 in Practice",
  "writers": [
    "Daniele Bochicchio",
    "Stefano Mostarda",
    "",
    "Marco De Sanctis"
  ]
},{
  "_id": 37,
  "Book_name": "Hello! Python",
  "writers": [
    "Anthony Briggs"
  ]
},{
  "_id": 38,
  "Book_name": "PFC Programmer's Reference Manual",
  "writers": [
    "Richard Brooks"
  ]
},{
  "_id": 39,
  "Book_name": "Graphics File Formats",
  "writers": [
    "C. Wayne Brown",
    "Barry J. Shepherd"
  ]
},{
  "_id": 40,
  "Book_name": "Visual Object Oriented Programming",
  "writers": [
    "Margaret M. Burnett",
    "Adele Goldberg",
    "",
    "Ted G. Lewis"
  ]
},{
  "_id": 41,
  "Book_name": "iOS in Practice",
  "writers": [
    "Bear P. Cahill"
  ]
},{
  "_id": 42,
  "Book_name": "iPhone in Action",
  "writers": [
    "Christopher Allen",
    "Shannon Appelcline"
  ]
},{
  "_id": 43,
  "Book_name": "Silverlight 2 in Action",
  "writers": [
    "Chad A. Campbell",
    "John Stockton"
  ]
},{
  "_id": 45,
  "Book_name": "The Quick Python Book, Second Edition",
  "writers": [
    "Naomi R. Ceder"
  ]
},{
  "_id": 46,
  "Book_name": "Internet and Intranet Applications with PowerBuilder 6",
  "writers": [
    "Tom Cervenka"
  ]
},{
  "_id": 48,
  "Book_name": "Practical Methods for Your Year 2000 Problem",
  "writers": [
    "Robert Chapman"
  ]
},{
  "_id": 51,
  "Book_name": "Mobile Agents",
  "writers": [
    "William R. Cockayne and Michael Zyda",
    "editors"
  ]
},{
  "_id": 52,
  "Book_name": "Spring Dynamic Modules in Action",
  "writers": [
    "Arnaud Cogoluegnes",
    "Thierry Templier",
    "",
    "Andy Piper"
  ]
},{
  "_id": 53,
  "Book_name": "SQL Server 2008 Administration in Action",
  "writers": [
    "Rod Colledge"
  ]
},{
  "_id": 54,
  "Book_name": "Android in Practice",
  "writers": [
    "Charlie Collins",
    "Michael D. Galpin",
    "",
    "Matthias Kaeppler"
  ]
},{
  "_id": 55,
  "Book_name": "Object Oriented Perl",
  "writers": [
    "Damian Conway"
  ]
},{
  "_id": 56,
  "Book_name": "GWT in Practice",
  "writers": [
    "Robert Cooper",
    "Charles Collins"
  ]
},{
  "_id": 59,
  "Book_name": "Ajax in Action",
  "writers": [
    "Dave Crane",
    "Eric Pascarello with Darren James"
  ]
},{
  "_id": 60,
  "Book_name": "Ajax in Practice",
  "writers": [
    "Dave Crane",
    "Jord Sonneveld and Bear Bibeault with Ted Goddard",
    "Chris Gray",
    "Ram Venkataraman",
    "Joe Walker"
  ]
},{
  "_id": 61,
  "Book_name": "Prototype and Scriptaculous in Action",
  "writers": [
    "Dave Crane",
    "Bear Bibeault with Tom Locke"
  ]
},{
  "_id": 63,
  "Book_name": "POJOs in Action",
  "writers": [
    "Chris Richardson"
  ]
},{
  "_id": 64,
  "Book_name": "Data Munging with Perl",
  "writers": [
    "David Cross"
  ]
},{
  "_id": 65,
  "Book_name": "Hello! HTML5 & CSS3",
  "writers": [
    "Rob Crowther"
  ]
},{
  "_id": 66,
  "Book_name": "Seam in Action",
  "writers": [
    "Dan Allen"
  ]
},{
  "_id": 67,
  "Book_name": "Wicket in Action",
  "writers": [
    "Martijn Dashorst",
    "Eelco Hillenius"
  ]
},{
  "_id": 68,
  "Book_name": "Open Source SOA",
  "writers": [
    "Jeff Davis"
  ]
},{
  "_id": 69,
  "Book_name": "Struts 2 in Action",
  "writers": [
    "Donald Brown",
    "Chad Michael Davis",
    "",
    "Scott Stanlick"
  ]
},{
  "_id": 70,
  "Book_name": "Essential Guide to Peoplesoft Development and Customization",
  "writers": [
    "Tony DeLia",
    "Galina Landres",
    "Isidor Rivera",
    "Prakash Sankaran"
  ]
},{
  "_id": 71,
  "Book_name": ".NET Multithreading",
  "writers": [
    "Alan Dennis"
  ]
},{
  "_id": 72,
  "Book_name": "SCWCD Exam Study Kit Second Edition",
  "writers": [
    "Hanumant Deshmukh",
    "Jignesh Malavia",
    "",
    "Matthew Scarpino"
  ]
},{
  "_id": 73,
  "Book_name": "Spring Roo in Action",
  "writers": [
    "Ken Rimple",
    "Srini Penchikala"
  ]
},{
  "_id": 74,
  "Book_name": "SOA Governance in Action",
  "writers": [
    "Jos Dirksen"
  ]
},{
  "_id": 75,
  "Book_name": "RSS and Atom in Action",
  "writers": [
    "Dave Johnson"
  ]
},{
  "_id": 76,
  "Book_name": "LDAP Programming, Management and Integration",
  "writers": [
    "Clayton Donley"
  ]
},{
  "_id": 77,
  "Book_name": "Mule in Action",
  "writers": [
    "David Dossot",
    "John D'Emic"
  ]
},{
  "_id": 79,
  "Book_name": "Java Foundation Classes",
  "writers": [
    "Stephen C. Drye",
    "William C. Wake"
  ]
},{
  "_id": 117,
  "Book_name": "Managing Components with Modeler",
  "writers": [
    "Vikram Goyal"
  ]
},{
  "_id": 118,
  "Book_name": "Command-line Processing with CLI",
  "writers": [
    "Vikram Goyal"
  ]
},{
  "_id": 119,
  "Book_name": "Understanding and Using Chain",
  "writers": [
    "Vikram Goyal"
  ]
},{
  "_id": 120,
  "Book_name": "Working with the Logging and Discovery Components",
  "writers": [
    "Vikram Goyal"
  ]
},{
  "_id": 121,
  "Book_name": "Uploading files with FileUpload",
  "writers": [
    "Vikram Goyal"
  ]
},{
  "_id": 122,
  "Book_name": "Handling Protocols with the Net Component",
  "writers": [
    "Vikram Goyal"
  ]
},{
  "_id": 123,
  "Book_name": "XML Parsing with Digester",
  "writers": [
    "Vikram Goyal"
  ]
},{
  "_id": 124,
  "Book_name": "JXPath and Betwixt: Working with XML",
  "writers": [
    "Vikram Goyal"
  ]
},{
  "_id": 125,
  "Book_name": "Validating Data with Validator",
  "writers": [
    "Vikram Goyal"
  ]
},{
  "_id": 126,
  "Book_name": "Enhancing Java Core Libraries with Collections",
  "writers": [
    "Vikram Goyal"
  ]
},{
  "_id": 127,
  "Book_name": "Enhancing Java Core Libraries with BeanUtils and Lang",
  "writers": [
    "Vikram Goyal"
  ]
},{
  "_id": 128,
  "Book_name": "Pool and DBCP: Creating and Using Object Pools",
  "writers": [
    "Vikram Goyal"
  ]
},{
  "_id": 129,
  "Book_name": "Python and Tkinter Programming",
  "writers": [
    "John E. Grayson"
  ]
},{
  "_id": 130,
  "Book_name": "Microsoft.NET for Programmers",
  "writers": [
    "Fergal Grimes"
  ]
},{
  "_id": 131,
  "Book_name": "Grails in Action",
  "writers": [
    "Glen Smith",
    "Peter Ledbrook"
  ]
},{
  "_id": 132,
  "Book_name": "Up to Speed with Swing, Second Edition",
  "writers": [
    "Steven Gutz"
  ]
},{
  "_id": 133,
  "Book_name": "OSGi in Action",
  "writers": [
    "Richard S. Hall",
    "Karl Pauls",
    "Stuart McCulloch",
    "",
    "David Savage"
  ]
},{
  "_id": 135,
  "Book_name": "GWT in Action",
  "writers": [
    "Robert Hanson",
    "Adam Tacy"
  ]
},{
  "_id": 136,
  "Book_name": "The Quick Python Book",
  "writers": [
    "Daryl Harms",
    "Kenneth McDonald"
  ]
},{
  "_id": 137,
  "Book_name": "SharePoint 2010 Site Owner's Manual",
  "writers": [
    "Yvonne M. Harryman"
  ]
},{
  "_id": 139,
  "Book_name": "Java Development with Ant",
  "writers": [
    "Erik Hatcher",
    "Steve Loughran"
  ]
},{
  "_id": 140,
  "Book_name": "Lucene in Action",
  "writers": [
    "Erik Hatcher",
    "Otis Gospodnetic"
  ]
},{
  "_id": 141,
  "Book_name": "Lucene in Action, Second Edition",
  "writers": [
    "Erik Hatcher",
    "Otis Gospodnetic",
    "",
    "Michael McCandless"
  ]
},{
  "_id": 142,
  "Book_name": "PowerBuilder 6.0 Questions & Answers",
  "writers": [
    "Tim Hatton"
  ]
},{
  "_id": 143,
  "Book_name": "The Awesome Power of PowerJ",
  "writers": [
    "Tim Hatton"
  ]
},{
  "_id": 144,
  "Book_name": "The Awesome Power of Power++",
  "writers": [
    "Tim Hatton"
  ]
},{
  "_id": 145,
  "Book_name": "Azure in Action",
  "writers": [
    "Chris Hay",
    "Brian H. Prince"
  ]
},{
  "_id": 146,
  "Book_name": "Distributed Agile in Action",
  "writers": [
    "Vikas Hazrati",
    "Balaji D Loganathan"
  ]
},{
  "_id": 147,
  "Book_name": "Metaprogramming in .NET",
  "writers": [
    "Kevin Hazzard",
    "Jason Bock"
  ]
},{
  "_id": 148,
  "Book_name": "Portlets and Apache Portals",
  "writers": [
    "Stefan Hepper",
    "Peter Fischer",
    "Stephan Hesmer",
    "Richard Jacob",
    "David Sean Taylor"
  ]
},{
  "_id": 149,
  "Book_name": "Code Generation in Action",
  "writers": [
    "Jack Herrington"
  ]
},{
  "_id": 150,
  "Book_name": "Illustrated Guide to HTTP",
  "writers": [
    "Paul S. Hethmon"
  ]
},{
  "_id": 152,
  "Book_name": "Agile ALM",
  "writers": [
    "Michael Hüttermann"
  ]
},{
  "_id": 153,
  "Book_name": "Java Network Programming, Second Edition",
  "writers": [
    "Merlin Hughes",
    "Michael Shoffner",
    "",
    "Derek Hamner"
  ]
},{
  "_id": 154,
  "Book_name": "Struts in Action",
  "writers": [
    "Ted N. Husted",
    "Cedric Dumoulin",
    "George Franciscus",
    "David Winterfeldt"
  ]
},{
  "_id": 155,
  "Book_name": "Camel in Action",
  "writers": [
    "Claus Ibsen",
    "Jonathan Anstey"
  ]
},{
  "_id": 156,
  "Book_name": "Taming Text",
  "writers": [
    "Grant S. Ingersoll",
    "Thomas S. Morton",
    "",
    "Andrew L. Farris"
  ]
},{
  "_id": 158,
  "Book_name": "JBoss in Action",
  "writers": [
    "Javid Jamae",
    "Peter Johnson"
  ]
},{
  "_id": 159,
  "Book_name": "Gnuplot in Action",
  "writers": [
    "Philipp K. Janert"
  ]
},{
  "_id": 160,
  "Book_name": "Extending and Embedding Perl",
  "writers": [
    "Tim Jenness",
    "Simon Cozens"
  ]
},{
  "_id": 161,
  "Book_name": "iOS 4 in Action",
  "writers": [
    "Jocelyn Harrington",
    "Brandon Trebitowski",
    "Christopher Allen",
    "",
    "Shannon Appelcline"
  ]
},{
  "_id": 162,
  "Book_name": "Elements of Programming with Perl",
  "writers": [
    "Andrew L. Johnson"
  ]
},{
  "_id": 163,
  "Book_name": "Learn Windows PowerShell in a Month of Lunches",
  "writers": [
    "Don Jones"
  ]
},{
  "_id": 164,
  "Book_name": "R in Action",
  "writers": [
    "Robert I. Kabacoff"
  ]
},{
  "_id": 165,
  "Book_name": "Android in Practice",
  "writers": [
    "Matthias Kaeppler",
    "Michael D. Galpin",
    "Charlie Collins"
  ]
},{
  "_id": 167,
  "Book_name": "SOA Security",
  "writers": [
    "Ramarao Kanneganti",
    "Prasad A. Chodavarapu"
  ]
},{
  "_id": 168,
  "Book_name": "Rails 3 in Action",
  "writers": [
    "Ryan Bigg",
    "Yehuda Katz"
  ]
},{
  "_id": 169,
  "Book_name": "Continuous Integration in .NET",
  "writers": [
    "Marcin Kawalerowicz",
    "Craig Berntson"
  ]
},{
  "_id": 170,
  "Book_name": "Technology Paradise Lost",
  "writers": [
    "Erik Keller"
  ]
},{
  "_id": 172,
  "Book_name": "Kermit 95+",
  "writers": [
    "Kermit Project at Columbia University"
  ]
},{
  "_id": 173,
  "Book_name": "Laszlo in Action",
  "writers": [
    "Norman Klein",
    "Max Carlson with Glenn MacEwen"
  ]
},{
  "_id": 174,
  "Book_name": "Groovy in Action",
  "writers": [
    "Dierk Koenig with Andrew Glover",
    "Paul King",
    "Guillaume Laforge",
    "Jon Skeet"
  ]
},{
  "_id": 175,
  "Book_name": "Groovy in Action, Second Edition",
  "writers": [
    "Dierk König",
    "Guillaume Laforge",
    "Paul King",
    "Cédric Champeau",
    "Hamlet D'Arcy",
    "Erik Pragt",
    "",
    "Jon Skeet"
  ]
},{
  "_id": 176,
  "Book_name": "Object Technology Centers of Excellence",
  "writers": [
    "Timothy D. Korson",
    "Vijay K. Vaishnavi"
  ]
},{
  "_id": 177,
  "Book_name": "Test Driven",
  "writers": [
    "Lasse Koskela"
  ]
},{
  "_id": 178,
  "Book_name": "Effective Unit Testing",
  "writers": [
    "Lasse Koskela"
  ]
},{
  "_id": 179,
  "Book_name": "Making Java Groovy",
  "writers": [
    "Kenneth A. Kousen"
  ]
},{
  "_id": 180,
  "Book_name": "The Awesome Power of Direct3D/DirectX",
  "writers": [
    "Peter J. Kovach"
  ]
},{
  "_id": 181,
  "Book_name": "Practical Software Requirements",
  "writers": [
    "Benjamin L. Kovitz"
  ]
},{
  "_id": 182,
  "Book_name": "NHibernate in Action",
  "writers": [
    "Pierre Henri Kuate",
    "Tobin Harris",
    "Christian Bauer",
    "",
    "Gavin King"
  ]
},{
  "_id": 183,
  "Book_name": "Microsoft Reporting Services in Action",
  "writers": [
    "Teo Lachev"
  ]
},{
  "_id": 184,
  "Book_name": "AspectJ in Action",
  "writers": [
    "Ramnivas Laddad"
  ]
},{
  "_id": 185,
  "Book_name": "AspectJ in Action, Second Edition",
  "writers": [
    "Ramnivas Laddad"
  ]
},{
  "_id": 186,
  "Book_name": "Hadoop in Action",
  "writers": [
    "Chuck Lam"
  ]
},{
  "_id": 187,
  "Book_name": "SQR in PeopleSoft and Other Applications",
  "writers": [
    "Galina",
    "Vlad Landres"
  ]
},{
  "_id": 188,
  "Book_name": "SQR in PeopleSoft and Other Applications, Second Edition",
  "writers": [
    "Galina Landres",
    "Vlad Landres"
  ]
},{
  "_id": 189,
  "Book_name": "F# in Action",
  "writers": [
    "Amanda Laucher"
  ]
},{
  "_id": 190,
  "Book_name": "Tuscany SCA in Action",
  "writers": [
    "Simon Laws",
    "Mark Combellack",
    "Raymond Feng",
    "Haleh Mahbod",
    "Simon Nash"
  ]
},{
  "_id": 192,
  "Book_name": "Client/Server Yellow Pages",
  "writers": [
    "Compiled",
    "introduced by Ted Lewis"
  ]
},{
  "_id": 193,
  "Book_name": "Object Oriented Application Frameworks",
  "writers": [
    "Ted Lewis",
    "friends"
  ]
},{
  "_id": 194,
  "Book_name": "Tapestry in Action",
  "writers": [
    "Howard M. Lewis Ship"
  ]
},{
  "_id": 195,
  "Book_name": "WebWork in Action",
  "writers": [
    "Patrick Lightbody",
    "Jason Carreira"
  ]
},{
  "_id": 196,
  "Book_name": "MacRuby in Action",
  "writers": [
    "Brendan G. Lim with Jerry Cheung",
    "Jeremy McAnally"
  ]
},{
  "_id": 197,
  "Book_name": "Erlang and OTP in Action",
  "writers": [
    "Martin Logan",
    "Eric Merritt",
    "",
    "Richard Carlsson"
  ]
},{
  "_id": 198,
  "Book_name": "SharePoint 2007 Developer's Guide to Business Data Catalog",
  "writers": [
    "Brett Lonsdale",
    "Nick Swan"
  ]
},{
  "_id": 199,
  "Book_name": "Doing IT Right",
  "writers": [
    "Harold Lorin"
  ]
},{
  "_id": 200,
  "Book_name": "Adobe AIR in Action",
  "writers": [
    "Joey Lott",
    "Kathryn Rotondo",
    "Sam Ahn",
    "Ashley Atkins"
  ]
},{
  "_id": 201,
  "Book_name": "Ant in Action",
  "writers": [
    "Steve Loughran",
    "Erik Hatcher"
  ]
},{
  "_id": 202,
  "Book_name": "Restlet in Action",
  "writers": [
    "Jerome Louvel",
    "Thierry Boileau",
    "",
    "Philippe Mougin"
  ]
},{
  "_id": 203,
  "Book_name": "iText in Action",
  "writers": [
    "Bruno Lowagie"
  ]
},{
  "_id": 204,
  "Book_name": "iText in Action, Second Edition",
  "writers": [
    "Bruno Lowagie"
  ]
},{
  "_id": 205,
  "Book_name": "Power-3D",
  "writers": [
    "Kyle Lussier"
  ]
},{
  "_id": 206,
  "Book_name": "SNA and TCP/IP Enterprise Networking",
  "writers": [
    "Daniel C. Lynch",
    "James P. Gray",
    "and Edward Rabinovitch",
    "editors"
  ]
},{
  "_id": 208,
  "Book_name": "Subversion in Action",
  "writers": [
    "Jeffrey Machols"
  ]
},{
  "_id": 209,
  "Book_name": "Minimal Perl",
  "writers": [
    "Tim Maher"
  ]
},{
  "_id": 210,
  "Book_name": "Distributed Programming with Java",
  "writers": [
    "Qusay H. Mahmoud"
  ]
},{
  "_id": 211,
  "Book_name": "Comprehensive Networking Glossary and Acronym Guide",
  "writers": [
    "Gary Scott Malkin"
  ]
},{
  "_id": 212,
  "Book_name": "JavaServer Faces in Action",
  "writers": [
    "Kito D. Mann"
  ]
},{
  "_id": 213,
  "Book_name": "LINQ in Action",
  "writers": [
    "Fabrice Marguerie",
    "Steve Eichert",
    "Jim Wooley"
  ]
},{
  "_id": 214,
  "Book_name": "Internet BBSs",
  "writers": [
    "Richard Scott Mark"
  ]
},{
  "_id": 215,
  "Book_name": "Algorithms of the Intelligent Web",
  "writers": [
    "Haralambos Marmanis",
    "Dmitry Babenko"
  ]
},{
  "_id": 216,
  "Book_name": "JUnit in Action",
  "writers": [
    "Vincent Massol with Ted Husted"
  ]
},{
  "_id": 217,
  "Book_name": "Tika in Action",
  "writers": [
    "Chris A. Mattmann",
    "Jukka L. Zitting"
  ]
},{
  "_id": 218,
  "Book_name": "Ruby in Practice",
  "writers": [
    "Jeremy McAnally",
    "Assaf Arkin"
  ]
},{
  "_id": 219,
  "Book_name": "Inside LotusScript",
  "writers": [
    "Joe McGinn"
  ]
},{
  "_id": 220,
  "Book_name": "Maximum MIDI",
  "writers": [
    "Paul Messick"
  ]
},{
  "_id": 221,
  "Book_name": "Planning and Managing ATM Networks",
  "writers": [
    "Daniel Minoli",
    "Thomas W. Golway",
    "",
    "Norris P. Smith"
  ]
},{
  "_id": 222,
  "Book_name": "Client/Server Applications on ATM Networks",
  "writers": [
    "Daniel Minoli",
    "Andrew Schmidt"
  ]
},{
  "_id": 223,
  "Book_name": "JavaFX in Action",
  "writers": [
    "Simon Morris"
  ]
},{
  "_id": 224,
  "Book_name": "Entity Framework 4 in Action",
  "writers": [
    "Stefano Mostarda",
    "Marco De Sanctis",
    "",
    "Daniele Bochicchio"
  ]
},{
  "_id": 225,
  "Book_name": "ASP.NET 2.0 Web Parts in Action",
  "writers": [
    "Darren Neimke"
  ]
},{
  "_id": 226,
  "Book_name": "Sass and Compass in Action",
  "writers": [
    "Wynn Netherland",
    "Nathan Weizenbaum",
    "Chris Eppstein",
    "",
    "Brandon Mathis"
  ]
},{
  "_id": 227,
  "Book_name": "Core OWL 5.0",
  "writers": [
    "Ted Neward"
  ]
},{
  "_id": 228,
  "Book_name": "Advanced OWL 5.0",
  "writers": [
    "Ted Neward"
  ]
},{
  "_id": 229,
  "Book_name": "Server-Based Java Programming",
  "writers": [
    "Ted Neward"
  ]
},{
  "_id": 230,
  "Book_name": "SQL Server MVP Deep Dives",
  "writers": [
    "Contributions from 53 SQL Server MVPs",
    "Edited by Paul Nielsen",
    "Kalen Delaney",
    "Greg Low",
    "Adam Machanic",
    "Paul S. Randal",
    "",
    "Kimberly L. Tripp"
  ]
},{
  "_id": 231,
  "Book_name": "SQL Server MVP Deep Dives",
  "writers": [
    "Contributions from 53 SQL Server MVPs; Edited by Paul Nielsen",
    "Kalen Delaney",
    "Greg Low",
    "Adam Machanic",
    "Paul S. Randal",
    "",
    "Kimberly L. Tripp"
  ]
},{
  "_id": 232,
  "Book_name": "SQL Server MVP Deep Dives",
  "writers": [
    "Paul Nielsen",
    "Kalen Delaney",
    "Greg Low",
    "Adam Machanic",
    "Paul S. Randal",
    "",
    "Kimberly L. Tripp"
  ]
},{
  "_id": 233,
  "Book_name": "PostGIS in Action",
  "writers": [
    "Regina O. Obe",
    "Leo S. Hsu"
  ]
},{
  "_id": 235,
  "Book_name": "Programming Mac OS X",
  "writers": [
    "Kevin O'Malley"
  ]
},{
  "_id": 236,
  "Book_name": "The Art of Unit Testing",
  "writers": [
    "Roy Osherove"
  ]
},{
  "_id": 237,
  "Book_name": "Mahout in Action",
  "writers": [
    "Sean Owen",
    "Robin Anil",
    "Ted Dunning",
    "",
    "Ellen Friedman"
  ]
},{
  "_id": 238,
  "Book_name": "ASP.NET MVC in Action",
  "writers": [
    "Jeffrey Palermo",
    "Ben Scheirman",
    "",
    "Jimmy Bogard"
  ]
},{
  "_id": 239,
  "Book_name": "ASP.NET MVC 2 in Action",
  "writers": [
    "Jeffrey Palermo",
    "Ben Scheirman",
    "Jimmy Bogard",
    "Eric Hexter",
    "",
    "Matthew Hinze"
  ]
},{
  "_id": 240,
  "Book_name": "ASP.NET MVC 4 in Action",
  "writers": [
    "Jeffrey Palermo",
    "Jimmy Bogard",
    "Eric Hexter",
    "Matthew Hinze",
    "",
    "Jeremy Skinner"
  ]
},{
  "_id": 241,
  "Book_name": "EJB 3 in Action",
  "writers": [
    "Debu Panda",
    "Reza Rahman",
    "Derek Lane"
  ]
},{
  "_id": 242,
  "Book_name": "EJB 3 in Action, Second Edition",
  "writers": [
    "Debu Panda",
    "Reza Rahman",
    "Ryan Cuprak",
    "",
    "Michael Remijan"
  ]
},{
  "_id": 243,
  "Book_name": "Explorer's Guide to the Semantic Web",
  "writers": [
    "Thomas B. Passin"
  ]
},{
  "_id": 244,
  "Book_name": "Practical LotusScript",
  "writers": [
    "Anthony Patton"
  ]
},{
  "_id": 245,
  "Book_name": "Domino Development with Java",
  "writers": [
    "Anthony Patton"
  ]
},{
  "_id": 246,
  "Book_name": "Windows PowerShell in Action",
  "writers": [
    "Bruce Payette"
  ]
},{
  "_id": 247,
  "Book_name": "Windows PowerShell in Action, Second Edition",
  "writers": [
    "Bruce Payette"
  ]
},{
  "_id": 248,
  "Book_name": "Silverlight 4 in Action, Revised Edition",
  "writers": [
    "Pete Brown"
  ]
},{
  "_id": 249,
  "Book_name": "Silverlight 5 in Action",
  "writers": [
    "Pete Brown"
  ]
},{
  "_id": 250,
  "Book_name": "Hibernate Quickly",
  "writers": [
    "Patrick Peak",
    "Nick Heudecker"
  ]
},{
  "_id": 251,
  "Book_name": "Generative Art",
  "writers": [
    "Matt Pearson"
  ]
},{
  "_id": 252,
  "Book_name": "Windows Phone 7 in Action",
  "writers": [
    "Timothy Binkley-Jones",
    "Massimo Perga",
    "",
    "Michael Sync"
  ]
},{
  "_id": 253,
  "Book_name": "Lift in Action",
  "writers": [
    "Timothy Perrett"
  ]
},{
  "_id": 254,
  "Book_name": "Web Development with Apache and Perl",
  "writers": [
    "Theo Petersen"
  ]
},{
  "_id": 255,
  "Book_name": "Real-World Functional Programming",
  "writers": [
    "Tomas Petricek with Jon Skeet"
  ]
},{
  "_id": 256,
  "Book_name": "Machine Learning in Action",
  "writers": [
    "Peter Harrington"
  ]
},{
  "_id": 257,
  "Book_name": "Dependency Injection",
  "writers": [
    "Dhanji R. Prasanna"
  ]
},{
  "_id": 258,
  "Book_name": "Understanding Enterprise SOA",
  "writers": [
    "Eric Pulier and Hugh Taylor",
    "Foreword by Paul Gaffney"
  ]
},{
  "_id": 259,
  "Book_name": "Open-Source ESBs in Action",
  "writers": [
    "Tijs Rademakers",
    "Jos Dirksen"
  ]
},{
  "_id": 260,
  "Book_name": "Activiti in Action",
  "writers": [
    "Tijs Rademakers"
  ]
},{
  "_id": 261,
  "Book_name": "DSLs in Boo: Domain-Specific Languages in .NET",
  "writers": [
    "Oren Eini writing as Ayende Rahien"
  ]
},{
  "_id": 262,
  "Book_name": "JUnit Recipes",
  "writers": [
    "J. B. Rainsberger with contributions by Scott Stirling"
  ]
},{
  "_id": 263,
  "Book_name": "wxPython in Action",
  "writers": [
    "Noel Rappin",
    "Robin Dunn"
  ]
},{
  "_id": 264,
  "Book_name": "Clojure in Action",
  "writers": [
    "Amit Rathore"
  ]
},{
  "_id": 265,
  "Book_name": "Scala in Action",
  "writers": [
    "Nilanjan Raychaudhuri"
  ]
},{
  "_id": 266,
  "Book_name": "Working with Objects",
  "writers": [
    "Trygve Reenskaug"
  ]
},{
  "_id": 267,
  "Book_name": "PHP in Action",
  "writers": [
    "Dagfinn Reiersøl with Marcus Baker",
    "Chris Shiflett"
  ]
},{
  "_id": 269,
  "Book_name": "Secrets of the JavaScript Ninja",
  "writers": [
    "John Resig"
  ]
},{
  "_id": 270,
  "Book_name": "Microsoft Office Essentials",
  "writers": [
    "Ronny Richardson"
  ]
},{
  "_id": 271,
  "Book_name": "Swing",
  "writers": [
    "Matthew Robinson",
    "Pavel Vorobiev"
  ]
},{
  "_id": 272,
  "Book_name": "Swing Second Edition",
  "writers": []
},{
  "_id": 273,
  "Book_name": "The Awesome Power of Java Beans",
  "writers": [
    "Lawrence H. Rodrigues"
  ]
},{
  "_id": 274,
  "Book_name": "Personal Videoconferencing",
  "writers": [
    "Evan Rosen"
  ]
},{
  "_id": 275,
  "Book_name": "The Cloud at Your Service",
  "writers": [
    "Jothy Rosenberg",
    "Arthur Mateos"
  ]
},{
  "_id": 276,
  "Book_name": "Implementing Elliptic Curve Cryptography",
  "writers": [
    "Michael Rosing"
  ]
},{
  "_id": 277,
  "Book_name": "SOA Patterns",
  "writers": [
    "Arnon Rotem-Gal-Oz"
  ]
},{
  "_id": 278,
  "Book_name": "Hello World!",
  "writers": [
    "Warren D. Sande",
    "Carter Sande"
  ]
},{
  "_id": 279,
  "Book_name": "SCBCD Exam Study Kit",
  "writers": [
    "Paul Sanghera"
  ]
},{
  "_id": 280,
  "Book_name": "Portlets in Action",
  "writers": [
    "Ashish Sarin"
  ]
},{
  "_id": 281,
  "Book_name": "SWT/JFace in Action",
  "writers": [
    "Matthew Scarpino",
    "Stephen Holder",
    "Stanford Ng",
    "",
    "Laurent Mihalkovic"
  ]
},{
  "_id": 282,
  "Book_name": "OpenCL in Action",
  "writers": [
    "Matthew Scarpino"
  ]
},{
  "_id": 283,
  "Book_name": "Multiprotocol over ATM",
  "writers": [
    "Andrew Schmidt",
    "Daniel Minoli"
  ]
},{
  "_id": 284,
  "Book_name": "Dependency Injection in .NET",
  "writers": [
    "Mark Seemann"
  ]
},{
  "_id": 285,
  "Book_name": "Java 3D Programming",
  "writers": [
    "Daniel Selman"
  ]
},{
  "_id": 286,
  "Book_name": "Liferay in Action",
  "writers": [
    "Richard Sezov",
    "Jr"
  ]
},{
  "_id": 287,
  "Book_name": "JSP Tag Libraries",
  "writers": [
    "Gal Shachor",
    "Adam Chace",
    "Magnus Rydin"
  ]
},{
  "_id": 289,
  "Book_name": "Instant Messaging in Java",
  "writers": [
    "Iain Shigeoka"
  ]
},{
  "_id": 290,
  "Book_name": "Java Applets and Channels Without Programming",
  "writers": [
    "Ronny Richardson",
    "Michael Shoffner",
    "Marq Singer",
    "Bruce Murray",
    "",
    "Jack Gambol"
  ]
},{
  "_id": 291,
  "Book_name": "PowerShell in Practice",
  "writers": [
    "Richard Siddaway"
  ]
},{
  "_id": 292,
  "Book_name": "PowerShell and WMI",
  "writers": [
    "Richard Siddaway"
  ]
},{
  "_id": 293,
  "Book_name": "Making Sense of Java",
  "writers": [
    "Bruce Simpson",
    "John Mitchell",
    "Brian Christeson",
    "Rehan Zaidi",
    "",
    "Jonathan Levine"
  ]
},{
  "_id": 294,
  "Book_name": "C++/CLI in Action",
  "writers": [
    "Nishant Sivakumar"
  ]
},{
  "_id": 295,
  "Book_name": "C# in Depth",
  "writers": [
    "Jon Skeet"
  ]
},{
  "_id": 296,
  "Book_name": "C# in Depth, Second Edition",
  "writers": [
    "Jon Skeet"
  ]
},{
  "_id": 297,
  "Book_name": "Magical A-Life Avatars",
  "writers": [
    "Peter Small"
  ]
},{
  "_id": 298,
  "Book_name": "Becoming Agile",
  "writers": [
    "Greg Smith",
    "Ahmed Sidky"
  ]
},{
  "_id": 299,
  "Book_name": "ActiveMQ in Action",
  "writers": [
    "Bruce Snyder",
    "Dejan Bosanac",
    "",
    "Rob Davies"
  ]
},{
  "_id": 300,
  "Book_name": "Implementing PeopleSoft Financials",
  "writers": [
    "Early Stephens"
  ]
},{
  "_id": 302,
  "Book_name": "SQL Server DMVs in Action",
  "writers": [
    "Ian W. Stirk"
  ]
},{
  "_id": 303,
  "Book_name": "Scala in Depth",
  "writers": [
    "Joshua D. Suereth"
  ]
},{
  "_id": 304,
  "Book_name": "JMX in Action",
  "writers": [
    "Benjamin G. Sullins",
    "Mark B. Whipple"
  ]
},{
  "_id": 305,
  "Book_name": "EJB Cookbook",
  "writers": [
    "Benjamin G. Sullins",
    "Mark B. Whipple"
  ]
},{
  "_id": 306,
  "Book_name": "GWT in Action, Second Edition",
  "writers": [
    "Adam Tacy",
    "Robert Hanson",
    "Jason Essington",
    "",
    "Anna Tökke"
  ]
},{
  "_id": 307,
  "Book_name": "JUnit in Action, Second Edition",
  "writers": [
    "Petar Tahchiev",
    "Felipe Leme",
    "Vincent Massol",
    "",
    "Gary Gregory"
  ]
},{
  "_id": 308,
  "Book_name": "Bitter Java",
  "writers": [
    "Bruce A. Tate"
  ]
},{
  "_id": 309,
  "Book_name": "Bitter EJB",
  "writers": [
    "Bruce Tate",
    "Mike Clark",
    "Bob Lee",
    "Patrick Linskey"
  ]
},{
  "_id": 310,
  "Book_name": "Spring Batch in Action",
  "writers": [
    "Arnaud Cogoluegnes",
    "Thierry Templier",
    "Gary Gregory",
    "Olivier Bazoud"
  ]
},{
  "_id": 312,
  "Book_name": "JDK 1.4 Tutorial",
  "writers": [
    "Gregory M. Travis"
  ]
},{
  "_id": 313,
  "Book_name": "iPhone and iPad in Action",
  "writers": [
    "Brandon Trebitowski",
    "Christopher Allen",
    "",
    "Shannon Appelcline"
  ]
},{
  "_id": 314,
  "Book_name": "SQL Server 2005 Reporting Services in Action",
  "writers": [
    "Bret Updegraff"
  ]
},{
  "_id": 315,
  "Book_name": "Ten Years of UserFriendly.Org",
  "writers": [
    "JD \"Illiad\" Frazer"
  ]
},{
  "_id": 316,
  "Book_name": "Graphics Programming with Perl",
  "writers": [
    "Martien Verbruggen"
  ]
},{
  "_id": 317,
  "Book_name": "RabbitMQ in Action",
  "writers": [
    "Alvaro Videla",
    "Jason J.W. Williams"
  ]
},{
  "_id": 318,
  "Book_name": "XDoclet in Action",
  "writers": [
    "Craig Walls",
    "Norman Richards"
  ]
},{
  "_id": 319,
  "Book_name": "Spring in Action",
  "writers": [
    "Craig Walls",
    "Ryan Breidenbach"
  ]
},{
  "_id": 320,
  "Book_name": "Spring in Action, Second Edition",
  "writers": [
    "Craig Walls with Ryan Breidenbach"
  ]
},{
  "_id": 321,
  "Book_name": "Spring in Action, Third Edition",
  "writers": [
    "Craig Walls"
  ]
},{
  "_id": 325,
  "Book_name": "Spring in Practice",
  "writers": [
    "Willie Wheeler with Joshua White"
  ]
},{
  "_id": 327,
  "Book_name": "Java 2 Micro Edition",
  "writers": [
    "James P. White",
    "David A. Hemphill"
  ]
},{
  "_id": 328,
  "Book_name": "SharePoint 2010 Workflows in Action",
  "writers": [
    "Phil Wicklund"
  ]
},{
  "_id": 329,
  "Book_name": "SharePoint 2010 Web Parts in Action",
  "writers": [
    "Wictor Wilén"
  ]
},{
  "_id": 330,
  "Book_name": "C++ Concurrency in Action",
  "writers": [
    "Anthony Williams"
  ]
},{
  "_id": 331,
  "Book_name": "Java Servlets by Example",
  "writers": [
    "Alan R. Williamson"
  ]
},{
  "_id": 332,
  "Book_name": "XML Programming with VB and ASP",
  "writers": [
    "Mark Wilson",
    "Tracey Wilson"
  ]
},{
  "_id": 334,
  "Book_name": "Oracle8i Database Administration",
  "writers": [
    "Noel Yuhanna"
  ]
},{
  "_id": 335,
  "Book_name": "The Engaging Web",
  "writers": [
    "Gabe Zichermann",
    "Chris Cunningham"
  ]
},{
  "_id": 512,
  "Book_name": "Enterprise OSGi In Action",
  "writers": [
    "Holly Cummins",
    "Timothy Ward"
  ]
},{
  "_id": 513,
  "Book_name": "Ext JS in Action, Second Edition",
  "writers": [
    "Jesus Garcia",
    "Grgur Grisogono",
    "",
    "Jacob K. Andresen"
  ]
},{
  "_id": 514,
  "Book_name": "Android in Action, Third Edition",
  "writers": [
    "W. Frank Ableson",
    "Robi Sen",
    "Chris King",
    "C. Enrique Ortiz"
  ]
},{
  "_id": 515,
  "Book_name": "Arduino in Action",
  "writers": [
    "Martin Evans",
    "Joshua Noble",
    "",
    "Jordan Hochenbaum"
  ]
},{
  "_id": 516,
  "Book_name": "Node.js in Action",
  "writers": [
    "Mike Cantelon",
    "Marc Harter",
    "T.J. Holowaychuk",
    "",
    "Nathan Rajlich"
  ]
},{
  "_id": 517,
  "Book_name": "Third-Party JavaScript ",
  "writers": [
    "Ben Vinegar",
    "Anton Kovalyov"
  ]
},{
  "_id": 519,
  "Book_name": "Multimedia Computing",
  "writers": [
    "Matthew E. Hodges"
  ]
},{
  "_id": 520,
  "Book_name": "Web Development with JavaServer Pages",
  "writers": [
    "Duane K. Fields",
    "Mark A. Kolb"
  ]
},{
  "_id": 521,
  "Book_name": "Up to Speed with Swing",
  "writers": [
    "Steven J. Gutz"
  ]
},{
  "_id": 522,
  "Book_name": "Manager's Guide to Open Source",
  "writers": [
    "Maria Winslow"
  ]
},{
  "_id": 523,
  "Book_name": "Programming Web Services with Java",
  "writers": [
    "Ajamu A. Wesley"
  ]
},{
  "_id": 525,
  "Book_name": "TCP/IP Programming for OS/2",
  "writers": [
    "Steven J. Gutz"
  ]
},{
  "_id": 530,
  "Book_name": "Implementing SAP R/3, Second Edition",
  "writers": []
},{
  "_id": 531,
  "Book_name": "Implementing SAP R/3",
  "writers": []
},{
  "_id": 532,
  "Book_name": "Using C-Kermit: Communication Software",
  "writers": []
},{
  "_id": 533,
  "Book_name": "SCWCD Exam Study Kit",
  "writers": [
    "Hanumant Deshmukh",
    "Jignesh Malavia"
  ]
},{
  "_id": 549,
  "Book_name": "Unit Testing in C++",
  "writers": [
    "Bruce Trask",
    "Angel Roman"
  ]
},{
  "_id": 550,
  "Book_name": "Big Data",
  "writers": [
    "Nathan Marz",
    "James Warren"
  ]
},{
  "_id": 551,
  "Book_name": "CoffeeScript in Action",
  "writers": [
    "Patrick Lee"
  ]
},{
  "_id": 559,
  "Book_name": "SQL Server MVP Deep Dives, Volume 2",
  "writers": [
    "Kalen Delaney",
    "Louis Davidson",
    "Greg Low",
    "Brad McGehee",
    "Paul Nielsen",
    "Paul Randal",
    "",
    "Kimberly Tripp"
  ]
},{
  "_id": 560,
  "Book_name": "HTML5 in Action",
  "writers": [
    "Rob Crowther",
    "Joe Lennon",
    "Ash Blue",
    "",
    "Greg Wanish"
  ]
},{
  "_id": 562,
  "Book_name": "Java Persistence with Hibernate, Second Edition",
  "writers": [
    "Christian Bauer",
    "Gavin King",
    "",
    "Gary Gregory"
  ]
},{
  "_id": 566,
  "Book_name": "Hadoop in Practice",
  "writers": [
    "Alex Holmes"
  ]
},{
  "_id": 569,
  "Book_name": "HBase in Action",
  "writers": [
    "Nicholas Dimiduk",
    "Amandeep Khurana"
  ]
},{
  "_id": 571,
  "Book_name": "Flex Mobile in Action",
  "writers": [
    "Jonathan Campos"
  ]
},{
  "_id": 577,
  "Book_name": "HTML5 for .NET Developers",
  "writers": [
    "Jim Jackson",
    "II",
    "Ian Gilman"
  ]
},{
  "_id": 580,
  "Book_name": "50 Android Hacks",
  "writers": [
    "Carlos M. Sessa"
  ]
},{
  "_id": 591,
  "Book_name": "PowerShell in Depth",
  "writers": [
    "Don Jones",
    "Richard Siddaway",
    "",
    "Jeffery Hicks"
  ]
},{
  "_id": 599,
  "Book_name": "Augmented Reality Revealed",
  "writers": [
    "Robert A. Rice Jr."
  ]
},{
  "_id": 607,
  "Book_name": "Building Well-Structured JavaScript Applications",
  "writers": [
    "Julio C. Ody"
  ]
},{
  "_id": 611,
  "Book_name": "Linked Data",
  "writers": [
    "David Wood",
    "Marsha Zaidman",
    "Luke Ruth",
    "with Michael Hausenblas"
  ]
},{
  "_id": 620,
  "Book_name": "Mule in Action, Second Edition",
  "writers": [
    "David Dossot",
    "John D'Emic",
    "",
    "Victor Romero"
  ]
},{
  "_id": 624,
  "Book_name": "Single Page Web Applications",
  "writers": [
    "Michael S. Mikowski",
    "Josh C. Powell"
  ]
},{
  "_id": 628,
  "Book_name": "The Art of Unit Testing, Second Edition",
  "writers": [
    "Roy Osherove"
  ]
},{
  "_id": 629,
  "Book_name": "Play for Java",
  "writers": [
    "Nicolas Leroux",
    "Sietse de Kaper"
  ]
},{
  "_id": 631,
  "Book_name": "Hello World! Second Edition",
  "writers": [
    "Warren Sande",
    "Carter Sande"
  ]
},{
  "_id": 632,
  "Book_name": "Dart in Action",
  "writers": [
    "Chris Buckett"
  ]
},{
  "_id": 634,
  "Book_name": "Redis in Action",
  "writers": [
    "Josiah Carlson"
  ]
},{
  "_id": 636,
  "Book_name": "Using the TI-83 Plus/TI-84 Plus",
  "writers": [
    "Christopher R. Mitchell"
  ]
},{
  "_id": 637,
  "Book_name": "Neo4j in Action",
  "writers": [
    "Jonas Partner",
    "Aleksa Vukotic",
    "",
    "Nicki Watt"
  ]
},{
  "_id": 639,
  "Book_name": "Programming the TI-83 Plus/TI-84 Plus",
  "writers": [
    "Christopher R. Mitchell"
  ]
},{
  "_id": 640,
  "Book_name": "Functional Programming in Scala",
  "writers": [
    "Paul Chiusano",
    "Rúnar Bjarnason"
  ]
},{
  "_id": 641,
  "Book_name": "Play for Scala",
  "writers": [
    "Peter Hilton",
    "Erik Bakker",
    "",
    "Francisco Canedo"
  ]
},{
  "_id": 642,
  "Book_name": "Node.js in Practice",
  "writers": [
    "Alex Young",
    "Marc Harter"
  ]
},{
  "_id": 643,
  "Book_name": "SonarQube in Action",
  "writers": [
    "G. Ann Campbell",
    "Patroklos P. Papapetrou"
  ]
},{
  "_id": 644,
  "Book_name": "Windows Store App Development: C# and XAML",
  "writers": [
    "Peter M. Brown"
  ]
},{
  "_id": 645,
  "Book_name": "Learn Windows IIS in a Month of Lunches",
  "writers": [
    "Jason C. Helmick"
  ]
},{
  "_id": 646,
  "Book_name": "Mondrian in Action",
  "writers": [
    "William Back",
    "Nicholas Goodman",
    "",
    "Julian Hyde"
  ]
},{
  "_id": 648,
  "Book_name": "RabbitMQ in Depth",
  "writers": [
    "Gavin M. Roy"
  ]
},{
  "_id": 649,
  "Book_name": "Akka in Action",
  "writers": [
    "Raymond Roestenburg",
    "Rob Bakker",
    "Rob Williams",
    "Steven Haines"
  ]
},{
  "_id": 650,
  "Book_name": "Extending jQuery",
  "writers": [
    "Keith B. Wood"
  ]
},{
  "_id": 651,
  "Book_name": "OCA Java SE 7 Programmer I Certification Guide",
  "writers": [
    "Mala Gupta"
  ]
},{
  "_id": 652,
  "Book_name": "Kanban in Action",
  "writers": [
    "Marcus Hammarberg",
    "Joakim Sunden"
  ]
},{
  "_id": 653,
  "Book_name": "Solr in Action",
  "writers": [
    "Trey Grainger",
    "Timothy Potter"
  ]
},{
  "_id": 655,
  "Book_name": "Making Sense of NoSQL",
  "writers": [
    "Daniel G. McCreary",
    "Ann M. Kelly"
  ]
},{
  "_id": 656,
  "Book_name": "Jaguar Development with PowerBuilder 7",
  "writers": [
    "MIchael Barlotta"
  ]
},{
  "_id": 657,
  "Book_name": "Grails in Action, Second Edition",
  "writers": [
    "Glen Smith",
    "Peter Ledbrook"
  ]
},{
  "_id": 658,
  "Book_name": "Rails 4 in Action",
  "writers": [
    "Ryan Bigg",
    "Yehuda Katz",
    "and Steve Klabnik",
    ""
  ]
},{
  "_id": 659,
  "Book_name": "Learn Windows PowerShell in a Month of Lunches, Second Edition",
  "writers": [
    "Don Jones",
    "Jeffery D. Hicks"
  ]
},{
  "_id": 662,
  "Book_name": "AOP in .NET",
  "writers": [
    "Matthew D. Groves"
  ]
},{
  "_id": 663,
  "Book_name": "Learn PowerShell Toolmaking in a Month of Lunches",
  "writers": [
    "Don Jones",
    "Jeffery Hicks"
  ]
},{
  "_id": 664,
  "Book_name": "CMIS and Apache Chemistry in Action",
  "writers": [
    "Florian Müller",
    "Jay Brown",
    "Jeff Potts"
  ]
},{
  "_id": 667,
  "Book_name": "Action Guide (aka VB .NET)",
  "writers": [
    "Paul Messick"
  ]
},{
  "_id": 670,
  "Book_name": "Learn Active Directory Management in a Month of Lunches",
  "writers": [
    "Richard Siddaway"
  ]
},{
  "_id": 671,
  "Book_name": "Spring in Action, Fourth Edition",
  "writers": [
    "Craig Walls"
  ]
},{
  "_id": 672,
  "Book_name": "The Mikado Method",
  "writers": [
    "Ola Ellnestam",
    "Daniel Brolund"
  ]
},{
  "_id": 676,
  "Book_name": "The Responsive Web",
  "writers": [
    "Matthew Carver"
  ]
},{
  "_id": 677,
  "Book_name": "Fast ASP.NET Websites",
  "writers": [
    "Dean Alan Hume"
  ]
},{
  "_id": 678,
  "Book_name": "SBT in Action",
  "writers": [
    "Joshua Suereth",
    "Matthew Farwell"
  ]
},{
  "_id": 679,
  "Book_name": "PowerShell Deep Dives",
  "writers": [
    "Edited by Jeffery Hicks",
    "Richard Siddaway",
    "Oisin Grehan",
    "",
    "Aleksandar Nikolic"
  ]
},{
  "_id": 680,
  "Book_name": "Gradle in Action",
  "writers": [
    "Benjamin Muschko"
  ]
},{
  "_id": 681,
  "Book_name": "Scalatra in Action",
  "writers": [
    "Ivan Porto Carrero",
    "Ross A. Baker",
    "Dave Hrycyszyn",
    "Stefan Ollinger",
    "",
    "Jared Armstrong"
  ]
},{
  "_id": 683,
  "Book_name": "AngularJS in Action",
  "writers": [
    "Brian Ford",
    "Lukas Ruebbelke"
  ]
},{
  "_id": 684,
  "Book_name": "Software Development Metrics",
  "writers": [
    "David Nicolette"
  ]
},{
  "_id": 685,
  "Book_name": "F# Deep Dives",
  "writers": [
    "Tomas Petricek",
    "Phillip Trelford"
  ]
},{
  "_id": 686,
  "Book_name": "C# in Depth, Third Edition",
  "writers": [
    "Jon Skeet"
  ]
},{
  "_id": 688,
  "Book_name": "PostGIS in Action, Second Edition",
  "writers": [
    "Regina Obe",
    "Leo Hsu"
  ]
},{
  "_id": 689,
  "Book_name": "R in Action, Second Edition",
  "writers": [
    "Robert Kabacoff"
  ]
},{
  "_id": 691,
  "Book_name": "The Joy of Clojure, Second Edition",
  "writers": [
    "Michael Fogus",
    "Chris Houser"
  ]
},{
  "_id": 692,
  "Book_name": "iOS 7 in Action",
  "writers": [
    "Brendan G. Lim",
    "Martin Conte Mac Donell"
  ]
},{
  "_id": 693,
  "Book_name": "Hello App Inventor!",
  "writers": [
    "Paula Beer",
    "Carl Simmons"
  ]
},{
  "_id": 696,
  "Book_name": "Ember.js in Action",
  "writers": [
    "Joachim Haagen Skeie"
  ]
},{
  "_id": 697,
  "Book_name": "Netty in Action",
  "writers": [
    "Norman Maurer",
    "Courtney Robinson"
  ]
},{
  "_id": 699,
  "Book_name": "RavenDB in Action",
  "writers": [
    "Itamar Syn-Hershko"
  ]
},{
  "_id": 700,
  "Book_name": "OCP Java SE 7 Programmer II Certification Guide",
  "writers": [
    "Mala Gupta"
  ]
},{
  "_id": 702,
  "Book_name": "Backbone.js in Action",
  "writers": [
    "Samuel M. Breed",
    "Cole Krumbholz",
    "",
    "Phillip Whisenhunt"
  ]
},{
  "_id": 703,
  "Book_name": "Clojure in Action, Second Edition",
  "writers": [
    "Amit Rathore"
  ]
},{
  "_id": 706,
  "Book_name": "Practical Data Science with R",
  "writers": [
    "Nina Zumel",
    "John Mount"
  ]
},{
  "_id": 707,
  "Book_name": "Secrets of the JavaScript Ninja pBook upgrade",
  "writers": []
},{
  "_id": 711,
  "Book_name": "ArcGIS Web Development",
  "writers": [
    "Rene Rubalcava"
  ]
},{
  "_id": 712,
  "Book_name": "Elasticsearch in Action",
  "writers": [
    "Radu Gheorghe",
    "Matthew Lee Hinman"
  ]
},{
  "_id": 716,
  "Book_name": "Learn SCCM 2012 in a Month of Lunches",
  "writers": [
    "James Bannan"
  ]
},{
  "_id": 717,
  "Book_name": "Programming for Musicians and Digital Artists",
  "writers": [
    "Ajay Kapur",
    "Perry Cook",
    "Spencer Salazar",
    "",
    "Ge Wang"
  ]
},{
  "_id": 719,
  "Book_name": "BDD in Action",
  "writers": [
    "John F. Smart"
  ]
},{
  "_id": 723,
  "Book_name": "Windows Phone 8 in Action",
  "writers": [
    "Timothy Binkley-Jones",
    "Massimo Perga",
    "Michael Sync",
    "Adam Benoit"
  ]
},{
  "_id": 724,
  "Book_name": "Titanium Alloy in Action",
  "writers": [
    "Ricardo Alcocer"
  ]
},{
  "_id": 727,
  "Book_name": "Giraph in Action",
  "writers": [
    "Claudio Martella",
    "Roman Shaposhnik",
    "",
    "Dionysios Logothetis"
  ]
},{
  "_id": 728,
  "Book_name": "The Well-Grounded Rubyist, Second Edition",
  "writers": [
    "David A. Black"
  ]
},{
  "_id": 729,
  "Book_name": "Go in Action",
  "writers": [
    "Brian Ketelsen",
    "Erik St. Martin",
    "",
    "William Kennedy"
  ]
},{
  "_id": 731,
  "Book_name": "The Programmer's Guide to Apache Thrift ",
  "writers": [
    "Randy Abernethy"
  ]
},{
  "_id": 732,
  "Book_name": "Grokking Functional Programming",
  "writers": [
    "Aslam Khan"
  ]
},{
  "_id": 733,
  "Book_name": "CORS in Action",
  "writers": [
    "Monsur Hossain"
  ]
},{
  "_id": 736,
  "Book_name": "Reactive Design Patterns",
  "writers": [
    "Roland Kuhn",
    "Jamie Allen"
  ]
},{
  "_id": 740,
  "Book_name": "Storm Applied",
  "writers": [
    "Sean Allen",
    "Peter Pathirana",
    "",
    "Matthew Jankowski"
  ]
},{
  "_id": 743,
  "Book_name": "Real-World Machine Learning",
  "writers": [
    "Henrik Brink",
    "Joseph Richards"
  ]
},{
  "_id": 744,
  "Book_name": "jQuery UI in Action",
  "writers": [
    "Theodore J. (T.J.) VanToll III"
  ]
},{
  "_id": 746,
  "Book_name": "Web Components in Action",
  "writers": [
    "Chris Buckett"
  ]
},{
  "_id": 748,
  "Book_name": "JavaScript Application Design",
  "writers": [
    "Nicolas G. Bevacqua"
  ]
},{
  "_id": 749,
  "Book_name": "Git in Practice",
  "writers": [
    "Mike McQuaid"
  ]
},{
  "_id": 750,
  "Book_name": "Impala in Action",
  "writers": [
    "Richard L. Saltzer",
    "Istvan Szegedi"
  ]
},{
  "_id": 751,
  "Book_name": "Java 8 in Action",
  "writers": [
    "Raoul-Gabriel Urma",
    "Mario Fusco",
    "",
    "Alan Mycroft"
  ]
},{
  "_id": 753,
  "Book_name": "Elixir in Action",
  "writers": [
    "Saša Juric´"
  ]
},{
  "_id": 755,
  "Book_name": "MongoDB in Action, Second Edition",
  "writers": [
    "Kyle Banker",
    "Peter Bakkum",
    "Tim Hawkins",
    "Shaun Verch",
    "",
    "Douglas Garrett"
  ]
},{
  "_id": 757,
  "Book_name": "Getting MEAN with Mongo, Express, Angular, and Node",
  "writers": [
    "Simon Holmes"
  ]
},{
  "_id": 761,
  "Book_name": "jQuery in Action, Third Edition",
  "writers": [
    "Bear Bibeault",
    "Yehuda Katz",
    "",
    "Aurelio De Rosa"
  ]
},{
  "_id": 764,
  "Book_name": "D3.js in Action",
  "writers": [
    "Elijah Meeks"
  ]
},{
  "_id": 765,
  "Book_name": "Learn SQL Server Administration in a Month of Lunches",
  "writers": [
    "Don Jones"
  ]
},{
  "_id": 766,
  "Book_name": "Geoprocessing with Python",
  "writers": [
    "Chris Garrard"
  ]
},{
  "_id": 767,
  "Book_name": "Barcodes with iOS",
  "writers": [
    "Oliver Drobnik"
  ]
},{
  "_id": 771,
  "Book_name": "Chef in Action",
  "writers": [
    "Dimitri Aivaliotis"
  ]
},{
  "_id": 772,
  "Book_name": "Hadoop in Practice, Second Edition",
  "writers": [
    "Alex Holmes"
  ]
},{
  "_id": 774,
  "Book_name": "Oculus Rift in Action",
  "writers": [
    "Bradley Austin Davis",
    "Karen Bryla",
    "",
    "Alex Benton"
  ]
},{
  "_id": 776,
  "Book_name": "OpenStack in Action",
  "writers": [
    "Cody Bumgardner"
  ]
},{
  "_id": 777,
  "Book_name": "PowerShell in Depth, Second Edition",
  "writers": [
    "Don Jones",
    "Jeffery Hicks",
    "",
    "Richard Siddaway"
  ]
},{
  "_id": 785,
  "Book_name": "Practical Probabilistic Programming",
  "writers": [
    "Avi Pfeffer"
  ]
},{
  "_id": 786,
  "Book_name": "Unity in Action",
  "writers": [
    "Joseph Hocking"
  ]
},{
  "_id": 794,
  "Book_name": "Express.js in Action",
  "writers": [
    "Evan M. Hahn"
  ]
},{
  "_id": 795,
  "Book_name": "Learn Git in a Month of Lunches",
  "writers": [
    "Rick Umali"
  ]
},{
  "_id": 796,
  "Book_name": "Understanding SPAs",
  "writers": [
    "Emmit A. Scott",
    "Jr."
  ]
},{
  "_id": {
    "$oid": "53c2ae8528d75d572c06ad9d"
  },
  "Book_name": "XSLT Quickly",
  "writers": []
},{
  "_id": {
    "$oid": "53c2ae8528d75d572c06ad9e"
  },
  "Book_name": "Windows Forms Programming with C#",
  "writers": []
},{
  "_id": {
    "$oid": "53c2ae8528d75d572c06ad9f"
  },
  "Book_name": "Windows Forms in Action",
  "writers": []
},{
  "_id": {
    "$oid": "53c2ae8528d75d572c06ada0"
  },
  "Book_name": "Event Processing in Action",
  "writers": []
},{
  "_id": {
    "$oid": "53c2ae8528d75d572c06ada1"
  },
  "Book_name": "The Well-Grounded Java Developer",
  "writers": []
},{
  "_id": {
    "$oid": "53c2ae8528d75d572c06ada2"
  },
  "Book_name": "Objective-C Fundamentals",
  "writers": []
},{
  "_id": {
    "$oid": "53c2ae8528d75d572c06ada3"
  },
  "Book_name": "ADO.NET Programming",
  "writers": []
},{
  "_id": {
    "$oid": "53c2ae8528d75d572c06ada4"
  },
  "Book_name": "WPF in Action with Visual Studio 2008",
  "writers": []
},{
  "_id": {
    "$oid": "53c2ae8528d75d572c06ada5"
  },
  "Book_name": "Location-Aware Applications",
  "writers": []
},{
  "_id": {
    "$oid": "53c2ae8528d75d572c06ada6"
  },
  "Book_name": "Web Development with JavaServer Pages, Second Edition",
  "writers": []
},{
  "_id": {
    "$oid": "53c2ae8528d75d572c06ada7"
  },
  "Book_name": "IntelliJ IDEA in Action",
  "writers": []
},{
  "_id": {
    "$oid": "53c2ae8528d75d572c06ada8"
  },
  "Book_name": "Spring Integration in Action",
  "writers": []
},{
  "_id": {
    "$oid": "53c2ae8528d75d572c06ada9"
  },
  "Book_name": "The Joy of Clojure",
  "writers": []
},{
  "_id": {
    "$oid": "53c2ae8528d75d572c06adaa"
  },
  "Book_name": "Dynamic WAP Application Development",
  "writers": []
},{
  "_id": {
    "$oid": "53c2ae8528d75d572c06adab"
  },
  "Book_name": "IronPython in Action",
  "writers": []
},{
  "_id": {
    "$oid": "53c2ae8528d75d572c06adac"
  },
  "Book_name": "Art of Java Web Development",
  "writers": []
},{
  "_id": {
    "$oid": "53c2ae8528d75d572c06adad"
  },
  "Book_name": "Java Reflection in Action",
  "writers": []
},{
  "_id": {
    "$oid": "53c2ae8528d75d572c06adae"
  },
  "Book_name": "Programming Windows Server 2003",
  "writers": []
},{
  "_id": {
    "$oid": "53c2ae8528d75d572c06adaf"
  },
  "Book_name": "Struts Recipes",
  "writers": []
},{
  "_id": {
    "$oid": "53c2ae8528d75d572c06adb0"
  },
  "Book_name": "Hello! iOS Development",
  "writers": []
},{
  "_id": {
    "$oid": "53c2ae8528d75d572c06adb1"
  },
  "Book_name": "Jess in Action",
  "writers": []
},{
  "_id": {
    "$oid": "53c2ae8528d75d572c06adb2"
  },
  "Book_name": "Remote LAN Access",
  "writers": []
},{
  "_id": {
    "$oid": "53c2ae8528d75d572c06adb3"
  },
  "Book_name": "J2EE and XML Development",
  "writers": []
},{
  "_id": {
    "$oid": "53c2ae8528d75d572c06adb4"
  },
  "Book_name": "Eclipse in Action",
  "writers": []
},{
  "_id": {
    "$oid": "53c2ae8528d75d572c06adb5"
  },
  "Book_name": "ASP.NET AJAX in Action",
  "writers": []
},{
  "_id": {
    "$oid": "53c2ae8528d75d572c06adb6"
  },
  "Book_name": "Ext JS in Action",
  "writers": []
},{
  "_id": {
    "$oid": "53c2ae8528d75d572c06adb7"
  },
  "Book_name": "Sencha Touch in Action",
  "writers": []
},{
  "_id": {
    "$oid": "53c2ae8528d75d572c06adb8"
  },
  "Book_name": "DSLs in Action",
  "writers": []
},{
  "_id": {
    "$oid": "53c2ae8528d75d572c06adb9"
  },
  "Book_name": "Database Programming for Handheld Devices",
  "writers": []
},{
  "_id": {
    "$oid": "53c2ae8528d75d572c06adba"
  },
  "Book_name": "Jakarta Commons Online Bookshelf",
  "writers": []
},{
  "_id": {
    "$oid": "53c2ae8528d75d572c06adbb"
  },
  "Book_name": "Browsing with HttpClient",
  "writers": []
},{
  "_id": {
    "$oid": "53c2ae8528d75d572c06adbc"
  },
  "Book_name": "Codec: Encoders and Decoders",
  "writers": []
},{
  "_id": {
    "$oid": "614dc4a31196b3492e3230a3"
  }
},{
  "_id": {
    "$oid": "614dc4a31196b3492e3230a4"
  }
},{
  "_id": {
    "$oid": "614dc4a31196b3492e3230a5"
  }
},{
  "_id": {
    "$oid": "614dc4a31196b3492e3230a6"
  }
},{
  "_id": {
    "$oid": "614dc4a31196b3492e3230a7"
  }
},{
  "_id": {
    "$oid": "614dc4a31196b3492e3230a8"
  }
},{
  "_id": {
    "$oid": "614dc4a31196b3492e3230a9"
  }
},{
  "_id": {
    "$oid": "614dc4a31196b3492e3230aa"
  }
},{
  "_id": {
    "$oid": "614dc4a31196b3492e3230ab"
  }
},{
  "_id": {
    "$oid": "614dc4a31196b3492e3230ac"
  }
},{
  "_id": {
    "$oid": "614dc4a31196b3492e3230ad"
  }
},{
  "_id": {
    "$oid": "614dc4a31196b3492e3230ae"
  }
},{
  "_id": {
    "$oid": "614dc4a31196b3492e3230af"
  }
},{
  "_id": {
    "$oid": "614dc4a31196b3492e3230b0"
  }
},{
  "_id": {
    "$oid": "614dc4a31196b3492e3230b1"
  }
},{
  "_id": {
    "$oid": "614dc4a31196b3492e3230b2"
  }
},{
  "_id": {
    "$oid": "614dc4a31196b3492e3230b3"
  }
},{
  "_id": {
    "$oid": "614dc4a31196b3492e3230b4"
  }
},{
  "_id": {
    "$oid": "614dc4a31196b3492e3230b5"
  }
},{
  "_id": {
    "$oid": "614dc4a31196b3492e3230b6"
  }
},{
  "_id": {
    "$oid": "614dc4a31196b3492e3230b7"
  }
},{
  "_id": {
    "$oid": "614dc4a31196b3492e3230b8"
  }
},{
  "_id": {
    "$oid": "614dc4a31196b3492e3230b9"
  }
},{
  "_id": {
    "$oid": "614dc4a31196b3492e3230ba"
  }
},{
  "_id": {
    "$oid": "614dc4a31196b3492e3230bb"
  }
},{
  "_id": {
    "$oid": "614dc4a31196b3492e3230bc"
  }
},{
  "_id": {
    "$oid": "614dc4a31196b3492e3230bd"
  }
},{
  "_id": {
    "$oid": "614dc4a31196b3492e3230be"
  }
},{
  "_id": {
    "$oid": "614dc4a31196b3492e3230bf"
  }
},{
  "_id": {
    "$oid": "614dc4a31196b3492e3230c0"
  }
},{
  "_id": {
    "$oid": "614dc4a31196b3492e3230c1"
  }
},{
  "_id": {
    "$oid": "614dc4a31196b3492e3230c2"
  }
},{
  "_id": {
    "$oid": "614dc4a31196b3492e3230c3"
  }
},{
  "_id": {
    "$oid": "614dc4a31196b3492e3230c4"
  }
},{
  "_id": {
    "$oid": "614dc4a31196b3492e3230c5"
  }
},{
  "_id": {
    "$oid": "614dc4a31196b3492e3230c6"
  }
},{
  "_id": {
    "$oid": "614dc4a31196b3492e3230c7"
  }
},{
  "_id": {
    "$oid": "614dc4a31196b3492e3230c8"
  }
},{
  "_id": {
    "$oid": "614dc4a31196b3492e3230c9"
  }
},{
  "_id": {
    "$oid": "614dc4a31196b3492e3230ca"
  }
},{
  "_id": {
    "$oid": "614dc4a31196b3492e3230cb"
  }
},{
  "_id": {
    "$oid": "614dc4a31196b3492e3230cc"
  }
},{
  "_id": {
    "$oid": "614dc4a31196b3492e3230cd"
  }
},{
  "_id": {
    "$oid": "614dc4a31196b3492e3230ce"
  }
},{
  "_id": {
    "$oid": "614dc4a31196b3492e3230cf"
  }
},{
  "_id": {
    "$oid": "614dc4a31196b3492e3230d0"
  }
},{
  "_id": {
    "$oid": "614dc4a31196b3492e3230d1"
  }
},{
  "_id": {
    "$oid": "614dc4a31196b3492e3230d2"
  }
},{
  "_id": {
    "$oid": "614dc4a31196b3492e3230d3"
  }
},{
  "_id": {
    "$oid": "614dc4a31196b3492e3230d4"
  }
},{
  "_id": {
    "$oid": "614dc4a31196b3492e3230d5"
  }
},{
  "_id": {
    "$oid": "614dc4a31196b3492e3230d6"
  }
},{
  "_id": {
    "$oid": "614dc4a31196b3492e3230d7"
  }
},{
  "_id": {
    "$oid": "614dc4a31196b3492e3230d8"
  }
},{
  "_id": {
    "$oid": "614dc4a31196b3492e3230d9"
  }
},{
  "_id": {
    "$oid": "614dc4a31196b3492e3230da"
  }
},{
  "_id": {
    "$oid": "614dc4a31196b3492e3230db"
  }
},{
  "_id": {
    "$oid": "614dc4a31196b3492e3230dc"
  }
},{
  "_id": {
    "$oid": "614dc4a31196b3492e3230dd"
  }
},{
  "_id": {
    "$oid": "614dc4a31196b3492e3230de"
  }
},{
  "_id": {
    "$oid": "614dc4a31196b3492e3230df"
  }
},{
  "_id": {
    "$oid": "614dc4a31196b3492e3230e0"
  }
},{
  "_id": {
    "$oid": "614dc4a31196b3492e3230e1"
  }
},{
  "_id": {
    "$oid": "614dc4a31196b3492e3230e2"
  }
},{
  "_id": {
    "$oid": "614dc4a31196b3492e3230e3"
  }
},{
  "_id": {
    "$oid": "614dc4a31196b3492e3230e4"
  }
},{
  "_id": {
    "$oid": "614dc4a31196b3492e3230e5"
  }
},{
  "_id": {
    "$oid": "614dc4a31196b3492e3230e6"
  }
},{
  "_id": {
    "$oid": "614dc4a31196b3492e3230e7"
  }
},{
  "_id": {
    "$oid": "614dc4a31196b3492e3230e8"
  }
},{
  "_id": {
    "$oid": "614dc4a31196b3492e3230e9"
  }
},{
  "_id": {
    "$oid": "614dc4a31196b3492e3230ea"
  }
},{
  "_id": {
    "$oid": "614dc4a31196b3492e3230eb"
  }
},{
  "_id": {
    "$oid": "614dc4a31196b3492e3230ec"
  }
},{
  "_id": {
    "$oid": "614dc4a31196b3492e3230ed"
  }
},{
  "_id": {
    "$oid": "614dc4a31196b3492e3230ee"
  }
},{
  "_id": {
    "$oid": "614dc4a31196b3492e3230ef"
  }
},{
  "_id": {
    "$oid": "614dc4a31196b3492e3230f0"
  }
},{
  "_id": {
    "$oid": "614dc4a31196b3492e3230f1"
  }
},{
  "_id": {
    "$oid": "614dc4a31196b3492e3230f2"
  }
},{
  "_id": {
    "$oid": "614dc4a31196b3492e3230f3"
  }
},{
  "_id": {
    "$oid": "614dc4a31196b3492e3230f4"
  }
},{
  "_id": {
    "$oid": "614dc4a31196b3492e3230f5"
  }
},{
  "_id": {
    "$oid": "614dc4a31196b3492e3230f6"
  }
},{
  "_id": {
    "$oid": "614dc4a31196b3492e3230f7"
  }
}]