[{
  "_id": "Steven Gutz",
  "books": 0
},{
  "_id": "Yehuda Katz",
  "books": 0
},{
  "_id": "Larry Meadors",
  "books": 0
},{
  "_id": "Eric Hexter",
  "books": 0
},{
  "_id": "MIchael Barlotta",
  "books": 0
},{
  "_id": "Tomas Petricek with Jon Skeet",
  "books": 0
},{
  "_id": "Ashish Sarin",
  "books": 0
},{
  "_id": "Dave Johnson",
  "books": 0
},{
  "_id": "Nathan Rajlich",
  "books": 0
},{
  "_id": "Joe Lennon",
  "books": 0
},{
  "_id": "Randy Abernethy",
  "books": 0
},{
  "_id": "Bruce A. Tate",
  "books": 0
},{
  "_id": "Jason R. Weiss",
  "books": 0
},{
  "_id": "Chris Buckett",
  "books": 0
},{
  "_id": "Greg Smith",
  "books": 0
},{
  "_id": "Michael Fogus",
  "books": 0
},{
  "_id": "Bear Bibeault with Tom Locke",
  "books": 0
},{
  "_id": "Clayton Donley",
  "books": 0
},{
  "_id": "Mike Cantelon",
  "books": 0
},{
  "_id": "Ahmed Sidky",
  "books": 0
},{
  "_id": "Patrick Linskey",
  "books": 0
},{
  "_id": "Tim Maher",
  "books": 0
},{
  "_id": "Ash Blue",
  "books": 0
},{
  "_id": "Jason C. Helmick",
  "books": 0
},{
  "_id": "Prakash Sankaran",
  "books": 0
},{
  "_id": "Tim Hatton",
  "books": 0
},{
  "_id": "Stefan Hepper",
  "books": 0
},{
  "_id": "Brendan G. Lim",
  "books": 0
},{
  "_id": "Douglas Garrett",
  "books": 0
},{
  "_id": "Gabe Zichermann",
  "books": 0
},{
  "_id": "Nick Swan",
  "books": 0
},{
  "_id": "Chris King",
  "books": 0
},{
  "_id": "Eelco Hillenius",
  "books": 0
},{
  "_id": "Arnon Rotem-Gal-Oz",
  "books": 0
},{
  "_id": "Raymond Roestenburg",
  "books": 0
},{
  "_id": "Edited by Jeffery Hicks",
  "books": 0
},{
  "_id": "Brett Lonsdale",
  "books": 0
},{
  "_id": "Bruce Murray",
  "books": 0
},{
  "_id": "Robin Dunn",
  "books": 0
},{
  "_id": "JD \"Illiad\" Frazer",
  "books": 0
},{
  "_id": "Ashley Atkins",
  "books": 0
},{
  "_id": "Andy Piper",
  "books": 0
},{
  "_id": "John Mount",
  "books": 0
},{
  "_id": "Yvonne M. Harryman",
  "books": 0
},{
  "_id": "Brendan G. Lim with Jerry Cheung",
  "books": 0
},{
  "_id": "Richard Siddaway",
  "books": 0
},{
  "_id": "Norman Maurer",
  "books": 0
},{
  "_id": "Timothy D. Korson",
  "books": 0
},{
  "_id": "Michael Rosing",
  "books": 0
},{
  "_id": "Rod Colledge",
  "books": 0
},{
  "_id": "Pavel Vorobiev",
  "books": 0
},{
  "_id": "Bob Lee",
  "books": 0
},{
  "_id": "John Stockton",
  "books": 0
},{
  "_id": "Warren Sande",
  "books": 0
},{
  "_id": "Matthew Hinze",
  "books": 0
},{
  "_id": "James P. Gray",
  "books": 0
},{
  "_id": "Joe McGinn",
  "books": 0
},{
  "_id": "Bret Updegraff",
  "books": 0
},{
  "_id": "Kenneth A. Kousen",
  "books": 0
},{
  "_id": "Francisco Canedo",
  "books": 0
},{
  "_id": "Kito D. Mann",
  "books": 0
},{
  "_id": "Robert Chapman",
  "books": 0
},{
  "_id": "Henrik Brink",
  "books": 0
},{
  "_id": "Eric Merritt",
  "books": 0
},{
  "_id": "Guillaume Laforge",
  "books": 0
},{
  "_id": "Howard M. Lewis Ship",
  "books": 0
},{
  "_id": "Michael J. Barlotta",
  "books": 0
},{
  "_id": "George Franciscus",
  "books": 0
},{
  "_id": "Ben Scheirman",
  "books": 0
},{
  "_id": "Emmit A. Scott",
  "books": 0
},{
  "_id": "Ted Lewis",
  "books": 0
},{
  "_id": "Norris P. Smith",
  "books": 0
},{
  "_id": "Wictor Wilén",
  "books": 0
},{
  "_id": "Richard Brooks",
  "books": 0
},{
  "_id": "Jonathan Anstey",
  "books": 0
},{
  "_id": "Oliver Drobnik",
  "books": 0
},{
  "_id": "Alexandre de Castro Alves",
  "books": 0
},{
  "_id": "Grant S. Ingersoll",
  "books": 0
},{
  "_id": "Dave Crane",
  "books": 0
},{
  "_id": "Chris Cunningham",
  "books": 0
},{
  "_id": "Jim Jackson",
  "books": 0
},{
  "_id": "William R. Cockayne and Michael Zyda",
  "books": 0
},{
  "_id": "Jason Bock",
  "books": 0
},{
  "_id": "Kevin Hazzard",
  "books": 0
},{
  "_id": "Timothy Potter",
  "books": 0
},{
  "_id": "Nick Lo",
  "books": 0
},{
  "_id": "Jos Dirksen",
  "books": 0
},{
  "_id": "Gojko Adzic",
  "books": 0
},{
  "_id": "Robert A. Rice Jr.",
  "books": 0
},{
  "_id": "Norman Klein",
  "books": 0
},{
  "_id": "Holly Cummins",
  "books": 0
},{
  "_id": "John Griffin",
  "books": 0
},{
  "_id": "Erik Pragt",
  "books": 0
},{
  "_id": "Amanda Laucher",
  "books": 0
},{
  "_id": "Julian Hyde",
  "books": 0
},{
  "_id": "Adam Benoit",
  "books": 0
},{
  "_id": "Bruno Lowagie",
  "books": 0
},{
  "_id": "Charlie Collins",
  "books": 0
},{
  "_id": "Bear P. Cahill",
  "books": 0
},{
  "_id": "Harold Lorin",
  "books": 0
},{
  "_id": "Gal Shachor",
  "books": 0
},{
  "_id": "Joseph Richards",
  "books": 0
},{
  "_id": "Early Stephens",
  "books": 0
},{
  "_id": "Jeffrey Machols",
  "books": 0
},{
  "_id": "Anthony Patton",
  "books": 0
},{
  "_id": "Spencer Salazar",
  "books": 0
},{
  "_id": "Oisin Grehan",
  "books": 0
},{
  "_id": "David Dossot",
  "books": 0
},{
  "_id": "Mario Fusco",
  "books": 0
},{
  "_id": "Jack Herrington",
  "books": 0
},{
  "_id": "Hamlet D'Arcy",
  "books": 0
},{
  "_id": "Arthur Mateos",
  "books": 0
},{
  "_id": "Rene Rubalcava",
  "books": 0
},{
  "_id": "Steve Eichert",
  "books": 0
},{
  "_id": "Marcus Hammarberg",
  "books": 0
},{
  "_id": "Rehan Zaidi",
  "books": 0
},{
  "_id": "Joshua Suereth",
  "books": 0
},{
  "_id": "Hanumant Deshmukh",
  "books": 0
},{
  "_id": "Robi Sen",
  "books": 0
},{
  "_id": "Craig Walls with Ryan Breidenbach",
  "books": 0
},{
  "_id": "Erik Hatcher",
  "books": 0
},{
  "_id": "Angel Roman",
  "books": 0
},{
  "_id": "Ryan Bigg",
  "books": 0
},{
  "_id": "John Resig",
  "books": 0
},{
  "_id": "Alex Holmes",
  "books": 0
},{
  "_id": "Patroklos P. Papapetrou",
  "books": 0
},{
  "_id": "Raoul-Gabriel Urma",
  "books": 0
},{
  "_id": "C. Wayne Brown",
  "books": 0
},{
  "_id": "Erik Keller",
  "books": 0
},{
  "_id": "Isidor Rivera",
  "books": 0
},{
  "_id": "Sietse de Kaper",
  "books": 0
},{
  "_id": "Vlad Landres",
  "books": 0
},{
  "_id": "with Michael Hausenblas",
  "books": 0
},{
  "_id": "Michael D. Galpin",
  "books": 0
},{
  "_id": "Evan M. Hahn",
  "books": 0
},{
  "_id": "Shawn Bayern",
  "books": 0
},{
  "_id": "Ted Neward",
  "books": 0
},{
  "_id": "Raymond Feng",
  "books": 0
},{
  "_id": "Dean Alan Hume",
  "books": 0
},{
  "_id": "Derek Lane",
  "books": 0
},{
  "_id": "Ola Ellnestam",
  "books": 0
},{
  "_id": "Chad Michael Davis",
  "books": 0
},{
  "_id": "Fergal Grimes",
  "books": 0
},{
  "_id": "Jeremy Anderson",
  "books": 0
},{
  "_id": "Edited by Paul Nielsen",
  "books": 0
},{
  "_id": "Adam Machanic",
  "books": 0
},{
  "_id": "Douglas W. Bennett",
  "books": 0
},{
  "_id": "Christian Crumlish",
  "books": 0
},{
  "_id": "Jr",
  "books": 0
},{
  "_id": "John Mitchell",
  "books": 0
},{
  "_id": "Jason J.W. Williams",
  "books": 0
},{
  "_id": "Paula Beer",
  "books": 0
},{
  "_id": "Michael McCandless",
  "books": 0
},{
  "_id": "G. Ann Campbell",
  "books": 0
},{
  "_id": "Aleksa Vukotic",
  "books": 0
},{
  "_id": "Nicholas Dimiduk",
  "books": 0
},{
  "_id": "and Steve Klabnik",
  "books": 0
},{
  "_id": "Iain Shigeoka",
  "books": 0
},{
  "_id": "Foreword by Paul Gaffney",
  "books": 0
},{
  "_id": "Bruce Snyder",
  "books": 0
},{
  "_id": "Kermit Project at Columbia University",
  "books": 0
},{
  "_id": "Jim Wooley",
  "books": 0
},{
  "_id": "Galina",
  "books": 0
},{
  "_id": "C. Enrique Ortiz",
  "books": 0
},{
  "_id": "Eric Pascarello with Darren James",
  "books": 0
},{
  "_id": "Richard Carlsson",
  "books": 0
},{
  "_id": "Bear Bibeault",
  "books": 0
},{
  "_id": "Daniele Bochicchio",
  "books": 0
},{
  "_id": "Daniel Minoli",
  "books": 0
},{
  "_id": "Saša Juric´",
  "books": 0
},{
  "_id": "Sam Ahn",
  "books": 0
},{
  "_id": "Prasad A. Chodavarapu",
  "books": 0
},{
  "_id": "Phil Wicklund",
  "books": 0
},{
  "_id": "William Kennedy",
  "books": 0
},{
  "_id": "Richard S. Hall",
  "books": 0
},{
  "_id": "Daniel G. McCreary",
  "books": 0
},{
  "_id": "Robin Anil",
  "books": 0
},{
  "_id": "Arnaud Cogoluegnes",
  "books": 0
},{
  "_id": "Rob Crowther",
  "books": 0
},{
  "_id": "Matthew Scarpino",
  "books": 0
},{
  "_id": "Steven J. Gutz",
  "books": 0
},{
  "_id": "Joshua D. Suereth",
  "books": 0
},{
  "_id": "Jesus Garcia",
  "books": 0
},{
  "_id": "Greg Wanish",
  "books": 0
},{
  "_id": "Elijah Meeks",
  "books": 0
},{
  "_id": "Jignesh Malavia",
  "books": 0
},{
  "_id": "Rob Allen",
  "books": 0
},{
  "_id": "Anthony Briggs",
  "books": 0
},{
  "_id": "Michael Sync",
  "books": 0
},{
  "_id": "Paul King",
  "books": 0
},{
  "_id": "Evan Rosen",
  "books": 0
},{
  "_id": "Warren D. Sande",
  "books": 0
},{
  "_id": "Samuel M. Breed",
  "books": 0
},{
  "_id": "Jr.",
  "books": 0
},{
  "_id": "Aleksandar Nikolic",
  "books": 0
},{
  "_id": "Chris Hay",
  "books": 0
},{
  "_id": "Simon Morris",
  "books": 0
},{
  "_id": "Joey Lott",
  "books": 0
},{
  "_id": "Richard Sezov",
  "books": 0
},{
  "_id": "Patrick Lightbody",
  "books": 0
},{
  "_id": "Naomi R. Ceder",
  "books": 0
},{
  "_id": "Michael Barlotta",
  "books": 0
},{
  "_id": "Kevin O'Malley",
  "books": 0
},{
  "_id": "Pete Brown",
  "books": 0
},{
  "_id": "Stephen Holder",
  "books": 0
},{
  "_id": "Dejan Bosanac",
  "books": 0
},{
  "_id": "Victor Romero",
  "books": 0
},{
  "_id": "Courtney Robinson",
  "books": 0
},{
  "_id": "Martijn Dashorst",
  "books": 0
},{
  "_id": "Matthew Jankowski",
  "books": 0
},{
  "_id": "Nilanjan Raychaudhuri",
  "books": 0
},{
  "_id": "Faisal Abid",
  "books": 0
},{
  "_id": "Steven Brown",
  "books": 0
},{
  "_id": "Adam Tacy",
  "books": 0
},{
  "_id": "Bruce Trask",
  "books": 0
},{
  "_id": "Matthew D. Groves",
  "books": 0
},{
  "_id": "Jeremy Skinner",
  "books": 0
},{
  "_id": "Robert I. Kabacoff",
  "books": 0
},{
  "_id": "Andres Almiray",
  "books": 0
},{
  "_id": "Glen Smith",
  "books": 0
},{
  "_id": "Ramarao Kanneganti",
  "books": 0
},{
  "_id": "Chris A. Mattmann",
  "books": 0
},{
  "_id": "Regina Obe",
  "books": 0
},{
  "_id": "Eric Pulier and Hugh Taylor",
  "books": 0
},{
  "_id": "Theo Petersen",
  "books": 0
},{
  "_id": "Thierry Templier",
  "books": 0
},{
  "_id": "Regina O. Obe",
  "books": 0
},{
  "_id": "Stephan Hesmer",
  "books": 0
},{
  "_id": "Jeff Potts",
  "books": 0
},{
  "_id": "Carlos M. Sessa",
  "books": 0
},{
  "_id": "Stephen C. Drye",
  "books": 0
},{
  "_id": "Lukas Ruebbelke",
  "books": 0
},{
  "_id": "Erik St. Martin",
  "books": 0
},{
  "_id": "Compiled",
  "books": 0
},{
  "_id": "Peter Armstrong",
  "books": 0
},{
  "_id": "Haleh Mahbod",
  "books": 0
},{
  "_id": "Gary Scott Malkin",
  "books": 0
},{
  "_id": "Stefano Mostarda",
  "books": 0
},{
  "_id": "Alan Dennis",
  "books": 0
},{
  "_id": "Rúnar Bjarnason",
  "books": 0
},{
  "_id": "Martin Evans",
  "books": 0
},{
  "_id": "Brian Christeson",
  "books": 0
},{
  "_id": "Radu Gheorghe",
  "books": 0
},{
  "_id": "Chris Garrard",
  "books": 0
},{
  "_id": "Merlin Hughes",
  "books": 0
},{
  "_id": "Peter Johnson",
  "books": 0
},{
  "_id": "Massimo Perga",
  "books": 0
},{
  "_id": "Peter Harrington",
  "books": 0
},{
  "_id": "Nina Zumel",
  "books": 0
},{
  "_id": "Daniel C. Lynch",
  "books": 0
},{
  "_id": "Marq Singer",
  "books": 0
},{
  "_id": "Dimitri Aivaliotis",
  "books": 0
},{
  "_id": "David A. Black",
  "books": 0
},{
  "_id": "and Edward Rabinovitch",
  "books": 0
},{
  "_id": "Andrew Schmidt",
  "books": 0
},{
  "_id": "Thomas S. Morton",
  "books": 0
},{
  "_id": "Andrew L. Johnson",
  "books": 0
},{
  "_id": "Ryan Cuprak",
  "books": 0
},{
  "_id": "James Shingler",
  "books": 0
},{
  "_id": "Tim Hawkins",
  "books": 0
},{
  "_id": "Rick Umali",
  "books": 0
},{
  "_id": "David A. Hemphill",
  "books": 0
},{
  "_id": "Jon Skeet",
  "books": 0
},{
  "_id": "T.J. Holowaychuk",
  "books": 0
},{
  "_id": "Leo Hsu",
  "books": 0
},{
  "_id": "Martin Conte Mac Donell",
  "books": 0
},{
  "_id": "Alex Young",
  "books": 0
},{
  "_id": "Claudio Martella",
  "books": 0
},{
  "_id": "Avi Pfeffer",
  "books": 0
},{
  "_id": "Christian Bauer",
  "books": 0
},{
  "_id": "Robert Cooper",
  "books": 0
},{
  "_id": "friends",
  "books": 0
},{
  "_id": "Donald Brown",
  "books": 0
},{
  "_id": "Greg Low",
  "books": 0
},{
  "_id": "Teo Lachev",
  "books": 0
},{
  "_id": "Jothy Rosenberg",
  "books": 0
},{
  "_id": "Ryan Breidenbach",
  "books": 0
},{
  "_id": "Carl Simmons",
  "books": 0
},{
  "_id": "Ajamu A. Wesley",
  "books": 0
},{
  "_id": "Joshua Noble",
  "books": 0
},{
  "_id": "Adele Goldberg",
  "books": 0
},{
  "_id": "John C. Bland II",
  "books": 0
},{
  "_id": "Peter J. Kovach",
  "books": 0
},{
  "_id": "Kimberly L. Tripp",
  "books": 0
},{
  "_id": "Robert Hanson",
  "books": 0
},{
  "_id": "Ted Dunning",
  "books": 0
},{
  "_id": "Ian W. Stirk",
  "books": 0
},{
  "_id": "Josiah Carlson",
  "books": 0
},{
  "_id": "Jeffrey Palermo",
  "books": 0
},{
  "_id": "Paul Chiusano",
  "books": 0
},{
  "_id": "Keith B. Wood",
  "books": 0
},{
  "_id": "Thomas B. Passin",
  "books": 0
},{
  "_id": "Brian Ford",
  "books": 0
},{
  "_id": "Mike McQuaid",
  "books": 0
},{
  "_id": "Shaun Verch",
  "books": 0
},{
  "_id": "Otis Gospodnetic",
  "books": 0
},{
  "_id": "David Winterfeldt",
  "books": 0
},{
  "_id": "Karen Bryla",
  "books": 0
},{
  "_id": "Kyle Lussier",
  "books": 0
},{
  "_id": "Rob Bakker",
  "books": 0
},{
  "_id": "Chris Eppstein",
  "books": 0
},{
  "_id": "Wynn Netherland",
  "books": 0
},{
  "_id": "Brandon Mathis",
  "books": 0
},{
  "_id": "Dionysios Logothetis",
  "books": 0
},{
  "_id": "Mark Combellack",
  "books": 0
},{
  "_id": "Derek Hamner",
  "books": 0
},{
  "_id": "Jeremy McAnally",
  "books": 0
},{
  "_id": "Debu Panda",
  "books": 0
},{
  "_id": "Sean Allen",
  "books": 0
},{
  "_id": "Dave Hrycyszyn",
  "books": 0
},{
  "_id": "Louis Davidson",
  "books": 0
},{
  "_id": "Brian H. Prince",
  "books": 0
},{
  "_id": "John F. Smart",
  "books": 0
},{
  "_id": "Brian Ketelsen",
  "books": 0
},{
  "_id": "Dierk Koenig with Andrew Glover",
  "books": 0
},{
  "_id": "Bruce Tate",
  "books": 0
},{
  "_id": "Simon Cozens",
  "books": 0
},{
  "_id": "Jonathan Levine",
  "books": 0
},{
  "_id": "Amandeep Khurana",
  "books": 0
},{
  "_id": "Michael S. Mikowski",
  "books": 0
},{
  "_id": "William C. Wake",
  "books": 0
},{
  "_id": "Tracey Wilson",
  "books": 0
},{
  "_id": "Joe Walker",
  "books": 0
},{
  "_id": "Jason Essington",
  "books": 0
},{
  "_id": "Paul Sanghera",
  "books": 0
},{
  "_id": "Jonas Partner",
  "books": 0
},{
  "_id": "Peter Bakkum",
  "books": 0
},{
  "_id": "Damian Conway",
  "books": 0
},{
  "_id": "Nathan Weizenbaum",
  "books": 0
},{
  "_id": "Timothy Ward",
  "books": 0
},{
  "_id": "Norman Richards",
  "books": 0
},{
  "_id": "J. B. Rainsberger with contributions by Scott Stirling",
  "books": 0
},{
  "_id": "Grgur Grisogono",
  "books": 0
},{
  "_id": "Chad A. Campbell",
  "books": 0
},{
  "_id": "Jay Brown",
  "books": 0
},{
  "_id": "Satnam Alag",
  "books": 0
},{
  "_id": "Javid Jamae",
  "books": 0
},{
  "_id": "Fabrice Marguerie",
  "books": 0
},{
  "_id": "Contributions from 53 SQL Server MVPs; Edited by Paul Nielsen",
  "books": 0
},{
  "_id": "Jimmy Bogard",
  "books": 0
},{
  "_id": "Steven Haines",
  "books": 0
},{
  "_id": "Joakim Sunden",
  "books": 0
},{
  "_id": "Joseph Hocking",
  "books": 0
},{
  "_id": "Mike Clark",
  "books": 0
},{
  "_id": "Paul Messick",
  "books": 0
},{
  "_id": "Qusay H. Mahmoud",
  "books": 0
},{
  "_id": "Noel Yuhanna",
  "books": 0
},{
  "_id": "Martien Verbruggen",
  "books": 0
},{
  "_id": "Matthew Farwell",
  "books": 0
},{
  "_id": "Ge Wang",
  "books": 0
},{
  "_id": "Pierre Henri Kuate",
  "books": 0
},{
  "_id": "Robert Kabacoff",
  "books": 0
},{
  "_id": "Ellen Friedman",
  "books": 0
},{
  "_id": "Thierry Boileau",
  "books": 0
},{
  "_id": "James Bannan",
  "books": 0
},{
  "_id": "Barry J. Shepherd",
  "books": 0
},{
  "_id": "Cole Krumbholz",
  "books": 0
},{
  "_id": "Alan R. Williamson",
  "books": 0
},{
  "_id": "Jerome Louvel",
  "books": 0
},{
  "_id": "Roy Osherove",
  "books": 0
},{
  "_id": "Peter M. Brown",
  "books": 0
},{
  "_id": "Mark Wilson",
  "books": 0
},{
  "_id": "Nicolas G. Bevacqua",
  "books": 0
},{
  "_id": "Stanford Ng",
  "books": 0
},{
  "_id": "Jordan Hochenbaum",
  "books": 0
},{
  "_id": "Max Carlson with Glenn MacEwen",
  "books": 0
},{
  "_id": "Felipe Leme",
  "books": 0
},{
  "_id": "Alvaro Videla",
  "books": 0
},{
  "_id": "II",
  "books": 0
},{
  "_id": "Ian Gilman",
  "books": 0
},{
  "_id": "Maria Winslow",
  "books": 0
},{
  "_id": "Roman Shaposhnik",
  "books": 0
},{
  "_id": "Kenneth P. Birman",
  "books": 0
},{
  "_id": "William Back",
  "books": 0
},{
  "_id": "Srini Penchikala",
  "books": 0
},{
  "_id": "Joel Hooks",
  "books": 0
},{
  "_id": "Paul A. Boag",
  "books": 0
},{
  "_id": "Michael Hüttermann",
  "books": 0
},{
  "_id": "Brandon Goodin",
  "books": 0
},{
  "_id": "Ken Rimple",
  "books": 0
},{
  "_id": "David Sean Taylor",
  "books": 0
},{
  "_id": "Philippe Mougin",
  "books": 0
},{
  "_id": "Jacob K. Andresen",
  "books": 0
},{
  "_id": "Roland Kuhn",
  "books": 0
},{
  "_id": "Sean Owen",
  "books": 0
},{
  "_id": "Martin Logan",
  "books": 0
},{
  "_id": "Kimberly Tripp",
  "books": 0
},{
  "_id": "Margaret M. Burnett",
  "books": 0
},{
  "_id": "Jamil Azher",
  "books": 0
},{
  "_id": "David Wood",
  "books": 0
},{
  "_id": "Kyle Baley",
  "books": 0
},{
  "_id": "Levi Asher",
  "books": 0
},{
  "_id": "Vikram Goyal",
  "books": 0
},{
  "_id": "Tariq Ahmed with Jon Hirschi",
  "books": 0
},{
  "_id": "Danno Ferrin",
  "books": 0
},{
  "_id": "Scott Stanlick",
  "books": 0
},{
  "_id": "John E. Grayson",
  "books": 0
},{
  "_id": "Shannon Appelcline",
  "books": 0
},{
  "_id": "Kyle Banker",
  "books": 0
},{
  "_id": "Karl Pauls",
  "books": 0
},{
  "_id": "Ajay Kapur",
  "books": 0
},{
  "_id": "Benjamin G. Sullins",
  "books": 0
},{
  "_id": "Trygve Reenskaug",
  "books": 0
},{
  "_id": "Benjamin L. Kovitz",
  "books": 0
},{
  "_id": "Phillip Trelford",
  "books": 0
},{
  "_id": "Josh C. Powell",
  "books": 0
},{
  "_id": "Contributions from 53 SQL Server MVPs",
  "books": 0
},{
  "_id": "Gavin King",
  "books": 0
},{
  "_id": "Brandon Trebitowski",
  "books": 0
},{
  "_id": "Dierk König",
  "books": 0
},{
  "_id": "Tariq Ahmed",
  "books": 0
},{
  "_id": "Timothy Binkley-Jones",
  "books": 0
},{
  "_id": "Haralambos Marmanis",
  "books": 0
},{
  "_id": "Patrick Lee",
  "books": 0
},{
  "_id": "Craig Berntson",
  "books": 0
},{
  "_id": "Ben Vinegar",
  "books": 0
},{
  "_id": "John D'Emic",
  "books": 0
},{
  "_id": "Paul Randal",
  "books": 0
},{
  "_id": "Ann M. Kelly",
  "books": 0
},{
  "_id": "Claus Ibsen",
  "books": 0
},{
  "_id": "Ramnivas Laddad",
  "books": 0
},{
  "_id": "Aslam Khan",
  "books": 0
},{
  "_id": "Jamie Allen",
  "books": 0
},{
  "_id": "Assaf Arkin",
  "books": 0
},{
  "_id": "Anton Kovalyov",
  "books": 0
},{
  "_id": "Simon Laws",
  "books": 0
},{
  "_id": "Amit Rathore",
  "books": 0
},{
  "_id": "Julio C. Ody",
  "books": 0
},{
  "_id": "Darren Neimke",
  "books": 0
},{
  "_id": "Bruce Simpson",
  "books": 0
},{
  "_id": "Marco De Sanctis",
  "books": 0
},{
  "_id": "Bernerd Allmon",
  "books": 0
},{
  "_id": "Daniel Selman",
  "books": 0
},{
  "_id": "Jocelyn Harrington",
  "books": 0
},{
  "_id": "Richard Jacob",
  "books": 0
},{
  "_id": "Gavin M. Roy",
  "books": 0
},{
  "_id": "Andrew L. Farris",
  "books": 0
},{
  "_id": "Jason Carreira",
  "books": 0
},{
  "_id": "David Nicolette",
  "books": 0
},{
  "_id": "Tomas Petricek",
  "books": 0
},{
  "_id": "Peter Pathirana",
  "books": 0
},{
  "_id": "Chris Gray",
  "books": 0
},{
  "_id": "Olivier Bazoud",
  "books": 0
},{
  "_id": "Benjamin Muschko",
  "books": 0
},{
  "_id": "Ivan Porto Carrero",
  "books": 0
},{
  "_id": "Paul Nielsen",
  "books": 0
},{
  "_id": "Matthew Carver",
  "books": 0
},{
  "_id": "Jord Sonneveld and Bear Bibeault with Ted Goddard",
  "books": 0
},{
  "_id": "Simon Nash",
  "books": 0
},{
  "_id": "Patrick Peak",
  "books": 0
},{
  "_id": "Richard Scott Mark",
  "books": 0
},{
  "_id": "Adam Chace",
  "books": 0
},{
  "_id": "Jack Gambol",
  "books": 0
},{
  "_id": "Petar Tahchiev",
  "books": 0
},{
  "_id": "W. Frank Ableson",
  "books": 0
},{
  "_id": "Bruce Payette",
  "books": 0
},{
  "_id": "Willie Wheeler with Joshua White",
  "books": 0
},{
  "_id": "Trey Grainger",
  "books": 0
},{
  "_id": "Mark A. Kolb",
  "books": 0
},{
  "_id": "Emmanuel Bernard",
  "books": 0
},{
  "_id": "Timothy Perrett",
  "books": 0
},{
  "_id": "Christopher R. Mitchell",
  "books": 0
},{
  "_id": "Reza Rahman",
  "books": 0
},{
  "_id": "Vincent Massol with Ted Husted",
  "books": 0
},{
  "_id": "Dhanji R. Prasanna",
  "books": 0
},{
  "_id": "David Cross",
  "books": 0
},{
  "_id": "Matthias Kaeppler",
  "books": 0
},{
  "_id": "Paul S. Randal",
  "books": 0
},{
  "_id": "introduced by Ted Lewis",
  "books": 0
},{
  "_id": "Marsha Zaidman",
  "books": 0
},{
  "_id": "Mark Seemann",
  "books": 0
},{
  "_id": "Kathryn Rotondo",
  "books": 0
},{
  "_id": "Nathan Marz",
  "books": 0
},{
  "_id": "Thomas W. Golway",
  "books": 0
},{
  "_id": "Erik Bakker",
  "books": 0
},{
  "_id": "Nishant Sivakumar",
  "books": 0
},{
  "_id": "James Warren",
  "books": 0
},{
  "_id": "Ricardo Alcocer",
  "books": 0
},{
  "_id": "Tony DeLia",
  "books": 0
},{
  "_id": "Dagfinn Reiersøl with Marcus Baker",
  "books": 0
},{
  "_id": "Matthew E. Hodges",
  "books": 0
},{
  "_id": "Peter Fischer",
  "books": 0
},{
  "_id": "Vikas Hazrati",
  "books": 0
},{
  "_id": "Chris Shiflett",
  "books": 0
},{
  "_id": "Matthew Lee Hinman",
  "books": 0
},{
  "_id": "Jon Barrilleaux",
  "books": 0
},{
  "_id": "Dan Orlando",
  "books": 0
},{
  "_id": "Tim Jenness",
  "books": 0
},{
  "_id": "Istvan Szegedi",
  "books": 0
},{
  "_id": "Dmitry Babenko",
  "books": 0
},{
  "_id": "Vijay K. Vaishnavi",
  "books": 0
},{
  "_id": "Charles Collins",
  "books": 0
},{
  "_id": "Nick Heudecker",
  "books": 0
},{
  "_id": "Gregory M. Travis",
  "books": 0
},{
  "_id": "Ross A. Baker",
  "books": 0
},{
  "_id": "Alex Benton",
  "books": 0
},{
  "_id": "Phillip Whisenhunt",
  "books": 0
},{
  "_id": "Aurelio De Rosa",
  "books": 0
},{
  "_id": "Jeff Davis",
  "books": 0
},{
  "_id": "Galina Landres",
  "books": 0
},{
  "_id": "Itamar Syn-Hershko",
  "books": 0
},{
  "_id": "Ted G. Lewis",
  "books": 0
},{
  "_id": "Perry Cook",
  "books": 0
},{
  "_id": "Rob Davies",
  "books": 0
},{
  "_id": "James P. White",
  "books": 0
},{
  "_id": "Marcin Kawalerowicz",
  "books": 0
},{
  "_id": "Leo S. Hsu",
  "books": 0
},{
  "_id": "Peter Hilton",
  "books": 0
},{
  "_id": "Nicholas Goodman",
  "books": 0
},{
  "_id": "Theodore J. (T.J.) VanToll III",
  "books": 0
},{
  "_id": "",
  "books": 0
},{
  "_id": "Rob Williams",
  "books": 0
},{
  "_id": "Magnus Rydin",
  "books": 0
},{
  "_id": "Laurent Mihalkovic",
  "books": 0
},{
  "_id": "Stuart McCulloch",
  "books": 0
},{
  "_id": "Cédric Champeau",
  "books": 0
},{
  "_id": "Ronny Richardson",
  "books": 0
},{
  "_id": "Tijs Rademakers",
  "books": 0
},{
  "_id": "Paul S. Hethmon",
  "books": 0
},{
  "_id": "Matthew Robinson",
  "books": 0
},{
  "_id": "Kalen Delaney",
  "books": 0
},{
  "_id": "Luke Ruth",
  "books": 0
},{
  "_id": "Nicolas Leroux",
  "books": 0
},{
  "_id": "Florian Müller",
  "books": 0
},{
  "_id": "Michael Remijan",
  "books": 0
},{
  "_id": "Peter Ledbrook",
  "books": 0
},{
  "_id": "David Savage",
  "books": 0
},{
  "_id": "Tobin Harris",
  "books": 0
},{
  "_id": "Noel Rappin",
  "books": 0
},{
  "_id": "Mark B. Whipple",
  "books": 0
},{
  "_id": "Christopher Allen",
  "books": 0
},{
  "_id": "Daryl Harms",
  "books": 0
},{
  "_id": "Michael Shoffner",
  "books": 0
},{
  "_id": "Vincent Massol",
  "books": 0
},{
  "_id": "Jeffery Hicks",
  "books": 0
},{
  "_id": "Brad McGehee",
  "books": 0
},{
  "_id": "Kenneth McDonald",
  "books": 0
},{
  "_id": "Anna Tökke",
  "books": 0
},{
  "_id": "Jeffery D. Hicks",
  "books": 0
},{
  "_id": "Daniel Brolund",
  "books": 0
},{
  "_id": "Cedric Dumoulin",
  "books": 0
},{
  "_id": "Balaji D Loganathan",
  "books": 0
},{
  "_id": "Bradley Austin Davis",
  "books": 0
},{
  "_id": "editors",
  "books": 0
},{
  "_id": "Lasse Koskela",
  "books": 0
},{
  "_id": "Nicki Watt",
  "books": 0
},{
  "_id": "Craig Walls",
  "books": 0
},{
  "_id": "Alan Mycroft",
  "books": 0
},{
  "_id": "Dan Allen",
  "books": 0
},{
  "_id": "Mala Gupta",
  "books": 0
},{
  "_id": "Peter Small",
  "books": 0
},{
  "_id": "Jonathan Campos",
  "books": 0
},{
  "_id": "Don Jones",
  "books": 0
},{
  "_id": "Gary Gregory",
  "books": 0
},{
  "_id": "Lawrence H. Rodrigues",
  "books": 0
},{
  "_id": "Duane K. Fields",
  "books": 0
},{
  "_id": "Jukka L. Zitting",
  "books": 0
},{
  "_id": "Marc Harter",
  "books": 0
},{
  "_id": "Cody Bumgardner",
  "books": 0
},{
  "_id": "Anthony Williams",
  "books": 0
},{
  "_id": "Donald Belcham",
  "books": 0
},{
  "_id": "Steve Loughran",
  "books": 0
},{
  "_id": "Stefan Ollinger",
  "books": 0
},{
  "_id": "Simon Holmes",
  "books": 0
},{
  "_id": "Chuck Lam",
  "books": 0
},{
  "_id": "Clinton Begin",
  "books": 0
},{
  "_id": "Tom Cervenka",
  "books": 0
},{
  "_id": "Matt Pearson",
  "books": 0
},{
  "_id": "Carter Sande",
  "books": 0
},{
  "_id": "Richard L. Saltzer",
  "books": 0
},{
  "_id": "Chris Richardson",
  "books": 0
},{
  "_id": "Monsur Hossain",
  "books": 0
},{
  "_id": "Joachim Haagen Skeie",
  "books": 0
},{
  "_id": "Ted N. Husted",
  "books": 0
},{
  "_id": "Ram Venkataraman",
  "books": 0
},{
  "_id": null,
  "books": 0
},{
  "_id": "Philipp K. Janert",
  "books": 0
},{
  "_id": "Oren Eini writing as Ayende Rahien",
  "books": 0
},{
  "_id": "Chris Houser",
  "books": 0
},{
  "_id": "Jared Armstrong",
  "books": 0
}]