[{
  "_id": {
    "$date": "2012-02-13T08:00:00Z"
  },
  "Books": 0
},{
  "_id": {
    "$date": "2011-04-11T07:00:00Z"
  },
  "Books": 0
},{
  "_id": {
    "$date": "2005-11-01T08:00:00Z"
  },
  "Books": 0
},{
  "_id": {
    "$date": "2013-11-01T07:00:00Z"
  },
  "Books": 0
},{
  "_id": {
    "$date": "2012-11-12T08:00:00Z"
  },
  "Books": 0
},{
  "_id": {
    "$date": "2002-04-01T08:00:00Z"
  },
  "Books": 0
},{
  "_id": {
    "$date": "2012-10-17T07:00:00Z"
  },
  "Books": 0
},{
  "_id": {
    "$date": "1998-07-01T07:00:00Z"
  },
  "Books": 0
},{
  "_id": {
    "$date": "2012-04-30T07:00:00Z"
  },
  "Books": 0
},{
  "_id": {
    "$date": "2012-10-02T07:00:00Z"
  },
  "Books": 0
},{
  "_id": {
    "$date": "2000-01-01T08:00:00Z"
  },
  "Books": 0
},{
  "_id": {
    "$date": "2004-12-01T08:00:00Z"
  },
  "Books": 0
},{
  "_id": {
    "$date": "2004-11-01T08:00:00Z"
  },
  "Books": 0
},{
  "_id": {
    "$date": "1995-04-01T08:00:00Z"
  },
  "Books": 0
},{
  "_id": {
    "$date": "2003-10-01T07:00:00Z"
  },
  "Books": 0
},{
  "_id": {
    "$date": "1997-06-01T07:00:00Z"
  },
  "Books": 0
},{
  "_id": {
    "$date": "2005-05-01T07:00:00Z"
  },
  "Books": 0
},{
  "_id": {
    "$date": "2013-04-02T07:00:00Z"
  },
  "Books": 0
},{
  "_id": {
    "$date": "2013-10-03T07:00:00Z"
  },
  "Books": 0
},{
  "_id": {
    "$date": "2010-04-16T07:00:00Z"
  },
  "Books": 0
},{
  "_id": {
    "$date": "2012-07-10T07:00:00Z"
  },
  "Books": 0
},{
  "_id": {
    "$date": "2002-09-01T07:00:00Z"
  },
  "Books": 0
},{
  "_id": {
    "$date": "2008-12-01T08:00:00Z"
  },
  "Books": 0
},{
  "_id": {
    "$date": "2007-09-01T07:00:00Z"
  },
  "Books": 0
},{
  "_id": {
    "$date": "2012-11-02T07:00:00Z"
  },
  "Books": 0
},{
  "_id": {
    "$date": "1997-09-01T07:00:00Z"
  },
  "Books": 0
},{
  "_id": {
    "$date": "1999-10-01T07:00:00Z"
  },
  "Books": 0
},{
  "_id": {
    "$date": "2010-07-09T07:00:00Z"
  },
  "Books": 0
},{
  "_id": {
    "$date": "1998-09-01T07:00:00Z"
  },
  "Books": 0
},{
  "_id": {
    "$date": "2008-05-01T07:00:00Z"
  },
  "Books": 0
},{
  "_id": {
    "$date": "2003-01-01T08:00:00Z"
  },
  "Books": 0
},{
  "_id": {
    "$date": "2012-07-27T07:00:00Z"
  },
  "Books": 0
},{
  "_id": {
    "$date": "2001-05-01T07:00:00Z"
  },
  "Books": 0
},{
  "_id": {
    "$date": "2004-10-01T07:00:00Z"
  },
  "Books": 0
},{
  "_id": {
    "$date": "2014-06-10T07:00:00Z"
  },
  "Books": 0
},{
  "_id": {
    "$date": "1997-11-01T08:00:00Z"
  },
  "Books": 0
},{
  "_id": {
    "$date": "2007-02-01T08:00:00Z"
  },
  "Books": 0
},{
  "_id": {
    "$date": "2012-12-31T08:00:00Z"
  },
  "Books": 0
},{
  "_id": {
    "$date": "2011-03-14T07:00:00Z"
  },
  "Books": 0
},{
  "_id": {
    "$date": "1999-05-01T07:00:00Z"
  },
  "Books": 0
},{
  "_id": {
    "$date": "2011-10-03T07:00:00Z"
  },
  "Books": 0
},{
  "_id": {
    "$date": "2012-09-12T07:00:00Z"
  },
  "Books": 0
},{
  "_id": {
    "$date": "2007-01-01T08:00:00Z"
  },
  "Books": 0
},{
  "_id": {
    "$date": "2003-02-01T08:00:00Z"
  },
  "Books": 0
},{
  "_id": {
    "$date": "2009-05-01T07:00:00Z"
  },
  "Books": 0
},{
  "_id": {
    "$date": "2000-05-15T07:00:00Z"
  },
  "Books": 0
},{
  "_id": {
    "$date": "2011-07-28T07:00:00Z"
  },
  "Books": 0
},{
  "_id": {
    "$date": "2014-04-07T07:00:00Z"
  },
  "Books": 0
},{
  "_id": {
    "$date": "2012-04-13T07:00:00Z"
  },
  "Books": 0
},{
  "_id": {
    "$date": "2008-12-21T08:00:00Z"
  },
  "Books": 0
},{
  "_id": {
    "$date": "2009-09-09T07:00:00Z"
  },
  "Books": 0
},{
  "_id": {
    "$date": "2005-02-01T08:00:00Z"
  },
  "Books": 0
},{
  "_id": {
    "$date": "2008-04-01T07:00:00Z"
  },
  "Books": 0
},{
  "_id": {
    "$date": "2010-06-08T07:00:00Z"
  },
  "Books": 0
},{
  "_id": {
    "$date": "1998-11-01T08:00:00Z"
  },
  "Books": 0
},{
  "_id": {
    "$date": "1996-04-23T07:00:00Z"
  },
  "Books": 0
},{
  "_id": {
    "$date": "1995-02-01T08:00:00Z"
  },
  "Books": 0
},{
  "_id": {
    "$date": "2001-01-01T08:00:00Z"
  },
  "Books": 0
},{
  "_id": {
    "$date": "2010-10-04T07:00:00Z"
  },
  "Books": 0
},{
  "_id": {
    "$date": "2011-06-30T07:00:00Z"
  },
  "Books": 0
},{
  "_id": {
    "$date": "2013-01-21T08:00:00Z"
  },
  "Books": 0
},{
  "_id": {
    "$date": "2012-02-24T08:00:00Z"
  },
  "Books": 0
},{
  "_id": {
    "$date": "2009-10-01T07:00:00Z"
  },
  "Books": 0
},{
  "_id": {
    "$date": "2010-12-01T08:00:00Z"
  },
  "Books": 0
},{
  "_id": {
    "$date": "2013-09-03T07:00:00Z"
  },
  "Books": 0
},{
  "_id": {
    "$date": "2000-08-01T07:00:00Z"
  },
  "Books": 0
},{
  "_id": {
    "$date": "2011-10-01T07:00:00Z"
  },
  "Books": 0
},{
  "_id": {
    "$date": "2008-10-01T07:00:00Z"
  },
  "Books": 0
},{
  "_id": {
    "$date": "1995-12-01T08:00:00Z"
  },
  "Books": 0
},{
  "_id": {
    "$date": "2012-07-12T07:00:00Z"
  },
  "Books": 0
},{
  "_id": {
    "$date": "2000-06-01T07:00:00Z"
  },
  "Books": 0
},{
  "_id": {
    "$date": "1997-02-01T08:00:00Z"
  },
  "Books": 0
},{
  "_id": {
    "$date": "2008-10-31T07:00:00Z"
  },
  "Books": 0
},{
  "_id": {
    "$date": "2011-09-20T07:00:00Z"
  },
  "Books": 0
},{
  "_id": {
    "$date": "2013-10-15T07:00:00Z"
  },
  "Books": 0
},{
  "_id": {
    "$date": "2011-09-16T07:00:00Z"
  },
  "Books": 0
},{
  "_id": {
    "$date": "1999-11-01T08:00:00Z"
  },
  "Books": 0
},{
  "_id": {
    "$date": "2014-04-03T07:00:00Z"
  },
  "Books": 0
},{
  "_id": {
    "$date": "2010-01-01T08:00:00Z"
  },
  "Books": 0
},{
  "_id": {
    "$date": "2008-08-01T07:00:00Z"
  },
  "Books": 0
},{
  "_id": {
    "$date": "2012-04-11T07:00:00Z"
  },
  "Books": 0
},{
  "_id": {
    "$date": "2005-08-01T07:00:00Z"
  },
  "Books": 0
},{
  "_id": {
    "$date": "1995-08-01T07:00:00Z"
  },
  "Books": 0
},{
  "_id": {
    "$date": "2011-05-09T07:00:00Z"
  },
  "Books": 0
},{
  "_id": {
    "$date": "2011-09-13T07:00:00Z"
  },
  "Books": 0
},{
  "_id": {
    "$date": "1998-01-01T08:00:00Z"
  },
  "Books": 0
},{
  "_id": {
    "$date": "2011-01-14T08:00:00Z"
  },
  "Books": 0
},{
  "_id": {
    "$date": "2003-05-01T07:00:00Z"
  },
  "Books": 0
},{
  "_id": {
    "$date": "2009-07-01T07:00:00Z"
  },
  "Books": 0
},{
  "_id": {
    "$date": "2012-05-30T07:00:00Z"
  },
  "Books": 0
},{
  "_id": {
    "$date": "2014-05-29T07:00:00Z"
  },
  "Books": 0
},{
  "_id": {
    "$date": "2004-06-01T07:00:00Z"
  },
  "Books": 0
},{
  "_id": {
    "$date": "2011-03-25T07:00:00Z"
  },
  "Books": 0
},{
  "_id": {
    "$date": "2006-01-01T08:00:00Z"
  },
  "Books": 0
},{
  "_id": {
    "$date": "2014-03-04T08:00:00Z"
  },
  "Books": 0
},{
  "_id": {
    "$date": "2012-05-25T07:00:00Z"
  },
  "Books": 0
},{
  "_id": {
    "$date": "1997-07-01T07:00:00Z"
  },
  "Books": 0
},{
  "_id": {
    "$date": "2008-07-01T07:00:00Z"
  },
  "Books": 0
},{
  "_id": {
    "$date": "2007-04-01T07:00:00Z"
  },
  "Books": 0
},{
  "_id": {
    "$date": "1997-08-01T07:00:00Z"
  },
  "Books": 0
},{
  "_id": {
    "$date": "2002-08-01T07:00:00Z"
  },
  "Books": 0
},{
  "_id": {
    "$date": "2012-09-19T07:00:00Z"
  },
  "Books": 0
},{
  "_id": {
    "$date": "2002-12-01T08:00:00Z"
  },
  "Books": 0
},{
  "_id": {
    "$date": "2004-03-01T08:00:00Z"
  },
  "Books": 0
},{
  "_id": {
    "$date": "2012-12-12T08:00:00Z"
  },
  "Books": 0
},{
  "_id": {
    "$date": "2009-11-15T08:00:00Z"
  },
  "Books": 0
},{
  "_id": {
    "$date": "1996-01-01T08:00:00Z"
  },
  "Books": 0
},{
  "_id": {
    "$date": "2011-11-18T08:00:00Z"
  },
  "Books": 0
},{
  "_id": {
    "$date": "2012-04-20T07:00:00Z"
  },
  "Books": 0
},{
  "_id": {
    "$date": "2009-11-01T07:00:00Z"
  },
  "Books": 0
},{
  "_id": {
    "$date": "2009-01-01T08:00:00Z"
  },
  "Books": 0
},{
  "_id": {
    "$date": "1997-03-01T08:00:00Z"
  },
  "Books": 0
},{
  "_id": {
    "$date": "2010-10-15T07:00:00Z"
  },
  "Books": 0
},{
  "_id": {
    "$date": "2002-03-01T08:00:00Z"
  },
  "Books": 0
},{
  "_id": {
    "$date": "2002-10-01T07:00:00Z"
  },
  "Books": 0
},{
  "_id": {
    "$date": "1997-12-01T08:00:00Z"
  },
  "Books": 0
},{
  "_id": {
    "$date": "2011-02-07T08:00:00Z"
  },
  "Books": 0
},{
  "_id": {
    "$date": "1993-09-01T07:00:00Z"
  },
  "Books": 0
},{
  "_id": {
    "$date": "1996-07-01T07:00:00Z"
  },
  "Books": 0
},{
  "_id": {
    "$date": "2012-08-21T07:00:00Z"
  },
  "Books": 0
},{
  "_id": {
    "$date": "2013-06-21T07:00:00Z"
  },
  "Books": 0
},{
  "_id": {
    "$date": "2002-05-01T07:00:00Z"
  },
  "Books": 0
},{
  "_id": {
    "$date": "2011-09-30T07:00:00Z"
  },
  "Books": 0
},{
  "_id": {
    "$date": "2013-02-04T08:00:00Z"
  },
  "Books": 0
},{
  "_id": {
    "$date": "2009-02-01T08:00:00Z"
  },
  "Books": 0
},{
  "_id": {
    "$date": "2014-02-20T08:00:00Z"
  },
  "Books": 0
},{
  "_id": {
    "$date": "1996-06-01T07:00:00Z"
  },
  "Books": 0
},{
  "_id": {
    "$date": "2013-05-09T07:00:00Z"
  },
  "Books": 0
},{
  "_id": {
    "$date": "1997-10-01T07:00:00Z"
  },
  "Books": 0
},{
  "_id": {
    "$date": "2012-09-26T07:00:00Z"
  },
  "Books": 0
},{
  "_id": {
    "$date": "2005-06-01T07:00:00Z"
  },
  "Books": 0
},{
  "_id": {
    "$date": "2013-03-11T07:00:00Z"
  },
  "Books": 0
},{
  "_id": {
    "$date": "1999-08-09T07:00:00Z"
  },
  "Books": 0
},{
  "_id": {
    "$date": "2014-03-05T08:00:00Z"
  },
  "Books": 0
},{
  "_id": {
    "$date": "2005-10-01T07:00:00Z"
  },
  "Books": 0
},{
  "_id": {
    "$date": "2011-06-21T07:00:00Z"
  },
  "Books": 0
},{
  "_id": {
    "$date": "2013-07-26T07:00:00Z"
  },
  "Books": 0
},{
  "_id": {
    "$date": "2013-04-09T07:00:00Z"
  },
  "Books": 0
},{
  "_id": {
    "$date": "2012-05-14T07:00:00Z"
  },
  "Books": 0
},{
  "_id": {
    "$date": "2009-03-01T08:00:00Z"
  },
  "Books": 0
},{
  "_id": {
    "$date": "2014-03-14T07:00:00Z"
  },
  "Books": 0
},{
  "_id": {
    "$date": "2006-04-01T08:00:00Z"
  },
  "Books": 0
},{
  "_id": {
    "$date": "2011-11-14T08:00:00Z"
  },
  "Books": 0
},{
  "_id": {
    "$date": "2007-07-01T07:00:00Z"
  },
  "Books": 0
},{
  "_id": {
    "$date": "2011-05-15T07:00:00Z"
  },
  "Books": 0
},{
  "_id": {
    "$date": "2010-11-16T08:00:00Z"
  },
  "Books": 0
},{
  "_id": {
    "$date": "2011-04-06T07:00:00Z"
  },
  "Books": 0
},{
  "_id": {
    "$date": "2013-06-03T07:00:00Z"
  },
  "Books": 0
},{
  "_id": {
    "$date": "2013-02-20T08:00:00Z"
  },
  "Books": 0
},{
  "_id": {
    "$date": "2014-03-25T07:00:00Z"
  },
  "Books": 0
},{
  "_id": {
    "$date": "2003-06-01T07:00:00Z"
  },
  "Books": 0
},{
  "_id": {
    "$date": "2011-01-04T08:00:00Z"
  },
  "Books": 0
},{
  "_id": {
    "$date": "2009-02-02T08:00:00Z"
  },
  "Books": 0
},{
  "_id": {
    "$date": "2013-11-25T08:00:00Z"
  },
  "Books": 0
},{
  "_id": {
    "$date": "1998-06-01T07:00:00Z"
  },
  "Books": 0
},{
  "_id": {
    "$date": "1995-06-01T07:00:00Z"
  },
  "Books": 0
},{
  "_id": {
    "$date": "2001-10-01T07:00:00Z"
  },
  "Books": 0
},{
  "_id": {
    "$date": "2014-02-10T08:00:00Z"
  },
  "Books": 0
},{
  "_id": {
    "$date": "2001-11-01T08:00:00Z"
  },
  "Books": 0
},{
  "_id": {
    "$date": "1999-08-01T07:00:00Z"
  },
  "Books": 0
},{
  "_id": {
    "$date": "2013-08-19T07:00:00Z"
  },
  "Books": 0
},{
  "_id": {
    "$date": "2012-11-30T08:00:00Z"
  },
  "Books": 0
},{
  "_id": {
    "$date": "2013-09-19T07:00:00Z"
  },
  "Books": 0
},{
  "_id": {
    "$date": "2010-08-15T07:00:00Z"
  },
  "Books": 0
},{
  "_id": {
    "$date": "2012-06-04T07:00:00Z"
  },
  "Books": 0
},{
  "_id": null,
  "Books": 0
},{
  "_id": {
    "$date": "2013-08-12T07:00:00Z"
  },
  "Books": 0
},{
  "_id": {
    "$date": "2008-11-01T07:00:00Z"
  },
  "Books": 0
},{
  "_id": {
    "$date": "2010-10-22T07:00:00Z"
  },
  "Books": 0
},{
  "_id": {
    "$date": "2000-12-01T08:00:00Z"
  },
  "Books": 0
},{
  "_id": {
    "$date": "2012-12-27T08:00:00Z"
  },
  "Books": 0
},{
  "_id": {
    "$date": "2011-04-15T07:00:00Z"
  },
  "Books": 0
},{
  "_id": {
    "$date": "2011-08-15T07:00:00Z"
  },
  "Books": 0
},{
  "_id": {
    "$date": "2006-07-01T07:00:00Z"
  },
  "Books": 0
},{
  "_id": {
    "$date": "2009-05-29T07:00:00Z"
  },
  "Books": 0
},{
  "_id": {
    "$date": "2004-07-01T07:00:00Z"
  },
  "Books": 0
},{
  "_id": {
    "$date": "2013-07-12T07:00:00Z"
  },
  "Books": 0
},{
  "_id": {
    "$date": "1996-10-01T07:00:00Z"
  },
  "Books": 0
},{
  "_id": {
    "$date": "2003-11-01T08:00:00Z"
  },
  "Books": 0
},{
  "_id": {
    "$date": "2003-08-01T07:00:00Z"
  },
  "Books": 0
},{
  "_id": {
    "$date": "2012-04-04T07:00:00Z"
  },
  "Books": 0
},{
  "_id": {
    "$date": "2011-04-24T07:00:00Z"
  },
  "Books": 0
},{
  "_id": {
    "$date": "2008-01-01T08:00:00Z"
  },
  "Books": 0
},{
  "_id": {
    "$date": "2014-05-02T07:00:00Z"
  },
  "Books": 0
},{
  "_id": {
    "$date": "2006-11-01T08:00:00Z"
  },
  "Books": 0
},{
  "_id": {
    "$date": "2006-03-01T08:00:00Z"
  },
  "Books": 0
},{
  "_id": {
    "$date": "2002-07-01T07:00:00Z"
  },
  "Books": 0
},{
  "_id": {
    "$date": "2008-09-01T07:00:00Z"
  },
  "Books": 0
},{
  "_id": {
    "$date": "2006-05-01T07:00:00Z"
  },
  "Books": 0
},{
  "_id": {
    "$date": "1998-05-01T07:00:00Z"
  },
  "Books": 0
},{
  "_id": {
    "$date": "2003-09-01T07:00:00Z"
  },
  "Books": 0
},{
  "_id": {
    "$date": "2011-06-03T07:00:00Z"
  },
  "Books": 0
},{
  "_id": {
    "$date": "2014-02-18T08:00:00Z"
  },
  "Books": 0
},{
  "_id": {
    "$date": "2013-10-30T07:00:00Z"
  },
  "Books": 0
},{
  "_id": {
    "$date": "2005-09-01T07:00:00Z"
  },
  "Books": 0
},{
  "_id": {
    "$date": "2012-06-01T07:00:00Z"
  },
  "Books": 0
},{
  "_id": {
    "$date": "1995-01-01T08:00:00Z"
  },
  "Books": 0
},{
  "_id": {
    "$date": "2007-08-01T07:00:00Z"
  },
  "Books": 0
},{
  "_id": {
    "$date": "2013-07-28T07:00:00Z"
  },
  "Books": 0
},{
  "_id": {
    "$date": "2007-12-01T08:00:00Z"
  },
  "Books": 0
},{
  "_id": {
    "$date": "2011-12-12T08:00:00Z"
  },
  "Books": 0
},{
  "_id": {
    "$date": "2014-02-04T08:00:00Z"
  },
  "Books": 0
},{
  "_id": {
    "$date": "2011-10-13T07:00:00Z"
  },
  "Books": 0
},{
  "_id": {
    "$date": "2006-09-01T07:00:00Z"
  },
  "Books": 0
},{
  "_id": {
    "$date": "2002-11-01T08:00:00Z"
  },
  "Books": 0
},{
  "_id": {
    "$date": "2010-09-04T07:00:00Z"
  },
  "Books": 0
},{
  "_id": {
    "$date": "2014-05-09T07:00:00Z"
  },
  "Books": 0
},{
  "_id": {
    "$date": "2014-04-02T07:00:00Z"
  },
  "Books": 0
},{
  "_id": {
    "$date": "2011-10-05T07:00:00Z"
  },
  "Books": 0
},{
  "_id": {
    "$date": "2010-11-15T08:00:00Z"
  },
  "Books": 0
},{
  "_id": {
    "$date": "2014-06-24T07:00:00Z"
  },
  "Books": 0
},{
  "_id": {
    "$date": "2011-06-09T07:00:00Z"
  },
  "Books": 0
},{
  "_id": {
    "$date": "2013-08-29T07:00:00Z"
  },
  "Books": 0
},{
  "_id": {
    "$date": "2009-12-01T08:00:00Z"
  },
  "Books": 0
},{
  "_id": {
    "$date": "2011-08-20T07:00:00Z"
  },
  "Books": 0
},{
  "_id": {
    "$date": "1999-06-01T07:00:00Z"
  },
  "Books": 0
},{
  "_id": {
    "$date": "2010-12-05T08:00:00Z"
  },
  "Books": 0
},{
  "_id": {
    "$date": "2011-05-01T07:00:00Z"
  },
  "Books": 0
},{
  "_id": {
    "$date": "2010-08-01T07:00:00Z"
  },
  "Books": 0
},{
  "_id": {
    "$date": "2010-07-01T07:00:00Z"
  },
  "Books": 0
},{
  "_id": {
    "$date": "2009-04-01T07:00:00Z"
  },
  "Books": 0
},{
  "_id": {
    "$date": "2005-03-01T08:00:00Z"
  },
  "Books": 0
},{
  "_id": {
    "$date": "2011-02-12T08:00:00Z"
  },
  "Books": 0
},{
  "_id": {
    "$date": "2009-09-01T07:00:00Z"
  },
  "Books": 0
},{
  "_id": {
    "$date": "2011-03-31T07:00:00Z"
  },
  "Books": 0
},{
  "_id": {
    "$date": "2007-06-01T07:00:00Z"
  },
  "Books": 0
},{
  "_id": {
    "$date": "2013-12-12T08:00:00Z"
  },
  "Books": 0
},{
  "_id": {
    "$date": "2012-09-14T07:00:00Z"
  },
  "Books": 0
},{
  "_id": {
    "$date": "1999-12-01T08:00:00Z"
  },
  "Books": 0
},{
  "_id": {
    "$date": "2010-11-22T08:00:00Z"
  },
  "Books": 0
},{
  "_id": {
    "$date": "2013-05-30T07:00:00Z"
  },
  "Books": 0
},{
  "_id": {
    "$date": "1998-03-01T08:00:00Z"
  },
  "Books": 0
},{
  "_id": {
    "$date": "2013-12-31T08:00:00Z"
  },
  "Books": 0
},{
  "_id": {
    "$date": "2004-08-01T07:00:00Z"
  },
  "Books": 0
},{
  "_id": {
    "$date": "1999-09-01T07:00:00Z"
  },
  "Books": 0
},{
  "_id": {
    "$date": "2010-06-01T07:00:00Z"
  },
  "Books": 0
},{
  "_id": {
    "$date": "2000-07-01T07:00:00Z"
  },
  "Books": 0
},{
  "_id": {
    "$date": "2003-07-01T07:00:00Z"
  },
  "Books": 0
},{
  "_id": {
    "$date": "2009-08-01T07:00:00Z"
  },
  "Books": 0
},{
  "_id": {
    "$date": "2011-11-15T08:00:00Z"
  },
  "Books": 0
},{
  "_id": {
    "$date": "2013-06-18T07:00:00Z"
  },
  "Books": 0
},{
  "_id": {
    "$date": "1997-01-01T08:00:00Z"
  },
  "Books": 0
},{
  "_id": {
    "$date": "2011-12-01T08:00:00Z"
  },
  "Books": 0
}]