appid,name,developer,publisher,score_rank,positive,negative,userscore,owners,average_forever,average_2weeks,median_forever,median_2weeks,price,initialprice,discount,languages,genre,ccu,tags
2570,Vigil: Blood Bitterness,Freegamer,HeR Interactive,,29,117,0,"50,000 .. 100,000",1,0,1,0,0,0,0,English,"Indie, RPG",0,"{'Indie': 27, 'RPG': 22, 'Puzzle': 6, 'Singleplayer': 6, 'Adventure': 5}"
24460,King Arthur: Fallen Champions,NeocoreGames,Paradox Interactive,,18,28,0,"50,000 .. 100,000",0,0,0,0,499,499,0,"English, French, German, Spanish - Spain","RPG, Strategy",0,"{'Strategy': 30, 'RPG': 27, 'Fantasy': 7}"
34275,Gain Ground,SEGA,SEGA,,5,0,0,"50,000 .. 100,000",0,0,0,0,99,99,0,English,Strategy,0,{'Strategy': 26}
34276,Golden Axe,SEGA,SEGA,,18,1,0,"20,000 .. 50,000",0,0,0,0,99,99,0,English,Action,0,"{'Classic': 42, 'Action': 40, ""Beat 'em up"": 35, 'Arcade': 29, '2D': 25, 'Retro': 24, 'Fantasy': 18, 'Local Co-Op': 14, 'Singleplayer': 14, 'Side Scroller': 7, 'Adventure': 6, 'Female Protagonist': 6, 'Hack and Slash': 5, 'Co-op': 5}"
34277,Shinobi III: Return of the Ninja Master,SEGA,SEGA,,5,0,0,"50,000 .. 100,000",0,0,0,0,99,99,0,English,Action,0,"{'Action': 36, 'Ninja': 17, '2D': 12, 'Singleplayer': 11, 'Classic': 10, 'Platformer': 9, 'Great Soundtrack': 5}"
34278,Sonic 3D Blast,SEGA,SEGA,,12,1,0,"50,000 .. 100,000",0,0,0,0,499,499,0,English,,0,"{'Platformer': 33, 'Singleplayer': 21, 'Great Soundtrack': 19, 'Retro': 17, '3D Platformer': 16, 'Isometric': 16, 'Classic': 15, '2.5D': 8, 'Action': 7, 'Family Friendly': 7, 'Adventure': 6, ""1990's"": 6}"
36910,All Aspect Warfare,3000AD,3000AD,,3,9,0,"50,000 .. 100,000",0,0,0,0,999,999,0,English,"Action, Casual, Indie, Simulation",0,"{'FPS': 100, 'Sci-fi': 94, 'Flight': 91, 'Sandbox': 88, 'Casual': 87, 'Robots': 85, 'Artificial Intelligence': 79, 'Shooter': 77, 'Third Person': 75, 'First-Person': 73, 'Open World': 71, 'Action': 69, 'Simulation': 56, 'Futuristic': 33, 'Combat': 31, 'Co-op': 29, 'Multiplayer': 27, 'Singleplayer': 25, 'Local Multiplayer': 23, 'Online Co-Op': 21}"
42147,Hamilton's Great Adventure - Retro Fever DLC,Fatshark,Fatshark,,1,0,0,"20,000 .. 50,000",0,0,0,0,62,99,37,"English, French, Italian, German, Spanish - Spain, Swedish","Adventure, Casual, Indie",0,"{'Adventure': 30, 'Indie': 30, 'Casual': 30}"
42900,Hearts of Iron III: Semper Fi,Paradox Development Studio,Paradox Interactive,,1,0,0,"50,000 .. 100,000",0,0,0,0,249,499,50,English,Strategy,0,"{'Strategy': 35, 'Grand Strategy': 10, 'World War II': 9}"
45200,Defense of the Oasis,Mind Control Software,"Mind Control Software, Monkey Jump Games",,30,3,0,"200,000 .. 500,000",0,0,0,0,499,499,0,English,"Casual, Strategy",1,"{'Strategy': 295, 'Casual': 291, 'Exploration': 264, 'Procedural Generation': 260, 'Turn-Based Strategy': 253, 'Mythology': 244, 'Resource Management': 235, 'Logic': 228, '4X': 219, 'Retro': 208, 'Building': 198, '2D': 189, 'Top-Down': 176, 'Historical': 173, 'Colorful': 158, 'Economy': 141, 'Fantasy': 125, 'Magic': 106, 'PvE': 87, 'War': 68}"
71113,Sonic The Hedgehog,SEGA,SEGA,,30,2,0,"100,000 .. 200,000",0,0,0,0,499,499,0,English,"Action, Adventure",0,"{'Classic': 74, 'Platformer': 71, '2D': 57, 'Retro': 56, 'Adventure': 54, 'Great Soundtrack': 54, 'Action': 48, 'Singleplayer': 47, ""1990's"": 45, 'Pixel Graphics': 39, 'Fast-Paced': 37, 'Family Friendly': 32, 'Colorful': 24, 'Difficult': 16, '2D Platformer': 6, 'Cartoony': 5}"
71120,Shining Force,SEGA,SEGA,,18,0,0,"20,000 .. 50,000",0,0,0,0,99,99,0,English,RPG,0,"{'RPG': 48, 'Strategy RPG': 29, 'Turn-Based Strategy': 26, 'JRPG': 25, 'Retro': 24, 'Fantasy': 17, 'Strategy': 14, 'Classic': 7, 'Tactical RPG': 6, 'Singleplayer': 5}"
71162,Sonic 3 & Knuckles,SEGA,SEGA,,31,0,0,"50,000 .. 100,000",0,0,0,0,499,499,0,English,,0,"{'Classic': 107, 'Platformer': 106, 'Great Soundtrack': 88, '2D': 77, 'Retro': 73, ""1990's"": 61, 'Replay Value': 57, 'Fast-Paced': 56, 'Action': 45, 'Singleplayer': 45, 'Adventure': 40, 'Family Friendly': 37, 'Pixel Graphics': 36, 'Colorful': 36, 'Local Multiplayer': 35, 'Multiplayer': 34, 'Local Co-Op': 31, 'Co-op': 26, 'Side Scroller': 12, 'Difficult': 11}"
71163,Sonic The Hedgehog 2,SEGA,SEGA,,27,2,0,"50,000 .. 100,000",0,0,0,0,499,499,0,English,"Action, Adventure",0,"{'Platformer': 63, 'Classic': 55, '2D': 49, 'Action': 47, 'Great Soundtrack': 46, 'Retro': 43, 'Adventure': 39, ""1990's"": 34, 'Singleplayer': 27, 'Pixel Graphics': 23, 'Fast-Paced': 21, 'Family Friendly': 21, 'Colorful': 19, 'Local Multiplayer': 16, 'Local Co-Op': 15, 'Co-op': 15, 'Multiplayer': 12, 'Difficult': 7}"
206040,Avernum 5,Spiderweb Software,Spiderweb Software,,25,5,0,"50,000 .. 100,000",0,0,0,0,499,499,0,English,"RPG, Indie",4,"{'RPG': 43, 'Indie': 35, 'Isometric': 14, 'Turn-Based': 9, 'Fantasy': 7, 'CRPG': 7, 'Party-Based RPG': 6}"
222500,Rail Adventures - VR Tech Demo,exosyphen studios,exosyphen studios,,19,19,0,"20,000 .. 50,000",0,0,0,0,0,0,0,English,"Action, Free to Play, Indie, Racing",0,"{'Free to Play': 37, 'Action': 35, 'Racing': 33, 'Indie': 32, 'VR': 12}"
229790,Might & Magic: Heroes VI - Shades of Darkness,Virtuos,Ubisoft,,4,1,0,"50,000 .. 100,000",0,0,0,0,1499,1499,0,"Czech, English, French, German, Hungarian, Italian, Polish, Russian, Spanish - Spain, Korean","RPG, Strategy",0,"{'Strategy': 60, 'RPG': 46, 'Turn-Based Strategy': 31, 'Turn-Based': 27, 'Fantasy': 13}"
234370,Shattered Haven,"Arcen Games, LLC","Arcen Games, LLC",,28,65,0,"50,000 .. 100,000",6,0,11,0,199,999,80,English,"Action, Adventure, Indie",0,"{'Action': 50, 'Adventure': 50, 'Indie': 50, 'Puzzle': 31, 'Zombies': 29, '2D': 26, 'Post-apocalyptic': 22, 'Top-Down': 22, 'Horror': 21, 'Story Rich': 21, 'Retro': 21, 'Lovecraftian': 21, 'Co-op': 12}"
262650,RaySupreme 3D,BrainDistrict,BrainDistrict,,18,31,0,"50,000 .. 100,000",0,0,0,0,0,0,0,English,Animation & Modeling,0,{'Animation & Modeling': 30}
269430,Burning Cars,Polynetix Studio,Polynetix Studio,,4,34,0,"100,000 .. 200,000",298,0,298,0,599,599,0,"English, Russian",Racing,0,{'Racing': 39}
273820,Mining & Tunneling Simulator,United Independent Entertainment GmbH,United Independent Entertainment GmbH,,27,102,0,"50,000 .. 100,000",0,0,0,0,999,999,0,"English, French, German, Dutch, Hungarian, Polish",Simulation,0,"{'Simulation': 52, 'Mining': 21}"
279280,Ohmicide,Ohm Force,Ohm Force,,1,0,0,"50,000 .. 100,000",0,0,0,0,12499,12499,0,English,Audio Production,0,{'Audio Production': 51}
285670,Galactic Command Echo Squad SE,3000AD,3000AD,,0,4,0,"20,000 .. 50,000",0,0,0,0,999,999,0,English,"Action, Adventure, Casual, Indie, Simulation, Strategy",0,"{'Strategy': 217, 'Simulation': 212, 'Sci-fi': 206, 'Space': 203, 'Action': 200, 'Sandbox': 189, 'Shooter': 184, 'Space Sim': 176, 'Flight': 168, '3D': 158, 'Artificial Intelligence': 151, 'Futuristic': 147, 'Combat': 142, 'Open World': 127, 'Adventure': 121, 'Singleplayer': 114, 'Comedy': 87, 'FPS': 78, 'Based On A Novel': 76, 'Female Protagonist': 62}"
295650,Streng Check,PPC,PPC,,5,4,0,"50,000 .. 100,000",0,0,0,0,54,99,45,English,"Action, Adventure, Indie",0,"{'Action': 28, 'Indie': 21, 'Adventure': 20}"
301220,Legends of Persia,Sourena Game Studio,Plug In Digital,,22,150,0,"50,000 .. 100,000",24,0,44,0,1999,1999,0,English,"Action, Adventure, Indie, RPG",0,"{'RPG': 36, 'Action': 29, 'Indie': 27, 'Adventure': 26, 'Action RPG': 11}"
302370,Tex Murphy: Overseer,Access Software,Nightdive Studios,,17,20,0,"50,000 .. 100,000",0,0,0,0,999,999,0,English,Adventure,0,"{'Adventure': 38, 'FMV': 23, 'Detective': 17, 'Noir': 16, 'Classic': 15, 'Point & Click': 12, ""1990's"": 11, 'Post-apocalyptic': 10, 'First-Person': 10, 'Cyberpunk': 10, 'Dystopian ': 10, 'Sci-fi': 9, 'Comedy': 7, 'Atmospheric': 6}"
305280,Cakewalk Loop Manager,Cakewalk,Cakewalk,,20,4,0,"100,000 .. 200,000",1,0,1,0,0,0,0,English,"Audio Production, Utilities",0,"{'Audio Production': 46, 'Utilities': 32, 'Music': 13, 'Software': 6}"
305390,World War 2: Time of Wrath,Wastelands Interactive,Wastelands Interactive,,29,35,0,"20,000 .. 50,000",290,0,290,0,99,499,80,English,"Indie, Strategy",3,"{'Strategy': 36, 'Indie': 28, 'World War II': 26, 'Turn-Based': 16, 'Turn-Based Strategy': 8, 'Historical': 5}"
306930,BattleSpace,Funnel Inc.,Whybe Online,,29,52,0,"100,000 .. 200,000",1,0,1,0,0,0,0,"English, French, Italian, German, Spanish - Spain, Portuguese - Brazil","Free to Play, Massively Multiplayer, Strategy",0,"{'Free to Play': 54, 'Massively Multiplayer': 34, 'Strategy': 32, 'Anime': 24, 'Space': 20, 'Sci-fi': 8}"
310450,Steel & Steam: Episode 1,Red Meat Games,Digerati Distribution,,31,66,0,"50,000 .. 100,000",1,0,1,0,0,0,0,English,RPG,0,"{'RPG': 43, 'RPGMaker': 22, 'Steampunk': 10, 'JRPG': 9}"
314610,Vincere Totus Astrum,Gamesare,Clickteam,,1,0,0,"20,000 .. 50,000",0,0,0,0,399,399,0,English,Strategy,0,{'Strategy': 20}
316950,War Operations,Dynamic Games,Strategy First,,31,57,0,"20,000 .. 50,000",0,0,0,0,79,399,80,English,Casual,0,{'Casual': 28}
321490,MotoGP14 Compact,Milestone S.r.l.,Milestone S.r.l.,,27,46,0,"20,000 .. 50,000",0,0,0,0,499,499,0,"English, French, Italian, German, Spanish - Spain, Portuguese - Brazil","Racing, Simulation, Sports",0,"{'Racing': 42, 'Simulation': 34, 'Sports': 33}"
326960,Killing Floor - Toy Master,"David Hensley, Alex Quick",Tripwire Interactive,,23,3,0,"500,000 .. 1,000,000",0,0,0,0,0,0,0,English,Action,0,"{'Free to Play': 151, 'Horror': 142, 'Multiplayer': 134, 'Zombies': 113, 'Action': 113, 'Survival': 91, 'FPS': 85, 'Co-op': 85, 'Mod': 80, 'Shooter': 72, 'First-Person': 57, 'Gore': 53, 'Singleplayer': 45, 'Open World': 44, 'Adventure': 24, 'Online Co-Op': 21, 'Sandbox': 20, 'Funny': 19, 'Survival Horror': 11, 'Nudity': 6}"
330680,Solar Struggle,Z-Software,Z-Software GmbH,,5,21,0,"50,000 .. 100,000",0,0,0,0,599,599,0,"English, German","Action, Indie",0,"{'Action': 168, 'Indie': 162, 'Arcade': 159, ""Shoot 'Em Up"": 154, 'Sci-fi': 148, 'Singleplayer': 140, 'Fighting': 138, 'Space': 136, 'Bullet Hell': 134, '2.5D': 126, 'Atmospheric': 115, 'Futuristic': 103, 'Bullet Time': 92, 'Controller': 83, 'Fast-Paced': 74, 'Aliens': 55, 'Story Rich': 53, 'Difficult': 50, 'Space Sim': 43, '2D': 41}"
335900,Angels of Fasaria: Version 2.0,Fasaria Works,NSE,,24,36,0,"50,000 .. 100,000",294,0,325,0,499,499,0,English,"Adventure, Indie, RPG, Strategy",0,"{'RPG': 74, 'Adventure': 40, 'Indie': 37, 'RPGMaker': 34, 'Strategy': 30, 'Fantasy': 17, 'JRPG': 15, 'Singleplayer': 13, 'Casual': 12, 'MMORPG': 12, 'Retro': 12, 'Family Friendly': 12, 'Old School': 11, 'Strategy RPG': 8}"
338840,Hollow's Land,Relax Minimalism,Relax Minimalism,,31,37,0,"20,000 .. 50,000",62,0,62,0,299,299,0,English,"Action, RPG",412,"{'3D': 136, 'First-Person': 130, 'Dark Fantasy': 127, 'Magic': 124, 'Simulation': 118, 'Fantasy': 109, 'RPG': 105, 'Action': 100, 'MMORPG': 96, 'Action RPG': 92, 'Action Roguelike': 85, 'Tactical RPG': 80, '2D': 78, 'Colorful': 76, 'Cute': 72, 'Horror': 68, 'Comedy': 63, 'Medieval': 58, 'Atmospheric': 54, 'Illuminati': 52}"
340030,Dungeon of gain,Defroids team,Defroids team,,7,45,0,"50,000 .. 100,000",223,0,223,0,499,499,0,English,"Indie, RPG",0,"{'RPG': 33, 'Indie': 22, 'Rogue-like': 14, 'Procedural Generation': 11, 'Rogue-lite': 10}"
340840,The Corridor: On Behalf Of The Dead,Desktop Daydreams Studios,Desktop Daydreams Studios,,22,7,0,"200,000 .. 500,000",0,0,0,0,1499,1499,0,English,"Action, Adventure, Indie",1,"{'Horror': 316, 'Investigation': 311, 'Mystery Dungeon': 308, 'Survival Horror': 304, 'Exploration': 303, 'Hidden Object': 294, 'Survival': 292, 'Experimental': 291, 'Action-Adventure': 289, 'Silent Protagonist': 286, '3D Vision': 279, 'VR': 272, 'First-Person': 264, 'Detective': 259, 'Lore-Rich': 253, 'Transhumanism': 245, 'Cold War': 241, 'Cyberpunk': 237, 'Mechs': 234, 'Post-apocalyptic': 232}"
341160,Steam Heroes,ProjectorGames,KISS ltd,,31,77,0,"20,000 .. 50,000",257,0,257,0,599,599,0,English,"Action, Adventure, Casual, Indie",0,"{'Indie': 28, 'Casual': 24, 'Action': 23, 'Adventure': 22, 'Match 3': 16, 'Puzzle': 14}"
341780,Chronicles of a Dark Lord: Episode II War of The Abyss,Kisareth Studios,Kisareth Studios,,31,21,0,"50,000 .. 100,000",217,0,232,0,0,0,0,English,"Indie, RPG",0,"{'RPG': 39, 'Indie': 36, 'RPGMaker': 22, 'Turn-Based': 16, 'Villain Protagonist': 13, 'Adventure': 13, 'Singleplayer': 13, '2D': 13, 'Retro': 12, 'Great Soundtrack': 12, 'Turn-Based Combat': 12, 'Dark': 12, 'JRPG': 12, 'Story Rich': 12, 'Party-Based RPG': 12, 'Fantasy': 12, 'Episodic': 11, 'Mature': 11, 'Dark Humor': 11, 'Dark Fantasy': 10}"
342090,The Clans - Saga of the Twins,Supreme Clans Entertainment,Supreme Clans Entertainment,,21,40,0,"20,000 .. 50,000",0,0,0,0,999,999,0,English,"Adventure, Indie, RPG",0,"{'RPG': 24, 'Adventure': 22, 'Indie': 21, 'Anime': 18, 'Female Protagonist': 13, 'RPGMaker': 11}"
346080,Astro Emporia,Squirrelbot Games,Squirrelbot Games,,29,41,0,"50,000 .. 100,000",263,0,263,0,99,99,0,English,"Casual, Indie, Strategy",0,"{'Casual': 28, 'Strategy': 24, 'Indie': 24}"
346320,Streets of Chaos,SimProse Studios,SimProse Studios,,31,58,0,"100,000 .. 200,000",234,0,254,0,0,0,0,English,"Indie, Simulation, Strategy",0,"{'Strategy': 53, 'Indie': 33, 'Simulation': 31, 'Turn-Based': 12, 'Board Game': 12, 'Turn-Based Strategy': 11, 'Post-apocalyptic': 11, 'Zombies': 10, 'Turn-Based Tactics': 10}"
348740,Abyss Cave,Piao Jingfu,Gamera Game,,13,3,0,"20,000 .. 50,000",0,0,0,0,699,699,0,"English, Simplified Chinese","Action, Adventure, Indie, Strategy, Early Access",0,"{'Strategy': 22, 'Action': 21, 'Adventure': 21, 'Indie': 21, 'Early Access': 21, 'Tower Defense': 5}"
349460,Lord of the Dark Castle,Craze Creative Studios,Trinity Project,,32,17,0,"200,000 .. 500,000",85,0,85,0,54,99,45,English,"Action, Adventure, Casual, Free to Play, Indie, RPG, Strategy",0,"{'RPG': 168, 'Turn-Based': 162, 'Action': 160, 'Dungeon Crawler': 160, 'Strategy': 156, 'Casual': 154, 'Adventure': 147, 'Indie': 145, 'Rogue-like': 144, 'Point & Click': 137, 'Turn-Based Strategy': 135, 'Strategy RPG': 133, 'Exploration': 130, 'CRPG': 128, 'Turn-Based Tactics': 122, '2D': 119, 'Top-Down': 116, 'Fantasy': 112, 'Atmospheric': 101, 'Gothic': 99}"
354030,VolChaos,Fun Infused Games,Fun Infused Games,,31,17,0,"50,000 .. 100,000",0,0,0,0,299,299,0,English,"Action, Adventure, Indie",0,"{'Action': 33, 'Adventure': 33, 'Indie': 31, 'Platformer': 14, '2D': 12, 'Retro': 12, 'Early Access': 11}"
358230,Paganitzu,3D Realms (Apogee Software),3D Realms (Apogee Software),,30,12,0,"0 .. 20,000",4,0,4,0,499,499,0,English,"Action, Adventure",0,"{'Action': 26, 'Adventure': 24, 'Puzzle': 5, 'Classic': 5}"
358240,Monuments of Mars,3D Realms (Apogee Software),3D Realms (Apogee Software),,19,10,0,"20,000 .. 50,000",0,0,0,0,0,0,0,English,"Action, Adventure",0,"{'Action': 27, 'Adventure': 26, 'Platformer': 8, ""1990's"": 5}"
358300,Major Stryker,3D Realms (Apogee Software),3D Realms (Apogee Software),,27,8,0,"20,000 .. 50,000",0,0,0,0,299,299,0,English,Action,0,"{'Action': 29, ""Shoot 'Em Up"": 11, 'Classic': 7, 'Retro': 6, 'Arcade': 5}"
358310,Blake Stone: Planet Strike,JAM Productions,Apogee Entertainment,,29,10,0,"20,000 .. 50,000",0,0,0,0,499,499,0,English,Action,0,"{'Action': 32, 'FPS': 11, 'Classic': 10, 'Shooter': 9, 'First-Person': 9, ""1990's"": 8}"
358330,Pharaoh's Tomb,3D Realms (Apogee Software),3D Realms (Apogee Software),,15,16,0,"20,000 .. 50,000",0,0,0,0,0,0,0,English,Adventure,0,"{'Adventure': 24, 'Platformer': 8, 'Retro': 5}"
358400,Shadow Warrior (Classic),3D Realms (Apogee Software),3D Realms (Apogee Software),,22,10,0,"50,000 .. 100,000",0,0,0,0,999,999,0,English,Action,0,"{'Action': 28, 'FPS': 15, 'Classic': 13, ""1990's"": 6}"
358440,Dark Ages,Scenario Software,3D Realms (Apogee Software),,17,13,0,"20,000 .. 50,000",0,0,0,0,0,0,0,English,Action,0,"{'Action': 26, 'Platformer': 7, '2D': 6, 'Retro': 6}"
358930,Star Control III,Legend Entertainment,Stardock Entertainment,,11,10,0,"20,000 .. 50,000",0,0,0,0,199,399,50,English,"Action, Adventure, Indie, Strategy",0,"{'Third-Person Shooter': 173, 'PvP': 167, 'PvE': 163, 'Action RPG': 162, 'Action-Adventure': 158, 'Third Person': 152, '3D': 150, 'Vehicular Combat': 148, 'FMV': 146, 'Story Rich': 141, 'Exploration': 134, 'Action': 128, 'Space': 127, 'Sci-fi': 124, 'Building': 118, 'Adventure': 109, 'Retro': 108, 'Futuristic': 98, 'Combat': 95, 'Singleplayer': 88}"
365110,After All,JAMgames,W. T. B.,,18,13,0,"20,000 .. 50,000",0,0,0,0,299,299,0,English,"Adventure, Casual, Indie, RPG",41,"{'RPG': 33, 'Indie': 32, 'Adventure': 30, 'Casual': 30, 'Story Rich': 11, '2D': 10, 'Retro': 10, 'RPGMaker': 10, 'Mouse only': 10}"
366530,Esenthel Engine,Esenthel,Rockstar Games,,24,19,0,"100,000 .. 200,000",5,0,11,0,0,0,0,English,"Animation & Modeling, Design & Illustration, Education, Software Training, Utilities, Game Development",0,"{'Game Development': 55, 'Animation & Modeling': 42, 'Education': 39, 'Design & Illustration': 30, 'Utilities': 29, 'Software Training': 27, 'Software': 20, 'GameMaker': 14, 'Free to Play': 6}"
366960,SECTOR,UD,UD,,26,91,0,"20,000 .. 50,000",0,0,0,0,0,0,0,English,"Action, Indie",0,"{'Action': 25, 'Indie': 25, 'Horror': 19, 'FPS': 17, 'Shooter': 17, 'Singleplayer': 15, 'Sci-fi': 13, 'Retro': 12, 'Atmospheric': 12, 'Free to Play': 6, 'Classic': 6}"
370170,Dale Hardshovel HD,phime studio LLC,phime studio LLC,,18,14,0,"20,000 .. 50,000",192,0,217,0,99,99,0,English,"Casual, Indie",0,"{'Indie': 70, 'Casual': 22, 'Puzzle': 6}"
372190,Astro Lords: Oort Cloud,Aratog LLC,BISBOG SA,,27,28,0,"20,000 .. 50,000",1,0,1,0,0,0,0,English,Free to Play,0,"{'Free to Play': 39, 'Space': 9, 'Strategy': 8}"
375620,CortexGear: AngryDroids,"JH12world, Jordan Benoit",JH12world,,24,91,0,"50,000 .. 100,000",131,0,167,0,599,599,0,English,"Action, Adventure, Indie, Strategy",0,"{'Indie': 43, 'Action': 36, 'Strategy': 25, 'Adventure': 25, 'Zombies': 14, 'Multiplayer': 14, 'War': 13, 'Shooter': 13, 'Action-Adventure': 13, 'Mechs': 13, 'Robots': 13, 'Horror': 12, ""Shoot 'Em Up"": 12, '3D Platformer': 12, 'Puzzle-Platformer': 12}"
377590,IRFaceRig,Holotech Studios,Holotech Studios,,21,20,0,"50,000 .. 100,000",1,0,1,0,0,0,0,"English, French, Italian, German, Spanish - Spain, Japanese, Portuguese, Simplified Chinese, Portuguese - Brazil, Korean","Animation & Modeling, Video Production",0,"{'Animation & Modeling': 37, 'Video Production': 27, 'Free to Play': 6}"
380120,Celia's Quest,Duckvalley Productions,Volens Nolens Games,,22,8,0,"50,000 .. 100,000",428,0,603,0,99,99,0,English,"Adventure, Indie, RPG",0,"{'Adventure': 22, 'RPG': 22, 'Indie': 21, 'RPGMaker': 9, 'Female Protagonist': 5}"
385900,Arevan,Overcloud9,Aldorlea Games,,17,20,0,"0 .. 20,000",0,0,0,0,79,799,90,English,"Adventure, Casual, Indie, RPG",2,"{'RPG': 35, 'Indie': 32, 'Adventure': 23, 'Casual': 23, 'RPGMaker': 18, 'Exploration': 13}"
386110,Raywin,Flatline,Volens Nolens Games,,22,46,0,"20,000 .. 50,000",93,0,93,0,54,99,45,English,"Adventure, Indie, RPG",28,"{'Adventure': 207, 'RPG': 65, 'Indie': 63, 'RPGMaker': 48, 'Action RPG': 42, '2D Platformer': 36, 'Pixel Graphics': 35, 'Atmospheric': 32, 'Character Customization': 30, 'Massively Multiplayer': 28, 'Singleplayer': 27, 'Short': 25}"
387450,Shadow of Kingdoms,TernGame,Admax Game,,30,72,0,"50,000 .. 100,000",6,0,6,0,0,0,0,English,"Free to Play, Strategy",0,"{'Free to Play': 44, 'Strategy': 36, 'Massively Multiplayer': 10}"
388390,"""Glow Ball"" - The billiard puzzle game",WTFOMGames,WTFOMGames,,29,98,0,"100,000 .. 200,000",192,0,227,0,299,299,0,English,"Casual, Indie, Sports, Strategy",0,"{'Pool': 104, 'Logic': 98, 'Atmospheric': 95, 'Beautiful': 92, 'Puzzle': 89, 'Indie': 82, 'Abstract': 79, 'Casual': 75, 'Strategy': 71, 'Sports': 67, 'Physics': 62, 'Arcade': 58, 'Puzzle-Platformer': 56, '3D': 54, 'Colorful': 52, 'Minimalist': 49, 'Stylized': 47, 'Top-Down': 45, 'Surreal': 41, 'Fantasy': 38}"
388660,Project Tarvotan,FlagmanJeremy,FlagmanJeremy,,16,21,0,"20,000 .. 50,000",166,0,166,0,99,99,0,English,"Indie, Simulation, Strategy",14,"{'Strategy': 35, 'Indie': 22, 'Simulation': 22, 'Space': 15, 'Turn-Based Strategy': 13, 'Rogue-like': 5}"
389980,Pluto,Pluto VR,Pluto VR,,22,42,0,"50,000 .. 100,000",147,0,147,0,0,0,0,English,"Utilities, Early Access",16,"{'Utilities': 23, 'Early Access': 22, 'VR': 14, 'Multiplayer': 13, 'Free to Play': 12, 'Family Friendly': 11, 'VR Only': 1}"
391590,Dream Chamber,Forge Reply,Microids Indie,,27,22,0,"50,000 .. 100,000",0,0,0,0,999,999,0,"English, French, Italian, German, Spanish - Spain",Adventure,0,"{'Adventure': 24, 'Point & Click': 9}"
394720,The Legend of Tango,Spilt Milk Studios Ltd,Spilt Milk Studios Ltd,,10,12,0,"20,000 .. 50,000",0,0,0,0,0,0,0,English,"Adventure, Indie, RPG",0,"{'Adventure': 32, 'RPG': 32, 'Indie': 32, 'RPGMaker': 16, 'Comedy': 10, 'Funny': 10, 'Singleplayer': 10, 'Short': 10, 'Free to Play': 5}"
396320,Tank Battle: 1944,HexWar Games,HexWar Games,,31,18,0,"20,000 .. 50,000",0,0,0,0,999,999,0,English,Strategy,0,"{'Strategy': 25, 'Hex Grid': 20, 'Turn-Based Strategy': 19, 'World War II': 18, 'Turn-Based': 15, 'Tanks': 15}"
396530,Fireflies,Phanom Games,Phanom Games,,16,36,0,"20,000 .. 50,000",0,0,0,0,199,199,0,English,"Adventure, Indie",0,"{'Adventure': 35, 'Indie': 31, 'Horror': 13, 'Puzzle': 12}"
397320,CTU: Counter Terrorism Unit,Odin Game Studio,Excalibur Publishing,,32,69,0,"20,000 .. 50,000",0,0,0,0,499,499,0,English,"Action, Strategy",0,"{'Strategy': 29, 'Action': 27, 'Tactical': 7, 'FPS': 6, 'First-Person': 5}"
397420,Hoyle Official Card Games,Webfoot Games,Viva Media,,30,31,0,"20,000 .. 50,000",0,0,0,0,0,0,0,"English, French, German",Casual,20,"{'Casual': 22, 'Card Game': 8}"
397820,Let's Sing 2016,Voxler Games,Ravenscourt,,28,29,0,"20,000 .. 50,000",0,0,0,0,1999,1999,0,"English, French, Italian, German, Spanish - Spain, Portuguese - Brazil",Casual,0,"{'Casual': 26, 'Music': 16}"
397870,Arcane Sorcery,Andrew Rowe,Andrew Rowe,,30,24,0,"200,000 .. 500,000",274,0,274,0,0,0,0,English,"Indie, Strategy",0,"{'4X': 217, 'Grand Strategy': 211, 'Turn-Based Tactics': 208, 'Exploration': 205, 'PvE': 199, 'Turn-Based': 192, 'Turn-Based Strategy': 190, 'God Game': 187, 'Strategy': 185, '2D': 183, 'Isometric': 181, 'Top-Down': 179, 'Turn-Based Combat': 177, 'Realistic': 173, 'Fantasy': 171, 'Medieval': 168, 'Military': 151, 'Tactical': 133, 'Logic': 118, 'Mythology': 116}"
398970,none,none,none,,8,23,0,"50,000 .. 100,000",268,0,274,0,0,0,0,English,"Adventure, Indie, Massively Multiplayer, RPG, Strategy",0,"{'Massively Multiplayer': 38, 'Strategy': 23, 'RPG': 23, 'Indie': 23, 'Adventure': 22}"
399090,It's time to get out from the solar system,WTFOMGames,WTFOMGames,,12,45,0,"100,000 .. 200,000",259,0,281,0,299,299,0,English,"Action, Adventure, Casual, Indie, RPG",0,"{'Top-Down Shooter': 395, ""Shoot 'Em Up"": 389, 'Sci-fi': 386, 'Bullet Hell': 381, 'Dystopian ': 376, 'Inventory Management': 370, 'Gun Customization': 364, 'Story Rich': 359, 'Action': 355, 'Flight': 351, 'Arcade': 349, 'Shooter': 344, 'Space': 337, 'Dark Humor': 326, 'Retro': 320, 'Adventure': 316, 'Casual': 314, 'RPG': 311, 'Strategy': 307, 'Management': 301}"
402170,Puzzle Ball,"Почежерцев Влад, Кашковский Антон, Бурков Никита",Art-Pulsar,,27,34,0,"20,000 .. 50,000",0,0,0,0,299,299,0,"English, Russian, German","Casual, Indie",0,"{'Indie': 41, 'Casual': 32, 'Puzzle': 25, 'Level Editor': 16}"
405440,Ares Omega,Selenion Games,Selenion Games,,10,9,0,"50,000 .. 100,000",132,0,132,0,99,99,0,English,"Action, Indie, RPG",0,"{'Action': 26, 'Indie': 22, 'RPG': 20}"
407050,Mussoumano: Ataque dos Haters,Maqna Interactive Ltda - Me,Maqna Interactive Ltda - Me,,24,6,0,"100,000 .. 200,000",0,0,0,0,999,999,0,"English, Portuguese - Brazil","Adventure, Indie, Early Access",0,"{'2.5D': 129, 'Platformer': 123, '3D Platformer': 120, 'Side Scroller': 117, ""1990's"": 114, 'Linear': 108, 'Funny': 106, 'Nostalgia': 102, '3D': 100, 'Retro': 98, 'Controller': 96, 'Action-Adventure': 94, 'Early Access': 92, '2D Platformer': 90, 'Comedy': 86, 'Singleplayer': 84, 'Memes': 78, 'Adventure': 72, 'PvP': 55, 'Story Rich': 52}"
412210,Warfront Defenders: Westerplatte,Flying Robot Studios,Flying Robot Studios,,21,25,0,"200,000 .. 500,000",241,0,261,0,499,499,0,English,"Action, Indie, Strategy, Early Access",0,"{'Strategy': 33, 'Action': 33, 'Indie': 31, 'Early Access': 28}"
416260,The Lost Island,Finalspark Gamestudios,Finalspark Gamestudios,,18,47,0,"50,000 .. 100,000",0,0,0,0,0,0,0,English,"Adventure, Early Access",0,"{'Adventure': 23, 'Early Access': 22, 'Survival': 15, 'Exploration': 15, 'Singleplayer': 12, 'Action-Adventure': 10}"
418310,Chronicles of a Dark Lord: Rhapsody Clash,Kisareth Studios,Kisareth Studios,,18,12,0,"50,000 .. 100,000",130,0,130,0,0,0,0,English,"Casual, Indie, RPG",0,"{'Indie': 33, 'Casual': 31, 'RPG': 20, '2D': 13, 'Music': 12, 'Singleplayer': 12, 'Dark Fantasy': 12, 'Mature': 12, 'Story Rich': 11, 'Rhythm': 11, 'Great Soundtrack': 11, 'Dark Humor': 11, 'Villain Protagonist': 11, 'RPGMaker': 10}"
423700,Apocalypse Hotel - The Post-Apocalyptic Hotel Simulator!,Michael Flynn,FlynnFour Games,,29,48,0,"50,000 .. 100,000",0,0,0,0,699,699,0,English,"Casual, Indie, RPG, Simulation",0,"{'RPG': 38, 'Simulation': 36, 'Casual': 35, 'Indie': 34, 'RPGMaker': 21, 'Zombies': 20, 'Open World': 18, 'Crafting': 17, 'Survival Horror': 15, 'Dark': 14, 'Sandbox': 13, 'Atmospheric': 13, 'Action RPG': 12, 'Pixel Graphics': 7, 'Post-apocalyptic': 5}"
426590,Blood of Magic,Stoneworks Games,Stoneworks Games,,32,45,0,"20,000 .. 50,000",5,0,5,0,999,999,0,English,"Adventure, Indie, RPG, Simulation, Strategy, Early Access",0,"{'Adventure': 31, 'RPG': 31, 'Indie': 31, 'Early Access': 31, 'Strategy': 21, 'Magic': 21, 'Simulation': 20, 'Turn-Based': 13, 'Fantasy': 13, 'Base-Building': 12, 'Economy': 11, 'Turn-Based Combat': 9, 'Party-Based RPG': 9}"
429950,ABO MANDO,UNDEAD,"Andrés Calva, Luis Calva",,23,50,0,"50,000 .. 100,000",263,0,381,0,99,99,0,"English, Spanish - Spain","Action, Adventure, Indie",0,"{'Action': 44, 'Indie': 32, 'Adventure': 30, 'Platformer': 6}"
434090,Bridge! 2,toxtronyx interactive GmbH,Aerosoft GmbH,,19,35,0,"0 .. 20,000",0,0,0,0,999,999,0,"English, German","Casual, Simulation, Strategy",0,"{'Strategy': 32, 'Simulation': 32, 'Casual': 30, 'Building': 14, 'Physics': 11, 'Relaxing': 10, 'Moddable': 10, 'Sandbox': 10, 'Realistic': 10, 'Singleplayer': 10, 'Colorful': 10, 'Replay Value': 10, 'Family Friendly': 10}"
434300,Wormhole City,Zenrok Studios,Zenrok Studios,,12,25,0,"50,000 .. 100,000",0,0,0,0,0,0,0,English,"Action, Adventure, Indie",0,"{'Adventure': 33, 'Action': 24, 'Indie': 22, 'Sci-fi': 15, 'Mechs': 12, 'Action-Adventure': 10, 'Cyberpunk': 5}"
437180,Chill the Piro,"Sergey Marchenko, Vyacheslav Ozolnieks",Sergey Marchenko,,21,8,0,"20,000 .. 50,000",527,0,527,0,199,199,0,"English, Russian","Action, Indie",0,"{'Action': 98, 'Indie': 89, 'Arcade': 86, 'Puzzle': 83, '2D': 80, 'Side Scroller': 73, 'Singleplayer': 70, 'Difficult': 65, 'Puzzle-Platformer': 63, 'Platformer': 58, 'Casual': 54, 'Logic': 54, 'Old School': 52, 'Anime': 49, 'Colorful': 46, 'Retro': 40, 'Score Attack': 39, 'Multiple Endings': 37, 'Nudity': 27}"
442000,Alone K.W.,TeamWaterFly,TeamWaterFly,,21,37,0,"20,000 .. 50,000",334,0,364,0,99,99,0,English,"Adventure, Indie",0,"{'Adventure': 47, 'Indie': 21, 'Horror': 11}"
447920,Drift (Over) Drive,Retraissance,New Reality Games,,18,24,0,"200,000 .. 500,000",238,0,247,0,199,199,0,English,"Indie, Racing",0,"{'Racing': 61, 'Indie': 21}"
447980,Blast Brawl 2,Mind's Eye Games,Mind's Eye Games,,18,1,0,"20,000 .. 50,000",0,0,0,0,299,999,70,English,"Action, Casual, Indie",0,"{""Beat 'em up"": 299, 'Side Scroller': 294, '2D Platformer': 289, '2D Fighter': 289, 'Hack and Slash': 283, 'Character Action Game': 278, 'PvP': 277, 'Platformer': 274, 'Arcade': 272, 'Action-Adventure': 264, 'Character Customization': 262, 'Female Protagonist': 257, '2D': 254, 'Local Multiplayer': 252, 'Local Co-Op': 250, 'Action': 247, 'Colorful': 239, 'Adventure': 233, '4 Player Local': 217, '1980s': 198}"
448710,VirZOOM Arcade,VirZOOM,VirZOOM,,22,6,0,"50,000 .. 100,000",1,0,1,0,0,0,0,English,"Action, Adventure, Casual, Indie, Racing, Sports",0,"{'Casual': 42, 'Racing': 40, 'Action': 35, 'Adventure': 35, 'Indie': 33, 'Sports': 33, 'VR': 21, 'Multiplayer': 16, 'Free to Play': 6, 'VR Only': 1}"
449940,! That Bastard Is Trying To Steal Our Gold !,WTFOMGames,WTFOMGames,,22,60,0,"20,000 .. 50,000",440,0,469,0,299,299,0,English,"Action, Adventure, Casual, Indie",0,"{'Puzzle-Platformer': 237, 'Dark Humor': 232, 'Dungeon Crawler': 228, 'Mining': 225, 'Memes': 223, 'Destruction': 217, 'Indie': 214, 'Funny': 212, 'Comedy': 210, 'Logic': 208, 'Puzzle': 206, 'Casual': 204, 'Old School': 202, 'Precision Platformer': 198, 'Loot': 193, 'Action': 189, 'Adventure': 185, 'Platformer': 183, 'Arcade': 181, '2D': 175}"
454870,Magic Quest,Stereo7 Games,Stereo7 Games,,31,17,0,"50,000 .. 100,000",243,0,247,0,199,199,0,English,"Action, Casual, Indie, Strategy",0,"{'Strategy': 36, 'Casual': 33, 'Tower Defense': 24, 'Action': 22, 'Indie': 22, 'Fantasy': 16}"
455970,Nokori,Heartomics,Heartomics,,23,27,0,"50,000 .. 100,000",243,0,269,0,99,99,0,English,Casual,0,"{'Casual': 25, 'Clicker': 7, 'Visual Novel': 5}"
456660,Slime & Friends,Heartomics,Heartomics,,22,32,0,"50,000 .. 100,000",201,0,228,0,99,99,0,English,Casual,0,"{'Casual': 27, 'Adventure': 14, 'Rogue-lite': 14, 'Rogue-like': 9}"
458030,StarFringe: Adversus,"Casualogic, Droid Riot",Trinity Project,,30,30,0,"20,000 .. 50,000",0,0,0,0,99,99,0,"English, Russian","Strategy, Early Access",4,"{'Strategy': 106, 'RTS': 99, 'Base-Building': 97, 'Space': 94, 'Indie': 91, 'Early Access': 85, 'Adventure': 83, 'Action': 80, 'Exploration': 75, '4X': 71, 'Top-Down Shooter': 68, 'Aliens': 65, 'Simulation': 63, 'Wargame': 60, 'Grand Strategy': 58, 'Real Time Tactics': 56, 'Top-Down': 54, 'Beautiful': 52, 'Futuristic': 50, 'Sci-fi': 35}"
461380,A Princess' Tale,Warfare Studios,Warfare Studios,,26,15,0,"20,000 .. 50,000",0,0,0,0,49,499,90,English,"Adventure, Casual, Indie, RPG",0,"{'Adventure': 25, 'Casual': 24, 'RPG': 23, 'Indie': 23, 'RPGMaker': 14}"
467120,Rising Runner,Magicbane,Magicbane,,11,1,0,"50,000 .. 100,000",289,0,306,0,0,0,0,"English, French, German, Bulgarian","Casual, Indie",0,"{'Casual': 31, 'Indie': 22, 'Female Protagonist': 12, 'Puzzle-Platformer': 11, 'Level Editor': 11}"
469930,Pandum online,Electronic Experience,Electronic Experience,,29,32,0,"50,000 .. 100,000",0,0,0,0,0,0,0,"English, French, Spanish - Spain","Free to Play, Indie, Massively Multiplayer, RPG",0,"{'Free to Play': 237, 'Massively Multiplayer': 231, 'RPG': 227, 'Indie': 224, 'Arcade': 221, 'MMORPG': 215, 'Open World': 211, 'Villain Protagonist': 209, 'MOBA': 206, 'Party-Based RPG': 201, 'Hack and Slash': 198, '3D': 192, 'Anime': 190, 'Dark Fantasy': 188, 'Gore': 186, 'PvP': 179, 'Character Customization': 171, 'Crafting': 153, 'PvE': 141, 'Multiplayer': 135}"
470130,Eclipse --- Defending the motherland,Hangzhou NezhaGames,Hangzhou NezhaGames,,25,23,0,"50,000 .. 100,000",7,0,7,0,0,0,0,English,"Adventure, Free to Play",0,"{'Free to Play': 51, 'Adventure': 32, 'FPS': 27, 'Multiplayer': 23, 'VR': 22, 'Fantasy': 17, 'Sci-fi': 16, 'Survival Horror': 15, 'Difficult': 15, 'First-Person': 14, 'Singleplayer': 5}"
473540,Raise Your Own Clone,CoaguCo Industries,CoaguCo Industries,,5,13,0,"100,000 .. 200,000",36,0,36,0,99,99,0,English,"Adventure, Casual",29,"{'Adventure': 22, 'Casual': 22}"
477180,Shard Games,Novation Games,Novation Games,,31,56,0,"20,000 .. 50,000",266,0,266,0,799,799,0,"English, Russian","Action, Indie, Early Access",0,"{'Arena Shooter': 150, 'FPS': 144, 'PvP': 141, 'Shooter': 135, 'e-sports': 128, '3D': 126, 'First-Person': 122, 'Team-Based': 120, 'Sports': 118, 'Action': 117, 'Realistic': 109, 'Sci-fi': 101, 'Zombies': 93, 'Multiplayer': 91, 'Indie': 80, 'Early Access': 77, 'Simulation': 39, 'Visual Novel': 31, 'Anime': 28, '3D Vision': 26}"
485830,Star Merc,D247 Games,New Worlds Games,,28,17,0,"20,000 .. 50,000",221,0,262,0,199,199,0,English,"Action, Adventure, Casual, Indie, RPG",6,"{'Indie': 41, 'Casual': 33, 'Adventure': 32, 'RPG': 32, 'Action': 31, 'RPGMaker': 19, '2D': 13, 'Turn-Based Combat': 13, 'Sci-fi': 13, 'Space': 13, 'Early Access': 13, 'Fantasy': 12, 'Pixel Graphics': 12, 'Atmospheric': 12, 'Singleplayer': 12, 'Aliens': 12, 'Open World': 11, 'Replay Value': 11, 'Conspiracy': 11, 'Multiple Endings': 11}"
488480,SpaceRoads,Wurd Industries,Wurd Industries,,10,6,0,"20,000 .. 50,000",333,0,333,0,299,299,0,English,"Action, Adventure, Racing",0,"{'Action': 80, 'Adventure': 21, 'Racing': 21}"
492280,The Agency: Chapter 1,Sapphire Dragon Productions,Sapphire Dragon Productions,,29,13,0,"20,000 .. 50,000",0,0,0,0,149,299,50,English,"Adventure, Casual, Simulation",0,"{'Adventure': 27, 'Casual': 22, 'Simulation': 22, 'Visual Novel': 19, 'Anime': 17, 'Steampunk': 16, 'Puzzle': 14, 'Story Rich': 14, 'Great Soundtrack': 14, 'Detective': 14, 'Mystery': 14}"
493780,Nightork Adventures - Beyond the Moons of Shadalee,Warptear Entertainment,Warptear Entertainment,,24,26,0,"50,000 .. 100,000",262,0,262,0,0,0,0,English,"Action, Indie, Simulation",0,"{'Action': 102, 'Simulation': 96, 'Arcade': 92, 'Shooter': 88, 'Third-Person Shooter': 84, 'Colorful': 77, 'Voxel': 75, 'Procedural Generation': 73, 'Space': 71, 'Demons': 69, 'Sci-fi': 67, 'Futuristic': 64, 'Level Editor': 62, 'Indie': 56, 'Free to Play': 40, '3D': 38, 'Third Person': 36, 'Singleplayer': 34, 'Bullet Hell': 32, 'Combat': 30}"
494120,RX squad,YFYX games,YFYX games,,18,9,0,"50,000 .. 100,000",189,0,256,0,199,199,0,English,"Action, Adventure, Casual, Indie",0,"{'Action': 32, 'Adventure': 32, 'Indie': 32, 'Casual': 32}"
496440,The Challenge,Atum Software,Sometimes You,,22,35,0,"20,000 .. 50,000",191,0,199,0,329,1099,70,"English, Russian","Adventure, Indie, Early Access",0,"{'Indie': 41, 'Adventure': 32, 'Early Access': 31, 'Time Travel': 11}"
497590,Sapper's bad dream,WTFOMGames,WTFOMGames,,14,15,0,"100,000 .. 200,000",206,0,213,0,399,399,0,English,"Action, Adventure, Casual, Indie",0,"{'Mystery Dungeon': 169, 'Mining': 163, 'Horror': 160, 'Action': 157, 'Mystery': 154, 'Indie': 148, 'Psychological Horror': 146, 'Dungeon Crawler': 144, 'Adventure': 142, 'Stealth': 137, 'First-Person': 131, 'Destruction': 129, 'Zombies': 123, 'Puzzle': 121, 'Arcade': 118, 'Survival': 114, 'FPS': 111, 'Survival Horror': 107, 'Demons': 103, 'Atmospheric': 96}"
500940,GET THE GEMS,PSY LABS,PSY LABS,,24,7,0,"50,000 .. 100,000",53,0,53,0,299,299,0,English,"Action, Casual, Indie",0,"{'Old School': 147, 'Casual': 141, 'Retro': 138, '2D': 135, 'Puzzle': 132, 'Exploration': 125, '1980s': 120, 'Logic': 116, 'Pixel Graphics': 113, 'Arcade': 109, 'Relaxing': 103, 'Mining': 99, 'Collectathon': 97, 'Score Attack': 95, 'Action': 90, 'Funny': 87, 'Grid-Based Movement': 81, 'Indie': 79, ""1990's"": 75, 'Family Friendly': 68}"
500980,Endangered,"Strawberry Game Studios, LLC","Strawberry Game Studios, LLC",,5,8,0,"100,000 .. 200,000",295,0,301,0,0,0,0,English,"Action, Adventure, Strategy",0,"{'Action': 93, 'Strategy': 30, 'Adventure': 30, 'Violent': 21, 'First-Person': 14, 'FPS': 13, 'Sci-fi': 12}"
501030,Extravaganza Rising,John Wizard,John Wizard,,31,12,0,"50,000 .. 100,000",256,0,256,0,0,0,0,English,"Adventure, Indie, RPG, Strategy",0,"{'Indie': 25, 'Adventure': 24, 'Strategy': 22, 'RPG': 22, 'RPGMaker': 12}"
502150,Interstellar Logistics Inc,Exalted Guy Interactive,Exalted Guy Interactive,,31,4,0,"20,000 .. 50,000",0,0,0,0,399,399,0,English,Casual,0,"{'Casual': 32, 'Puzzle': 12, 'Sci-fi': 12}"
502200,Orczz,Camel 101,Camel 101,,13,9,0,"20,000 .. 50,000",0,0,0,0,299,299,0,"English, French, Italian, German, Spanish - Spain, Dutch, Portuguese - Brazil, Swedish",Strategy,0,"{'Casual': 123, 'Tower Defense': 117, 'Survival': 114, 'Strategy': 111, '2D': 108, 'Cute': 101, 'Funny': 98, 'Story Rich': 93, 'Cartoony': 84, 'Family Friendly': 74, 'Fantasy': 69, 'Tactical': 67, 'Comedy': 64, 'Adventure': 61, 'Cartoon': 53, 'Singleplayer': 46, 'Addictive': 42, 'Indie': 38, 'Action': 36}"
508950,Beerman,Lee Davidson,Lee Davidson,,31,21,0,"20,000 .. 50,000",222,0,228,0,199,199,0,English,"Action, Adventure, Indie",0,"{'Action': 34, 'Adventure': 31, 'Indie': 31, 'Story Rich': 11, 'Side Scroller': 10}"
509930,NightmareZ,Anamik Majumdar,Anamik Majumdar,,17,24,0,"20,000 .. 50,000",170,0,170,0,399,399,0,English,"Action, Indie",0,"{'Action': 32, 'Indie': 31, 'Platformer': 15, '2D': 15, 'Retro': 14, 'Pixel Graphics': 12, 'Singleplayer': 11, 'Difficult': 10}"
511960,Gravity Shot,Intrepid Marmot,Intrepid Marmot,,2,1,0,"50,000 .. 100,000",0,0,0,0,699,699,0,English,"Casual, Indie, Simulation",0,"{'Indie': 91, 'Puzzle': 85, 'Space': 82, 'Physics': 79, 'Arcade': 75, 'Space Sim': 69, 'Top-Down': 66, 'Beautiful': 64, 'Sci-fi': 62, 'Singleplayer': 60, 'Casual': 58, 'Simulation': 55}"
512700,Duckles: the Jigsaw Witch,Turbulon Interactive,Turbulon Interactive,,7,15,0,"50,000 .. 100,000",124,0,124,0,499,499,0,English,"Action, Adventure, Indie",0,"{'Action': 22, 'Adventure': 22, 'Indie': 22, '2D': 13, 'Metroidvania': 10}"
512770,IACTURA,Merlin Beer,Merlin Beer,,20,10,0,"20,000 .. 50,000",138,0,138,0,99,99,0,English,"Action, Indie",0,"{'Action': 37, 'Indie': 32, 'Shooter': 12, 'Multiplayer': 12, '2D': 12, 'Singleplayer': 12, ""Shoot 'Em Up"": 11}"
513150,Daylight's End VR Edition,Groove Jones LLC,Groove Jones LLC,,12,16,0,"20,000 .. 50,000",0,0,0,0,0,0,0,English,Utilities,0,"{'Utilities': 24, 'Gore': 20, 'Violent': 20, 'Horror': 16, 'VR': 16, 'Free to Play': 15, 'Zombies': 15, 'Shooter': 14, 'Action': 13, 'Sci-fi': 13, 'Realistic': 13, 'Story Rich': 12, 'Great Soundtrack': 12, ""Shoot 'Em Up"": 12, 'Fast-Paced': 11, 'Hidden Object': 11}"
514540,HFH Discontinued  [Upgrading to 3D and Leaving Steam],HFH Crew,HFH Crew,,5,1,0,"100,000 .. 200,000",243,0,246,0,0,0,0,English,"Adventure, Indie, RPG",0,"{'Family Friendly': 237, 'Anime': 231, 'Cartoony': 227, 'JRPG': 224, 'RPG': 222, 'Fantasy': 215, 'Futuristic': 209, 'Casual': 207, 'Adventure': 200, 'Strategy RPG': 195, 'Action-Adventure': 192, 'Turn-Based Tactics': 188, 'Action RPG': 186, '2D': 181, 'Modern': 175, 'Turn-Based Combat': 166, 'Old School': 154, 'Faith': 143, 'Mystery': 137, 'Superhero': 134}"
516950,STARS Simulation,Just Amusing Myself Studios,Just Amusing Myself Studios,,5,7,0,"20,000 .. 50,000",262,0,265,0,99,99,0,English,"Action, Adventure, Indie, Simulation, Early Access",0,"{'Early Access': 30, 'Indie': 23, 'Simulation': 23, 'Action': 22, 'Adventure': 21, 'VR': 10}"
517010,Aztecalypse,Displacement Studios,Displacement Studios,,25,29,0,"50,000 .. 100,000",197,0,212,0,99,99,0,English,"Action, Adventure, Indie",0,"{'Indie': 38, 'Action': 24, 'Adventure': 23, 'Gore': 20, 'Violent': 20, 'Horror': 15, 'Zombies': 13}"
525100,SLIVER.tv,SLIVER.tv,SLIVER.tv,,22,17,0,"20,000 .. 50,000",0,0,0,0,0,0,0,English,"Utilities, Video Production",0,"{'Utilities': 25, 'Video Production': 24, 'VR': 9}"
525460,Sullen: Light is Your Friend,FranticDreamer,FranticDreamer,,6,26,0,"20,000 .. 50,000",0,0,0,0,499,499,0,"English, Turkish","Adventure, Indie, Early Access",0,"{'Early Access': 46, 'Indie': 33, 'Adventure': 32, 'Horror': 18, 'Gore': 10}"
526750,The Gleam: VR Escape the Room,,Aegon Games Ltd,,18,37,0,"50,000 .. 100,000",246,0,246,0,399,399,0,English,,0,"{'Adventure': 30, 'Indie': 23, 'Horror': 22, 'Strategy': 21, 'Casual': 21, 'Gore': 20, 'Violent': 20, 'VR': 12, 'Escape Room': 7}"
527790,Cranium Conundrum,Falling Star Games,Sometimes You,,23,39,0,"100,000 .. 200,000",245,0,269,0,179,599,70,English,"Adventure, Casual, Indie, Early Access",0,"{'Casual': 35, 'Early Access': 33, 'Adventure': 32, 'Indie': 32}"
527810,Dynamite Alex,Ryan Silberman,Opium Pulses Entertainment,,14,11,0,"20,000 .. 50,000",274,0,275,0,99,99,0,English,"Action, Indie",0,"{'Indie': 74, 'Action': 32, 'Pixel Graphics': 13, 'Female Protagonist': 13, 'Platformer': 12, 'Singleplayer': 12, 'Retro': 11, 'Difficult': 11, 'Classic': 10}"
528450,Hunt: The Unknown Quarry,"Quicksilver Software, Inc.","Quicksilver Software, Inc.",,29,13,0,"20,000 .. 50,000",0,0,0,0,0,0,0,English,"Indie, Strategy",0,"{'Horror': 126, 'Investigation': 120, 'PvP': 116, 'Logic': 112, 'Turn-Based': 108, 'Board Game': 103, 'Card Game': 99, 'Stealth': 96, 'Tabletop': 92, 'Strategy': 91, 'Detective': 86, 'Supernatural': 81, 'Social Deduction': 76, '2D': 69, 'Assassin': 61, 'Atmospheric': 59, 'Indie': 55, 'Combat': 51, 'Werewolves': 47, 'Vampire': 44}"
528670,Elems,Fifth Dimension Company,Fifth Dimension Company,,10,7,0,"200,000 .. 500,000",223,0,230,0,99,99,0,"English, Russian","Casual, Indie",0,"{'Indie': 48, 'Casual': 32}"
529920,Resurgence,Lightning Man Media,Lightning Man Media,,13,8,0,"500,000 .. 1,000,000",258,0,258,0,199,199,0,English,"Adventure, Indie",0,"{'Adventure': 29, 'Indie': 21}"
530550,Bubble Jungle  Super Chameleon Platformer World,,Eternity Studios,,15,2,0,"20,000 .. 50,000",700,0,726,0,0,0,0,English,,0,"{'Casual': 37, 'Adventure': 21, 'Indie': 21, '3D Platformer': 12, 'Platformer': 11, 'Superhero': 10, 'Co-op': 10}"
533180,Campfire: One of Us Is the Killer,Abstractive Works,HandMade Games,,21,35,0,"20,000 .. 50,000",133,0,159,0,49,99,51,English,"Casual, Indie",0,"{'Indie': 36, 'Casual': 22, 'Survival': 11, 'Multiplayer': 11, 'Psychological': 11, 'Party': 10}"
536490,Perfect Fit - Totemland,Homiebear Studio,Homiebear Studio,,27,11,0,"20,000 .. 50,000",242,0,242,0,399,399,0,"English, Russian, Ukrainian","Casual, Indie",0,"{'Indie': 55, 'Casual': 32, 'Puzzle': 13, '2D': 12, 'Touch-Friendly': 12, 'Relaxing': 11, 'Difficult': 11, 'Colorful': 11}"
540360,Jewel Quest Seven Seas Collector's Edition,"iWin, Inc.","iWin, Inc.",,8,3,0,"50,000 .. 100,000",0,0,0,0,1299,1299,0,"English, French, German, Spanish - Spain",Casual,0,"{'Casual': 23, 'Match 3': 6}"
540640,Tales of the Elements,Last BeNeVoLeNcE,RandomBeats Music,,13,6,0,"50,000 .. 100,000",205,0,225,0,279,699,60,English,"Action, Adventure, Casual, Indie, RPG",0,"{'Indie': 150, 'JRPG': 145, 'Action RPG': 142, '2D': 139, 'Music': 135, '4 Player Local': 130, 'Local Co-Op': 127, 'Old School': 122, ""1990's"": 119, 'Soundtrack': 117, 'Modern': 114, 'Pixel Graphics': 111, 'Controller': 109, 'Singleplayer': 99, 'Story Rich': 89, 'Party-Based RPG': 89, 'Satire': 85, 'RPG': 81, 'Co-op Campaign': 76, 'Hack and Slash': 69}"
542690,Mahsung Deluxe,EnsenaSoft,EnsenaSoft,,30,38,0,"50,000 .. 100,000",223,0,228,0,99,99,0,English,Casual,1,"{'Casual': 24, 'Puzzle': 6}"
542790,RacetronicVR,Charles Cochrane,Charles Cochrane,,2,3,0,"50,000 .. 100,000",0,0,0,0,0,0,0,English,Racing,0,"{'VR': 71, 'Racing': 65, 'Shooter': 44, 'Free to Play': 41, 'Singleplayer': 38, 'Action': 32, 'Driving': 30, 'Combat Racing': 28, 'Minimalist': 26, 'Sci-fi': 24, 'Space': 22, 'Automobile Sim': 20, 'Indie': 18}"
543650,Last Days,CrackedGhostGames,2ndDimensionGhost,,24,19,0,"100,000 .. 200,000",316,0,325,0,0,0,0,English,"Action, Adventure, Free to Play, Indie, RPG, Early Access",0,"{'Early Access': 57, 'Gore': 31, 'RPG': 23, 'Action': 21, 'Adventure': 21, 'Indie': 21, 'Violent': 20, 'Free to Play': 18, 'Blood': 11, 'RPGMaker': 6}"
547710,Darkness Ahead,Useless Machines,SA Industry,,18,13,0,"20,000 .. 50,000",246,0,323,0,299,299,0,English,"Adventure, Indie",0,"{'Indie': 36, 'Adventure': 30, 'Horror': 15, 'First-Person': 12, 'Walking Simulator': 11, 'Puzzle': 10, 'Story Rich': 10, 'Exploration': 10, 'Atmospheric': 10, 'Singleplayer': 10, 'Short': 10, 'Dark': 10, 'Mystery': 10}"
548080,Space Merchants: Arena,Playito.com,Playito.com,,16,7,0,"50,000 .. 100,000",254,0,257,0,699,699,0,"English, Czech, Russian","Action, Casual, Indie, Massively Multiplayer, RPG, Simulation",0,"{'Arena Shooter': 181, 'Real Time Tactics': 175, 'Space': 172, 'PvP': 169, 'Artificial Intelligence': 166, 'Physics': 160, 'Trading': 158, 'Shooter': 156, 'Space Sim': 154, 'RPG': 152, 'VR': 151, '3D': 148, 'First-Person': 145, 'Third Person': 140, 'Cyberpunk': 138, 'Controller': 132, 'Action': 130, 'Casual': 118, 'Simulation': 107, 'Loot': 102}"
548710,Sandstorm,Energy Milk,Energy Milk,,9,11,0,"50,000 .. 100,000",397,0,397,0,89,599,85,English,"Action, Adventure, Casual, Indie",0,"{'Action': 33, 'Indie': 31, 'Adventure': 21, 'Casual': 21, 'Tanks': 12, 'Arcade': 11}"
555850,Galactic Landing,Kobra Studio,Kobra Studio,,18,13,0,"20,000 .. 50,000",452,0,452,0,199,199,0,"English, Russian","Action, Casual, Indie, Simulation, Strategy, Early Access",0,"{'Early Access': 29, 'Indie': 24, 'Casual': 24, 'Simulation': 24, 'Strategy': 23, 'Action': 23}"
555970,Awaken,Blueprint Reality Inc.,Blueprint Reality Inc.,,24,3,0,"20,000 .. 50,000",0,0,0,0,2999,2999,0,"English, Japanese, Korean, Simplified Chinese, Traditional Chinese","Adventure, Casual, Indie, Early Access",0,"{'Indie': 21, 'Early Access': 21, 'Casual': 21, 'Adventure': 20, 'VR': 8}"
562600,Our Wonderful World,White Rabbit Games,White Rabbit Games,,15,8,0,"200,000 .. 500,000",210,0,210,0,99,99,0,English,"Casual, Indie",0,"{'Indie': 30, 'Casual': 21}"
567040,AffordaGolf Online,Oryzhon Studios,Oryzhon Studios,,21,41,0,"20,000 .. 50,000",0,0,0,0,0,0,0,English,"Casual, Indie, Sports",0,"{'Indie': 21, 'Casual': 21, 'Sports': 21}"
568200,Duo,Bruno Freitas,Bruno Freitas,,27,4,0,"20,000 .. 50,000",124,0,124,0,199,199,0,English,"Casual, Indie",0,"{'Casual': 22, 'Indie': 21, 'Puzzle': 12}"
568780,Multishop Tycoon Deluxe,Maulidan Games,Maulidan Games,,22,9,0,"100,000 .. 200,000",330,0,385,0,699,699,0,English,"Indie, Simulation, Strategy",0,"{'Simulation': 92, 'Resource Management': 86, 'Casual': 83, 'Management': 80, 'Inventory Management': 76, 'Strategy': 70, 'Turn-Based Strategy': 64, 'Indie': 62, 'Isometric': 46, 'Singleplayer': 44, 'Building': 33, 'Cartoon': 31, 'Cartoony': 29, 'Colorful': 27, 'Cute': 25, 'Linear': 23}"
573210,Mistwood Heroes,Meepower,Volens Nolens Games,,28,20,0,"50,000 .. 100,000",195,0,272,0,99,99,0,English,"Action, Adventure, Casual, Indie, RPG",0,"{'Hack and Slash': 155, 'Turn-Based': 149, 'Party-Based RPG': 146, 'JRPG': 143, 'RPG': 140, '2D': 134, 'Top-Down': 130, 'Historical': 128, 'Horror': 124, 'Post-apocalyptic': 119, 'Psychological Horror': 111, 'Turn-Based Combat': 105, 'Action': 102, 'Casual': 100, 'Pixel Graphics': 97, 'Anime': 92, 'Magic': 90, 'Medieval': 87, 'Mystery': 84, 'Adventure': 76}"
575090,Flame of Memory,Kacper Stasiełuk,Kacper Stasiełuk,,21,11,0,"100,000 .. 200,000",332,0,332,0,0,0,0,"English, Polish","Indie, Strategy",0,"{'Strategy': 26, 'Indie': 21}"
575110,Magic Lantern,Parovoz Animation Studio,Interactive Moolt,,24,3,0,"500,000 .. 1,000,000",151,0,235,0,0,0,0,"English, Russian","Adventure, Free to Play, Simulation",0,"{'VR': 1498, 'Adventure': 24, 'Simulation': 24, 'Free to Play': 5}"
575630,Permute,Cleverweek,Cleverweek,,27,25,0,"50,000 .. 100,000",224,0,236,0,199,199,0,English,"Casual, Indie",0,"{'Indie': 31, 'Casual': 21, '3D Platformer': 5}"
575770,Dangerous Bullets,Indie Games Studio,Enoops,,16,14,0,"20,000 .. 50,000",250,0,269,0,54,99,45,English,"Action, Adventure, Indie, RPG",15,"{'Action': 92, 'Adventure': 66, 'Indie': 63, 'RPG': 60, 'Platformer': 57, 'Pixel Graphics': 51, '2D': 49, 'Retro': 47, 'Shooter': 43, '2D Platformer': 39, 'Minimalist': 35, 'Linear': 31, 'Singleplayer': 29, 'Difficult': 27}"
576120,Purgatory II,"New Reality Games, Eduard Mirica",New Reality Games,,11,19,0,"200,000 .. 500,000",237,0,258,0,199,199,0,English,"Adventure, Indie, Strategy",0,"{'Indie': 37, 'Strategy': 32, 'Adventure': 32, 'Fantasy': 10, 'Pixel Graphics': 10, 'RPG': 9}"
576660,Snake Party,Displacement Studios,Displacement Studios,,13,25,0,"100,000 .. 200,000",208,0,217,0,54,99,45,English,"Indie, Racing",14,"{'Indie': 36, 'Racing': 21}"
576800,Final Bravely,Windam,Windam,,24,4,0,"20,000 .. 50,000",273,0,276,0,399,399,0,"English, French","Action, Adventure, Indie, RPG",0,"{'Action': 55, 'Adventure': 32, 'RPG': 31, 'Indie': 31, 'RPGMaker': 17, 'Fantasy': 12, '2D': 12, 'Singleplayer': 11, 'Action-Adventure': 10}"
577890,Arena: Blood on the Sand VR,Random Bird Studio,Droid Riot,,2,11,0,"50,000 .. 100,000",0,0,0,0,499,499,0,English,"Action, Indie, Simulation",0,"{'Action': 31, 'Indie': 31, 'Simulation': 31, 'Swordplay': 11, 'Arena Shooter': 11, 'Controller': 11, 'VR': 11}"
578440,冒险村传说（Tales of Legends）,Gemini Stars Games,Gemini Stars Games,,29,45,0,"20,000 .. 50,000",147,0,147,0,199,199,0,"English, Simplified Chinese, Traditional Chinese",RPG,0,"{'RPG': 81, 'RPGMaker': 62, 'Pixel Graphics': 57, 'Adventure': 54, 'Exploration': 52, 'Dungeon Crawler': 46, '1980s': 42, 'Building': 40, 'Singleplayer': 39, 'Anime': 37, '2D': 33, 'Free to Play': 30, 'Point & Click': 28, 'JRPG': 26, 'Top-Down': 26, 'Retro': 22}"
580910,idleBeer,Victor Corradi,Corradi Games,,12,30,0,"200,000 .. 500,000",320,0,330,0,99,99,0,English,"Casual, Indie, Simulation",0,"{'Casual': 30, 'Indie': 21, 'Simulation': 21, 'Clicker': 7}"
581100,Langoth,Atum Software,Sometimes You,,28,34,0,"50,000 .. 100,000",237,0,266,0,74,299,75,"English, Russian","Action, Adventure, Indie",0,"{'Indie': 49, 'Adventure': 24, 'Action': 23}"
582920,From Shadows,Revolt and Rebel,Klabater,,15,13,0,"50,000 .. 100,000",59,0,59,0,49,199,75,"English, Polish, Russian","Action, Indie",0,"{'Side Scroller': 270, 'Vampire': 264, 'Horror': 261, '2D Fighter': 258, 'Hack and Slash': 255, '2D Platformer': 249, '2D': 247, 'Puzzle-Platformer': 245, 'Platformer': 240, 'Action RPG': 237, 'Arcade': 235, 'Experimental': 233, 'Action-Adventure': 231, 'RPG': 228, 'Linear': 219, 'Action': 215, 'Cartoony': 213, 'Hand-drawn': 209, 'Stylized': 206, 'Demons': 202}"
584780,Operation swat,WhackAKey Games,Big Black Bear,,17,21,0,"50,000 .. 100,000",259,0,260,0,99,99,0,English,"Action, Strategy",0,"{'Action': 98, 'Strategy': 92, 'FPS': 89, 'Shooter': 86, 'Team-Based': 83, 'Violent': 77, 'First-Person': 75, 'Psychological': 70, 'Modern': 67, 'Tactical': 61, 'Military': 58, 'Survival': 56, 'Singleplayer': 51, 'Indie': 47, 'Horror': 43, 'Psychological Horror': 34, 'Female Protagonist': 31, 'Memes': 29, 'Multiplayer': 27, 'Anime': 25}"
586130,Survival Driver,"Tero Lunkka, Mikko Seppälä",Tero Lunkka,,29,38,0,"100,000 .. 200,000",219,0,255,0,49,199,75,English,"Casual, Indie, Racing",2,"{'Indie': 46, 'Racing': 23, 'Casual': 22}"
586790,Hold your houses,WhackAKey Games,Big Black Bear,,11,27,0,"20,000 .. 50,000",274,0,275,0,54,99,45,English,"Action, Strategy",1,"{'Action': 94, 'Strategy': 69, 'Tower Defense': 61, 'Shooter': 58, 'Real Time Tactics': 55, 'FPS': 49, '3D': 47, 'First-Person': 45, 'Atmospheric': 43, 'Military': 41, 'War': 39, 'Survival': 37, 'Combat': 35, 'Base-Building': 33, 'Singleplayer': 31, 'Violent': 29, 'Female Protagonist': 27, 'Memes': 25}"
587710,Xenobox VR,Motion Games Studio,Motion Games Studio,,3,0,0,"50,000 .. 100,000",211,0,211,0,499,499,0,English,"Action, Indie, Early Access",1,"{'Early Access': 91, 'Action': 21, 'Indie': 21, 'VR': 11}"
587790,Deadly Animal Duel,Night Animals,New Reality Games,,8,34,0,"200,000 .. 500,000",295,0,314,0,199,199,0,English,"Action, Casual",1,"{'Action': 59, 'Casual': 22}"
588140,ESCAPE FROM VOYNA: Dead Forest,Dead Turtle,Dead Turtle,,0,1,0,"500,000 .. 1,000,000",0,0,0,0,599,599,0,English,"Action, Indie",0,"{'Spectacle fighter': 114, 'FPS': 108, 'Bullet Hell': 104, 'Open World': 101, 'Fighting': 98, 'Shooter': 92, 'Experimental': 90, 'Arcade': 88, 'First-Person': 86, 'Story Rich': 84, 'Psychological Horror': 82, 'Action': 71, 'Zombies': 69, 'Lovecraftian': 66, 'Adventure': 53, 'Singleplayer': 51, 'Indie': 49, 'Anime': 29, 'Funny': 27}"
589430,Killer Elite – Time to Die,Wioleta Moniuszko,WRGenesis,,5,20,0,"50,000 .. 100,000",400,0,406,0,0,0,0,English,"Action, Indie, Massively Multiplayer",1,"{'Action': 29, 'Violent': 23, 'Massively Multiplayer': 22, 'Indie': 22}"
590440,Carlos III y la difusión de la antigüedad,Future Lighthouse,Future Lighthouse,,8,2,0,"50,000 .. 100,000",0,0,0,0,0,0,0,"English, Not supported, Spanish - Spain",Adventure,0,"{'Adventure': 21, 'VR': 7}"
590870,Planetoid,GameWriterStudio,Big Black Bear,,14,19,0,"20,000 .. 50,000",335,0,344,0,99,99,0,English,"Action, Adventure, Indie, Strategy",3,"{'Indie': 47, 'Strategy': 23, 'Action': 23, 'Adventure': 23, 'Space': 16, 'Building': 15, 'Tower Defense': 14, 'Sandbox': 13, 'Physics': 13}"
591990,Cosmic Awakening VR,3D Generation,3D Generation,,16,9,0,"50,000 .. 100,000",0,0,0,0,1199,1199,0,English,"Violent, Gore, Adventure, Indie",0,"{'Horror': 191, 'Exploration': 185, 'VR': 182, 'Sci-fi': 179, 'Psychological Horror': 176, 'Atmospheric': 170, 'Aliens': 168, 'Dark': 165, 'Space': 162, 'Demons': 156, 'Investigation': 154, 'Survival': 152, 'Lovecraftian': 150, 'Adventure': 148, 'Supernatural': 143, 'Conspiracy': 137, 'Survival Horror': 135, 'Walking Simulator': 132, 'Violent': 129, 'Gore': 127}"
592200,Super Army of Tentacles 3: The Search for Army of Tentacles 2,Stegalosaurus Game Development,Stegalosaurus Game Development,,15,5,0,"50,000 .. 100,000",251,0,263,0,1099,1099,0,English,"Adventure, Indie, RPG",0,"{'CRPG': 238, 'Visual Novel': 232, 'Party-Based RPG': 228, 'Character Customization': 222, 'Silent Protagonist': 219, 'Female Protagonist': 211, 'RPG': 207, 'Post-apocalyptic': 204, 'Horror': 200, 'Funny': 191, 'Dark Humor': 181, 'Turn-Based Combat': 173, 'Multiple Endings': 165, 'Conversation': 158, 'Nonlinear': 152, 'Minimalist': 148, 'Colorful': 138, 'Fantasy': 131, 'Sci-fi': 128, 'Science': 122}"
595270,Million to One Hero,Over the Top Games,Over the Top Games,,29,0,0,"20,000 .. 50,000",0,0,0,0,749,1499,50,"English, Spanish - Spain",Indie,0,"{'Precision Platformer': 317, 'Choose Your Own Adventure': 311, 'Metroidvania': 307, '2D Platformer': 303, 'Puzzle-Platformer': 300, 'City Builder': 294, 'Puzzle': 292, 'Difficult': 285, 'Unforgiving': 279, 'Platformer': 277, '2D Fighter': 275, 'JRPG': 272, '2D': 261, 'Funny': 251, 'Narration': 246, 'Action': 244, 'Colorful': 230, 'Minimalist': 221, 'Pixel Graphics': 214, 'Mythology': 196}"
595640,Robo Do It,Angel Carriola,"Glossware Studios, Dosane Games",,18,11,0,"20,000 .. 50,000",51,0,51,0,99,99,0,"English, Spanish - Spain","Adventure, Casual, Indie, Simulation, Strategy",0,"{'Casual': 40, 'Strategy': 32, 'Indie': 30, 'Adventure': 29, 'Simulation': 29, 'Puzzle': 16, 'Level Editor': 15, 'Puzzle-Platformer': 13, 'Arcade': 9, 'Programming': 6}"
598600,Silence in Space - Season One,Gisa Ferreira,Glitch Pixel,,12,15,0,"50,000 .. 100,000",0,0,0,0,199,199,0,English,"Adventure, Casual, Indie",0,"{'Adventure': 40, 'Indie': 33, 'Casual': 31, 'Violent': 22, 'Point & Click': 15, 'Sci-fi': 15, 'Pixel Graphics': 14, 'Thriller': 11}"
601180,Doug and Lily,the_dobrokot,HDSTGames,,22,6,0,"50,000 .. 100,000",319,0,319,0,99,99,0,English,"Action, Adventure, Indie",0,"{'Indie': 80, 'Action': 70, 'Adventure': 66, 'Platformer': 55, 'Casual': 52, '2D': 46, 'Side Scroller': 44, 'Cute': 41, 'Dinosaurs': 38, 'Arcade': 36, '2D Platformer': 34, 'Pixel Graphics': 32, 'Family Friendly': 30, 'Linear': 28, 'Score Attack': 26, 'Female Protagonist': 24, 'Singleplayer': 22}"
603000,Hillbilly Apocalypse,Uncle Frost Team,Sometimes You,,17,13,0,"50,000 .. 100,000",0,0,0,0,59,599,90,English,"Action, Indie",1,"{'Action': 22, 'Indie': 22}"
604040,Legion Tale,Maulidan Games,Maulidan Games,,9,3,0,"50,000 .. 100,000",328,0,331,0,499,499,0,English,"Indie, Strategy",0,"{'Tactical RPG': 148, 'Strategy': 142, 'Turn-Based Tactics': 139, 'Casual': 136, 'Turn-Based': 131, 'Turn-Based Strategy': 121, 'Strategy RPG': 116, 'RPG': 113, '2D': 111, 'Turn-Based Combat': 108, 'Action': 105, 'Pixel Graphics': 103, 'Medieval': 100, 'Tactical': 97, 'Class-Based': 93, 'War': 91, 'Adventure': 89, 'Retro': 85, 'Singleplayer': 74, 'Indie': 59}"
604990,Stratside,Albert Espín,Albert Espín,,6,0,0,"200,000 .. 500,000",0,0,0,0,499,499,0,"English, Spanish - Spain","Casual, Indie, Strategy",0,"{'Tower Defense': 3121, 'Logic': 248, 'Casual': 248, 'Relaxing': 245, 'Lemmings': 240, 'Space': 230, 'Inventory Management': 227, 'Auto Battler': 222, 'Artificial Intelligence': 222, 'Level Editor': 220, '2.5D': 216, 'Side Scroller': 209, 'Tutorial': 208, 'Great Soundtrack': 206, 'Family Friendly': 200, 'Sci-fi': 197, 'Procedural Generation': 188, 'Resource Management': 180, 'Management': 166, 'Base-Building': 158}"
609100,Gold Rush! 2,Sunlight Games,Sunlight Games,,12,7,0,"50,000 .. 100,000",0,0,0,0,271,799,66,"English, German","Adventure, Indie, Strategy",0,"{'Adventure': 143, 'Strategy': 137, 'Point & Click': 134, 'Action': 130, 'Casual': 125, 'Simulation': 118, 'Sports': 114, 'Platformer': 112, 'Arcade': 107, 'Visual Novel': 104, 'Exploration': 101, 'Grand Strategy': 95, 'Anime': 90, 'Western': 82, 'Comedy': 70, 'Funny': 67, 'Hunting': 65, 'Singleplayer': 62, 'Historical': 57, 'Sequel': 56}"
614460,Amber Tail Adventure,Xyak-Xyak,Xyak-Xyak,,29,20,0,"100,000 .. 200,000",202,0,250,0,99,99,0,"English, Russian","Action, Adventure",45,"{'Action': 180, 'Adventure': 174, 'Pixel Graphics': 170, '2D': 165, 'Retro': 162, 'Indie': 153, 'Difficult': 149, 'Casual': 146, 'Puzzle': 141, 'Arcade': 137, 'Experimental': 130, 'Character Action Game': 127, 'War': 124, 'Military': 122, 'Bullet Time': 120, 'Perma Death': 118, 'Singleplayer': 116, 'RPG': 114, 'Exploration': 112, 'Action-Adventure': 110}"
616030,Eventide Night,Leaning Tower Studio,Leaning Tower Studio,,25,1,0,"100,000 .. 200,000",304,0,318,0,99,99,0,"English, Simplified Chinese","Action, Casual, Indie, RPG",0,"{'Female Protagonist': 103, 'Pixel Graphics': 97, 'Anime': 93, 'Cute': 89, 'Singleplayer': 86, 'Indie': 79, 'Action': 54, 'Casual': 52, 'RPG': 49, 'Bullet Hell': 35, ""Shoot 'Em Up"": 29, 'Great Soundtrack': 27}"
617420,Animal Rivals,Blue Sunset Games,Blue Sunset Games,,27,25,0,"20,000 .. 50,000",288,0,303,0,699,699,0,"English, Polish, German","Action, Casual, Indie",0,"{'Casual': 378, 'Action': 40, 'Indie': 38, '4 Player Local': 19, 'Local Multiplayer': 18, 'Funny': 17, 'Racing': 15, 'Co-op': 15, 'Great Soundtrack': 15, 'Arcade': 15, 'Retro': 15, 'Difficult': 15, 'Singleplayer': 15, 'Co-op Campaign': 15}"
619610,Ultratank,Asset Flip Studio,Asset Flip Studio,,1,1,0,"50,000 .. 100,000",0,0,0,0,99,99,0,English,"Action, Casual, Indie, Racing",0,"{'Tanks': 105, 'Score Attack': 99, 'Casual': 96, 'Runner': 93, '3D': 90, 'Driving': 84, 'Platformer': 82, 'Indie': 80, 'Racing': 77, 'Automobile Sim': 69, 'Cute': 67, 'Top-Down': 65, 'Abstract': 63, 'Third Person': 61, 'Rhythm': 59, 'Combat Racing': 57, 'Action': 55, 'Minimalist': 33, 'Cartoony': 31, 'Cartoon': 29}"
619890,Evil Glitch,Agar3s,Giant Fox Studios,,29,3,0,"20,000 .. 50,000",302,0,307,0,299,299,0,English,Action,0,"{'Action': 14, 'Retro': 8}"
620130,Chaos Town,QuickSave,SA Industry,,13,2,0,"20,000 .. 50,000",293,0,322,0,399,399,0,English,"Action, Indie, RPG",0,"{'Action': 41, 'Indie': 32, 'RPG': 31, 'Shooter': 13, 'Top-Down Shooter': 12, 'Bullet Hell': 11, 'Gore': 11, ""Shoot 'Em Up"": 11, 'Funny': 10, 'Bullet Time': 10, 'Top-Down': 10, 'Twin Stick Shooter': 10, 'Violent': 10, 'Singleplayer': 10, 'Difficult': 10, 'Arcade': 10, 'Great Soundtrack': 10, 'Dungeon Crawler': 10, 'Survival': 10, 'Adventure': 10}"
620310,Bonny's Adventure,"Jonas De Carvalho Felinto, Marcelo Eduardo Cabral","Jonas De Carvalho Felinto, Marcelo Eduardo Cabral",,11,1,0,"20,000 .. 50,000",437,0,445,0,399,399,0,English,"Action, Adventure, Casual, Indie",0,"{'Adventure': 40, 'Indie': 31, 'Action': 21, 'Casual': 21}"
620350,Dark Hope: A Puzzle Adventure,"Broken Bunny Studios, Inc","Broken Bunny Studios, Inc",,9,8,0,"100,000 .. 200,000",0,0,0,0,999,999,0,English,"Adventure, Indie",0,"{'Adventure': 261, 'Indie': 255, 'First-Person': 252, 'Horror': 249, 'Mystery': 240, 'Psychological Horror': 238, 'Steampunk': 236, 'Puzzle': 232, 'Detective': 230, 'Point & Click': 219, 'Survival Horror': 194, '3D': 192, 'Atmospheric': 161, 'Conspiracy': 145, 'Dark': 128, 'Alternate History': 85, 'Post-apocalyptic': 63, 'Story Rich': 42, 'Choices Matter': 27, 'Singleplayer': 25}"
622920,P-Walker's Simulation,BrainStrainStudios,BrainStrainStudios,,31,39,0,"20,000 .. 50,000",232,0,232,0,299,299,0,English,"Action, Adventure, Indie, Racing, Simulation, Early Access",0,"{'Early Access': 27, 'Action': 24, 'Adventure': 24, 'Simulation': 24, 'Indie': 23, 'Violent': 23, 'Racing': 22, 'Nudity': 22}"
624060,Shattered Steel,BioWare,Interplay Entertainment Corp.,,5,1,0,"50,000 .. 100,000",0,0,0,0,999,999,0,English,"Action, Simulation",0,"{'Action': 152, 'Simulation': 146, 'Mechs': 142, 'Shooter': 138, 'First-Person': 134, 'Sci-fi': 125, 'Futuristic': 118, 'FPS': 110, '3D': 104, 'Space': 99, ""1990's"": 88, 'Atmospheric': 76, 'Vehicular Combat': 65, 'Multiplayer': 54, 'Singleplayer': 51, 'Level Editor': 38, 'Robots': 36, 'Combat': 34, 'Aliens': 32, 'Dystopian ': 30}"
624070,Dragon Wars,Interplay Entertainment Corp.,Interplay Entertainment Corp.,,11,3,0,"100,000 .. 200,000",0,0,0,0,999,999,0,English,"Adventure, RPG",0,"{'RPG': 120, 'Adventure': 114, 'Dungeon Crawler': 111, 'First-Person': 106, 'Party-Based RPG': 101, 'CRPG': 94, 'Character Customization': 90, 'Fantasy': 88, 'Character Action Game': 83, '2D': 79, '2.5D': 76, 'Story Rich': 73, 'Pixel Graphics': 68, 'Grid-Based Movement': 66, 'Turn-Based Combat': 63, 'Action': 59, 'Medieval': 55, 'Singleplayer': 47, 'Exploration': 43, 'Old School': 37}"
624080,Cyberia,Xatrix Entertainment,Interplay Entertainment Corp.,,24,0,0,"20,000 .. 50,000",0,0,0,0,999,999,0,"English, French, German","Action, Adventure, Simulation",0,"{'Action': 127, 'Adventure': 121, 'Simulation': 118, 'Cyberpunk': 115, 'On-Rails Shooter': 111, 'Futuristic': 105, 'First-Person': 101, 'Sci-fi': 99, ""1990's"": 97, 'Singleplayer': 91, 'Puzzle': 87, 'Shooter': 84, 'Flight': 79, 'Cinematic': 75, 'FMV': 72, 'Hacking': 67, 'Jet': 65, 'Linear': 58, 'Retro': 54, 'Romance': 47}"
625820,Bionic Battle Mutants,Monkeynetics,Monkeynetics,,30,6,0,"100,000 .. 200,000",0,0,0,0,499,499,0,English,"Indie, RPG, Strategy",0,"{'Turn-Based Tactics': 275, 'Isometric': 268, 'Retro': 264, ""1990's"": 261, 'Comic Book': 257, 'Pixel Graphics': 251, 'Dystopian ': 248, 'Cyberpunk': 245, 'Satire': 241, 'Character Customization': 232, 'Action': 226, 'Transhumanism': 217, 'PvP': 205, 'Sci-fi': 200, 'Tactical RPG': 194, '2D': 189, 'Tactical': 180, 'Turn-Based Combat': 172, 'Turn-Based Strategy': 163, 'Turn-Based': 151}"
629380,Cosmic Pioneer,Amaterasu Software,Amaterasu Software,,17,25,0,"100,000 .. 200,000",287,0,304,0,49,99,51,English,"Casual, Indie, Simulation",0,"{'Indie': 69, 'Casual': 25, 'Simulation': 22}"
633440,Unit 4,Gamera Interactive,Gamera Interactive,,27,31,0,"20,000 .. 50,000",0,0,0,0,1499,1499,0,English,"Action, Indie",0,"{'Action': 22, 'Indie': 21, 'Platformer': 14, 'Pixel Graphics': 12, '4 Player Local': 12, 'Local Co-Op': 10}"
637310,Stream Service,SirGoose,Ahmchaws Entertainment,,28,31,0,"100,000 .. 200,000",0,0,0,0,99,99,0,English,"Casual, Indie, Simulation",0,"{'Casual': 23, 'Simulation': 22, 'Indie': 21, 'Adventure': 8, 'Survival': 8, 'Base-Building': 7, 'Clicker': 7}"
637330,Stack,AeroLab Studios,Volens Nolens Games,,16,7,0,"20,000 .. 50,000",105,0,105,0,99,99,0,English,"Casual, Indie, Strategy",2,"{'3D Platformer': 103, 'Puzzle': 97, 'Sandbox': 94, 'Strategy': 91, '3D': 88, 'First-Person': 82, 'VR': 80, 'Casual': 72, 'Colorful': 64, 'Pixel Graphics': 62, 'Physics': 60, 'Memes': 58, 'Singleplayer': 56, 'Fast-Paced': 54, 'Indie': 52, 'FPS': 30, 'Open World': 28, 'Crafting': 26, 'Difficult': 24, 'Futuristic': 22}"
638060,Majestic Trials,Alpha Strike Games Limited,Alpha Strike Games Limited,,7,1,0,"50,000 .. 100,000",0,0,0,0,1499,1499,0,English,"Adventure, Indie, RPG, Strategy",0,"{'Indie': 303, 'Retro': 299, 'Turn-Based Tactics': 296, 'Fantasy': 292, 'Magic': 290, 'Dungeon Crawler': 283, 'Rogue-lite': 281, 'Hand-drawn': 279, 'Tactical RPG': 277, 'Strategy': 273, 'Adventure': 271, 'Tactical': 267, 'Turn-Based Strategy': 260, 'Top-Down': 258, 'Old School': 256, 'Character Customization': 253, 'Singleplayer': 247, 'Loot': 243, 'Cute': 239, 'RPG': 236}"
638920,BeanVR—The Social VR APP,Shenzhen BeanVR Technology Co.Ltd,Shenzhen BeanVR Technology Co.Ltd,,19,25,0,"50,000 .. 100,000",0,0,0,0,0,0,0,"English, Simplified Chinese","Casual, Free to Play, Massively Multiplayer, Education",0,"{'Free to Play': 55, 'Massively Multiplayer': 45, 'VR': 33, 'Casual': 29, 'Education': 24, 'Action': 7}"
642000,Regenesis Arcade Lite,Hyperbook Studio,Blue Technology Sp. z o.o.,,29,14,0,"20,000 .. 50,000",30,0,33,0,0,0,0,"English, Polish, Simplified Chinese, French, German, Spanish - Spain, Japanese, Korean, Russian, Traditional Chinese","Action, Adventure, Casual",0,"{'Action': 34, 'Adventure': 22, 'Casual': 21, 'VR': 16, 'Shooter': 13, 'Futuristic': 13, 'Survival': 12, 'Gun Customization': 12, 'Sci-fi': 12, 'Destruction': 12, 'Exploration': 11, 'Artificial Intelligence': 11, 'Robots': 11, 'Physics': 11, 'Arcade': 11, 'Puzzle': 11, 'Indie': 11, 'Free to Play': 5, 'VR Only': 1}"
644610,Drums Hero PC,"Player Of Music Technology Co.,Ltd","Player Of Music Technology Co.,Ltd",,22,11,0,"0 .. 20,000",87,0,103,0,499,499,0,"English, Simplified Chinese","Action, Casual, Indie, Simulation, Sports, Early Access",0,"{'Early Access': 967, 'Indie': 33, 'Simulation': 32, 'Casual': 23, 'Sports': 23, 'Action': 22, 'Music': 22, 'Rhythm': 17}"
646360,El Ministerio del Tiempo VR: El tiempo en tus manos,Future Lighthouse,RTVE,,14,3,0,"50,000 .. 100,000",0,0,0,0,0,0,0,"English, Spanish - Spain",Adventure,0,"{'Adventure': 22, 'VR': 8}"
648600,FINAL FANTASY XV WINDOWS EDITION MOD ORGANIZER,Square Enix,Square Enix,,13,26,0,"20,000 .. 50,000",0,0,0,0,0,0,0,"English, Simplified Chinese, Japanese",Free to Play,1,{'Free to Play': 35}
650720,SlipDrive,Kinsei Games,Kinsei Games,,1,3,0,"50,000 .. 100,000",0,0,0,0,499,499,0,English,"Action, Casual, Indie",0,"{'Flight': 232, 'Sci-fi': 226, 'Space': 222, 'Indie': 218, 'Arcade': 215, 'Cartoony': 207, 'Survival': 204, 'Futuristic': 201, 'VR': 199, 'Singleplayer': 196, 'Action': 189, 'Third Person': 188, 'Casual': 185, 'Retro': 183, 'Linear': 172, 'Soundtrack': 160, 'Abstract': 146, 'Minimalist': 130, 'Stylized': 114, 'Time Travel': 98}"
655460,Hooligan Vasja: Halloween,Trident Game Studio,Trident Game Studio,,21,49,0,"50,000 .. 100,000",0,0,0,0,99,99,0,"English, French, Italian, German, Spanish - Spain, Portuguese - Brazil, Dutch, Polish, Russian, Turkish, Ukrainian","Action, Casual, Indie",0,"{'Action': 35, 'Indie': 34, 'Casual': 34}"
655600,PHAT STACKS 2,ColloseusX,Phat Phrog Studios,,1,4,0,"20,000 .. 50,000",0,0,0,0,199,199,0,English,"Casual, Indie, Strategy",0,"{'Strategy': 32, 'Indie': 31, 'Casual': 31}"
656680,Bomb Defense,Mitorah Games,Mitorah Games,,19,87,0,"20,000 .. 50,000",3,0,3,0,249,499,50,English,"Casual, Indie, Strategy",0,"{'Strategy': 33, 'Indie': 22, 'Casual': 22, 'Tower Defense': 14, 'Puzzle': 14, 'Physics': 11, 'Building': 10}"
657810,Blessed Surface,Corpse King Games,Corpse King Games,,24,10,0,"20,000 .. 50,000",0,0,0,0,999,999,0,English,"Action, Adventure, Indie, RPG",0,"{'Metroidvania': 316, 'Bullet Hell': 310, 'Souls-like': 306, '2D Platformer': 303, 'Exploration': 300, 'Open World': 293, 'Sandbox': 291, 'PvE': 289, 'Difficult': 285, 'Platformer': 281, 'Character Customization': 279, 'RPG': 276, '2D': 271, 'Lore-Rich': 262, 'Surreal': 254, 'Conversation': 251, 'Action': 247, 'Pixel Graphics': 234, 'Colorful': 231, 'Dark Fantasy': 218}"
658420,Agents of Aggro City Online,none,none,,4,6,0,"100,000 .. 200,000",62,0,68,0,0,0,0,English,"Adventure, Casual, Indie, Massively Multiplayer, RPG, Strategy",0,"{'Massively Multiplayer': 604, 'RPG': 32, 'Indie': 32, 'Casual': 32, 'Adventure': 30, 'Strategy': 30, 'RPGMaker': 14, 'Fantasy': 13, 'Great Soundtrack': 12, 'MMORPG': 11, 'Retro': 11, 'Singleplayer': 11, 'Futuristic': 11, 'Clicker': 11, 'Old School': 10, 'JRPG': 10, 'Turn-Based Strategy': 10, 'Strategy RPG': 10}"
659460,RiotZ,Triple Rush Games,Triple Rush Games,,6,10,0,"20,000 .. 50,000",249,0,276,0,399,399,0,English,"Action, Indie, Massively Multiplayer",0,"{'Indie': 38, 'Action': 21, 'Massively Multiplayer': 21, 'Zombies': 5}"
659630,Tiny Toyfare,Super Suite Studios,Super Suite Studios,,27,11,0,"50,000 .. 100,000",32,0,32,0,0,0,0,English,"Action, Free to Play, Indie, Strategy",0,"{'Free to Play': 28, 'Indie': 25, 'Strategy': 24, 'Action': 24, 'Tower Defense': 15}"
662470,SoundLites,ICON Interactive,ICON Interactive,,17,8,0,"20,000 .. 50,000",0,0,0,0,0,0,0,English,"Casual, Free to Play, Indie",0,"{'Free to Play': 34, 'Indie': 25, 'Casual': 25, 'VR': 13}"
663760,Outgun,"Fabiana Cecin, Niko Ritari, Jani Rivinoja",Onlumi.dev,,12,3,0,"100,000 .. 200,000",0,0,0,0,0,0,0,"English, Portuguese - Brazil, Italian, Finnish","Action, Casual, Free to Play, Indie",0,"{'Arena Shooter': 343, 'Minimalist': 337, 'e-sports': 333, 'Team-Based': 329, '2D': 322, 'Top-Down': 312, 'Multiplayer': 305, 'PvP': 298, 'Action': 298, 'Shooter': 288, 'Casual': 275, 'Tactical': 267, 'Colorful': 243, 'Pixel Graphics': 230, 'Old School': 215, 'Retro': 214, ""1990's"": 195, '1980s': 177, 'Space': 159, 'Vehicular Combat': 139}"
667360,Hooligan Vasja: Christmas,Trident Game Studio,Trident Game Studio,,21,39,0,"50,000 .. 100,000",4,0,4,0,99,99,0,"English, French, Italian, German, Spanish - Spain, Portuguese - Brazil, Dutch, Polish, Russian, Turkish, Ukrainian","Action, Casual, Indie",0,"{'Action': 33, 'Indie': 31, 'Casual': 31}"
671310,Pararea--Social VR for Everyone (Beta),Metaverse,Metaverse,,21,14,0,"50,000 .. 100,000",0,0,0,0,0,0,0,"English, Simplified Chinese","Casual, Free to Play, Massively Multiplayer, RPG, Sports, Early Access",0,"{'Free to Play': 43, 'Casual': 40, 'Massively Multiplayer': 39, 'VR': 39, 'Early Access': 27, 'Sports': 23, 'RPG': 21, 'Multiplayer': 18, 'MOBA': 11, 'Anime': 10, 'VR Only': 1}"
673900,Avem33,WaVR,WaVR,,21,14,0,"50,000 .. 100,000",1,0,1,0,0,0,0,English,"Casual, Free to Play, Indie, Racing",5,"{'Free to Play': 37, 'Racing': 26, 'Casual': 24, 'Indie': 23, 'VR': 8}"
676490,Heroes of Civilizations,Heroes Dev Team,Heroes Dev Team,,15,37,0,"20,000 .. 50,000",0,0,0,0,0,0,0,"English, French, Italian, German, Spanish - Spain, Portuguese","Free to Play, Indie, Strategy",0,"{'Free to Play': 40, 'Strategy': 32, 'Indie': 32, 'Card Game': 19, 'Level Editor': 12}"
680780,DEATH TRAIN - Warning: Unsafe VR Experience,Nomad Assembly,Nomad Assembly,,17,13,0,"1,000,000 .. 2,000,000",120,0,170,0,999,999,0,English,"Action, Indie",0,"{'Action': 2167, 'Indie': 20, 'VR': 7}"
687280,The Awakening,"Dark Polygon Ltda., Jalomot Ltda.",Dark Polygon Ltda.,,28,27,0,"20,000 .. 50,000",77,0,77,0,0,0,0,"English, Spanish - Spain","Free to Play, Strategy",0,"{'Free to Play': 24, 'Strategy': 21, 'Card Game': 6}"
688630,Nightork Adventures 2 - Legacy of Chaos,Warptear Entertainment,Warptear Entertainment,,10,25,0,"50,000 .. 100,000",0,0,0,0,0,0,0,English,"Action, Indie, Simulation",0,"{'Action': 149, 'Simulation': 143, 'Arcade': 140, 'Shooter': 135, 'Third-Person Shooter': 130, 'Colorful': 122, 'Voxel': 120, 'Procedural Generation': 118, 'Space': 110, 'Demons': 103, 'Sci-fi': 97, 'Futuristic': 88, 'Level Editor': 80, 'Indie': 76, 'Free to Play': 72, '3D': 66, 'Third Person': 60, 'Singleplayer': 50, 'Bullet Hell': 45, 'Combat': 39}"
692530,Community Garden,Somnium Space Ltd.,Somnium Space Ltd.,,2,8,0,"200,000 .. 500,000",225,0,295,0,999,999,0,English,"Indie, Massively Multiplayer, Simulation, Early Access",0,"{'Early Access': 2778, 'Massively Multiplayer': 27, 'Indie': 25, 'Simulation': 25, 'VR': 6, 'VR Only': 1}"
692660,Invictus: In the Shadow of Olympus,Quicksilver Software,Interplay,,4,1,0,"0 .. 20,000",0,0,0,0,999,999,0,English,"Adventure, RPG, Strategy",0,"{'Adventure': 134, 'Strategy': 128, 'RPG': 125, 'Isometric': 122, 'Mythology': 119, 'Action': 113, 'Real-Time': 111, 'RTS': 109, 'Hack and Slash': 107, 'CRPG': 103, '2.5D': 98, '2D': 89, 'Alternate History': 79, 'Atmospheric': 70, 'Magic': 62, 'War': 58, 'Character Customization': 56, 'Combat': 52, 'Singleplayer': 45, 'Party-Based RPG': 39}"
697970,Pyramaze: The Game,Impawsible Games,Impawsible Games,,21,6,0,"20,000 .. 50,000",0,0,0,0,0,0,0,English,"Action, Casual, Free to Play, Indie",0,"{'Free to Play': 23, 'Action': 22, 'Indie': 22, 'Casual': 22}"
700880,Kingdom: The Far Reaches,Interplay,Interplay,,2,0,0,"0 .. 20,000",0,0,0,0,999,999,0,English,Adventure,0,"{'Adventure': 152, 'FMV': 146, 'Fantasy': 143, 'Hand-drawn': 140, 'Choices Matter': 136, 'Cartoon': 130, 'Choose Your Own Adventure': 128, 'Interactive Fiction': 122, 'Action': 120, 'Medieval': 111, 'Arcade': 106, 'Magic': 104, 'Exploration': 98, '2D': 95, 'Point & Click': 91, 'Casual': 89, ""1990's"": 84, 'RPG': 82, 'Story Rich': 75, 'Singleplayer': 63}"
703530,Grav Blazer Squared,Ripknot Systems,Ripknot Systems,,18,21,0,"20,000 .. 50,000",0,0,0,0,499,499,0,English,"Action, Casual, Indie",0,"{'Bullet Hell': 134, ""Shoot 'Em Up"": 128, 'Shooter': 125, 'Arcade': 121, '2D': 117, 'Procedural Generation': 107, 'Action': 103, 'Casual': 101, 'Colorful': 98, 'Sci-fi': 94, 'Space': 90, '1980s': 88, 'Aliens': 83, 'Retro': 80, 'Singleplayer': 77, 'Fast-Paced': 64, 'Indie': 49, 'Top-Down Shooter': 29, 'Adventure': 27}"
703870,Make a word!,Educational Games,Educational Games,,28,13,0,"20,000 .. 50,000",0,0,0,0,199,199,0,"English, French, Italian, German, Spanish - Spain, Portuguese - Brazil, Greek, Simplified Chinese, Portuguese, Russian, Turkish, Japanese","Casual, Indie",0,"{'Casual': 23, 'Indie': 22}"
703920,Bang Bang Fruit 2,Snkl Studio,Snkl Studio,,31,56,0,"0 .. 20,000",0,0,0,0,57,99,42,English,"Casual, Indie",0,"{'Indie': 34, 'Casual': 33, 'Puzzle': 14, 'Singleplayer': 14, '2D': 12, 'Physics': 12, 'Minimalist': 12, 'Short': 12, 'Family Friendly': 12, 'Relaxing': 11, 'Side Scroller': 11, 'Difficult': 11, 'Logic': 11, 'Education': 10}"
704430,Space Survivors I: The Reckoning,"Maurice Fernitz, Enrico Prizibilla, Felix Gillmann",Big Games Productions,,3,1,0,"200,000 .. 500,000",0,0,0,0,299,299,0,"English, German","Action, Casual, Indie, Early Access",0,"{'FPS': 115, 'Zombies': 109, 'Survival': 106, 'First-Person': 103, 'Multiplayer': 98, 'PvE': 92, 'Shooter': 86, 'Co-op': 82, 'Indie': 80, 'Action': 78, 'Casual': 74, 'Early Access': 71, 'Gore': 69, 'Nudity': 65, 'Violent': 55, '3D': 42, 'Realistic': 40, 'Third Person': 38, 'Space': 36, 'PvP': 34}"
705550,Burgle Bros.,Fowers Games,Fowers Games,,25,4,0,"50,000 .. 100,000",0,0,0,0,399,399,0,English,"Adventure, Indie",1,"{'Heist': 102, 'Board Game': 96, 'Adventure': 92, 'Indie': 89, 'Turn-Based Strategy': 86, 'Strategy': 76, 'Stealth': 71, '2D': 66, 'Hand-drawn': 62, 'Procedural Generation': 56, 'Grid-Based Movement': 50, 'Team-Based': 48, 'Singleplayer': 46, 'Co-op': 44, 'Puzzle': 41, 'Replay Value': 38, 'Turn-Based': 27}"
708990,Turtle's Quest,Kid's Revolt,Kid's Revolt,,6,5,0,"20,000 .. 50,000",0,0,0,0,0,0,0,"English, Italian","Free to Play, Indie, RPG, Early Access",0,"{'Early Access': 325, 'RPG': 295, 'Pirates': 269, 'Story Rich': 264, 'Comedy': 259, 'Family Friendly': 253, 'Third Person': 244, 'Funny': 236, 'Free to Play': 230, 'Action RPG': 228, 'Action': 219, 'Adventure': 200, 'Action-Adventure': 189, 'Indie': 178, 'Character Action Game': 176, 'CRPG': 173, 'Investigation': 143, 'Runner': 125, '3D': 108, 'Historical': 88}"
709490,Mutiny Island,Elushis,Elushis Music &amp; Gaming,,9,9,0,"20,000 .. 50,000",0,0,0,0,799,799,0,"English, Russian, Simplified Chinese","Action, Adventure, Indie, RPG",0,"{'Pirates': 376, 'Open World Survival Craft': 370, 'Open World': 367, 'Choose Your Own Adventure': 362, 'Experimental': 359, 'Exploration': 351, 'JRPG': 348, 'City Builder': 346, 'Collectathon': 343, 'Rogue-lite': 336, 'Character Action Game': 328, 'Base-Building': 320, 'Perma Death': 315, 'Sailing': 313, 'Building': 309, 'Action RPG': 305, 'Survival': 299, 'Character Customization': 289, 'RPG': 276, '2D': 269}"
716900,El Ministerio del Tiempo VR: Salva el tiempo,Future Lighthouse,RTVE,,6,5,0,"50,000 .. 100,000",0,0,0,0,0,0,0,"English, Spanish - Spain",Adventure,0,"{'Adventure': 21, 'VR': 7}"
717720,Cyberia 2: Resurrection,Xatrix Entertainment,Interplay,,8,1,0,"0 .. 20,000",0,0,0,0,999,999,0,English,"Action, Adventure, Strategy",0,"{'Action': 143, 'Adventure': 137, 'Strategy': 133, 'First-Person': 129, 'Sci-fi': 125, 'On-Rails Shooter': 119, 'Cyberpunk': 114, ""1990's"": 107, 'Simulation': 98, 'Puzzle': 92, 'Shooter': 90, 'FPS': 85, 'Exploration': 79, 'Cinematic': 77, 'Futuristic': 67, 'Combat': 58, 'Singleplayer': 52, 'Indie': 47, 'Sequel': 39, 'Flight': 37}"
719300,Daemonsgate,Imagitec,Ziggurat,,3,9,0,"50,000 .. 100,000",0,0,0,0,699,699,0,English,"Action, Adventure, RPG",0,"{'RPG': 85, 'Action': 79, 'Adventure': 76, 'Retro': 71, '2D': 68, 'Pixel Graphics': 60, 'Top-Down': 58, 'Horror': 55, 'Fantasy': 53, 'Old School': 51, 'Survival Horror': 49, 'Magic': 47, ""1990's"": 44, 'Psychological Horror': 42, 'Singleplayer': 35, 'Open World': 32, 'Classic': 30}"
719310,King's Table - The Legend of Ragnarok,Imagitec,Ziggurat,,3,6,0,"200,000 .. 500,000",0,0,0,0,324,499,35,English,"Simulation, Strategy",0,"{'Simulation': 148, 'Strategy': 142, 'Board Game': 139, '2D': 134, 'Pixel Graphics': 130, ""1990's"": 124, 'Singleplayer': 121, 'Chess': 115, 'Action': 109, 'Sports': 105, 'Arcade': 102, 'Tabletop': 91, 'Exploration': 85, 'Anime': 83, 'Comedy': 80, 'Funny': 76, 'Old School': 66, 'Retro': 55, 'PvP': 47, 'Multiplayer': 39}"
719930,Super High Ball: Pinball Platformer,Emberstone Interactive,Emberstone Interactive,,25,0,0,"20,000 .. 50,000",0,0,0,0,999,999,0,English,Racing,0,"{'Precision Platformer': 196, 'Platformer': 191, 'Arcade': 187, 'Pinball': 185, 'Difficult': 182, 'Parkour': 172, 'Score Attack': 168, 'Physics': 163, '3D Platformer': 158, 'Puzzle': 154, 'Character Customization': 152, 'Colorful': 150, 'Stylized': 144, 'Singleplayer': 136, '3D': 133, 'Asynchronous Multiplayer': 125, 'Racing': 45, 'Indie': 27, 'Casual': 26, 'Action': 26}"
721420,FIGHTING BOX,Artur Rezende,PROATIV GAMES,,5,7,0,"20,000 .. 50,000",0,0,0,0,99,99,0,English,"Casual, Indie",0,"{'Casual': 67, 'Indie': 61, 'Fighting': 46, '3D Fighter': 43, '3D': 40, 'Funny': 34, 'Boxing': 32, 'Singleplayer': 30}"
722340,Captain vs Sky Pirates,Boogygames Studios,Boogygames Studios,,1,3,0,"50,000 .. 100,000",0,0,0,0,59,299,80,English,"Action, Adventure, Indie, Strategy",0,"{'Pirates': 135, 'Steampunk': 129, 'Shooter': 126, 'Strategy': 123, 'Side Scroller': 120, 'Point & Click': 114, 'Strategy RPG': 112, '2D': 110, 'Mechs': 108, 'Action': 104, 'Casual': 97, 'Cartoony': 95, 'Fantasy': 92, 'Loot': 89, 'Superhero': 86, 'Tactical': 83, 'Survival': 81, 'Adventure': 79, 'Cartoon': 76, 'Singleplayer': 72}"
723720,La Maledizione dell'Uccello Serpente,Gian Luca De Michelis,Gian Luca De Michelis,,1,0,0,"20,000 .. 50,000",0,0,0,0,299,299,0,"English, Not supported, Italian","Casual, Indie, RPG",0,"{'RPG': 215, 'Party-Based RPG': 188, 'JRPG': 184, 'CRPG': 179, '2D': 173, 'Top-Down': 163, 'Pixel Graphics': 156, 'Fantasy': 148, 'Investigation': 140, 'Magic': 131, 'Alternate History': 120, 'Class-Based': 118, 'Turn-Based Combat': 105, 'Narration': 91, 'Story Rich': 76, 'Casual': 63, 'Singleplayer': 62, 'Point & Click': 27, '1980s': 25, 'Indie': 22}"
724430,Knights Hunt,Racing Bros,ANPA.US,,31,60,0,"50,000 .. 100,000",0,0,0,0,499,499,0,English,"Action, Indie, Simulation",0,"{'Indie': 25, 'Action': 23, 'Simulation': 20}"
727280,Scrap,Top Shelf Studios,None,,29,30,0,"50,000 .. 100,000",3,0,3,0,0,0,0,English,"Action, Free to Play, Indie",1,"{'Free to Play': 31, 'Action': 26, 'Indie': 25, 'Multiplayer': 9, 'Local Multiplayer': 8}"
735460,Highway Madness,Game Cooks,Game Cooks,,27,11,0,"20,000 .. 50,000",0,0,0,0,0,0,0,English,"Casual, Free to Play, Early Access",0,"{'Free to Play': 30, 'Casual': 22, 'Early Access': 21, 'VR': 18, 'Multiplayer': 9, 'VR Only': 1}"
738080,Creatio Ex Nihilo: Aition,Shoho Games,Shoho Games,,4,11,0,"50,000 .. 100,000",0,0,0,0,49,99,51,"English, Spanish - Spain, Portuguese - Brazil","Adventure, Indie, RPG",0,"{'Story Rich': 163, 'Mythology': 158, 'Party-Based RPG': 155, 'Visual Novel': 152, 'Turn-Based Combat': 148, 'RPG': 141, '2D': 139, '3D': 137, 'Space': 133, 'Linear': 126, 'Pixel Graphics': 118, 'Dark Fantasy': 115, 'Fantasy': 110, 'Nudity': 108, 'Atmospheric': 106, 'Sexual Content': 99, 'Adventure': 97, 'Dark': 84, 'Retro': 82, 'NSFW': 69}"
738190,Morth,Hidden Crawlspace Studios,Hidden Crawlspace Studios,,3,1,0,"100,000 .. 200,000",0,0,0,0,0,0,0,English,"Action, Adventure, Indie, RPG",0,"{'Horror': 536, 'Choose Your Own Adventure': 531, 'Investigation': 526, 'Exploration': 521, 'Interactive Fiction': 515, 'RPG': 510, 'Point & Click': 504, 'Experimental': 498, '2D': 481, 'Text-Based': 471, 'Detective': 460, 'Choices Matter': 448, 'Conversation': 435, 'Linear': 421, 'Multiple Endings': 406, 'Narration': 391, 'Story Rich': 375, 'Puzzle': 357, 'Pixel Graphics': 355, 'Dark Fantasy': 335}"
739240,The Ghosts of Hackney Mills,Sapphire Dragon Productions,Sapphire Dragon Productions,,11,6,0,"50,000 .. 100,000",0,0,0,0,199,199,0,English,"Adventure, Casual, Indie, Simulation",0,"{'Horror': 253, 'Investigation': 248, 'Casual': 244, 'Hidden Object': 241, 'Visual Novel': 235, 'Exploration': 228, 'Detective': 223, 'Open World': 218, 'Walking Simulator': 214, 'Experimental': 212, '2D': 211, 'Noir': 207, 'Story Rich': 203, 'Surreal': 199, 'Puzzle': 197, 'Simulation': 195, 'Pixel Graphics': 192, 'Cartoony': 185, 'Sci-fi': 180, 'Thriller': 170}"
744610,TAD: That Alien Dude,"Modern Aeon, Anderson Evans",Modern Aeon,,1,4,0,"100,000 .. 200,000",0,0,0,0,499,499,0,English,"Casual, Indie, RPG",0,"{'Aliens': 440, 'Cartoon': 434, 'Cartoony': 431, 'Casual': 428, 'Pixel Graphics': 425, 'Indie': 418, '1980s': 415, ""1990's"": 411, 'Rogue-lite': 407, 'Surreal': 405, '2D': 398, 'Comedy': 392, 'Conspiracy': 389, 'Comic Book': 387, 'Arcade': 384, 'Illuminati': 380, 'Memes': 373, 'Old School': 363, 'Satire': 352, 'RPG': 346}"
