type,name,steam_appid,required_age,is_free,controller_support,dlc,detailed_description,about_the_game,short_description,fullgame,supported_languages,header_image,website,pc_requirements,mac_requirements,linux_requirements,legal_notice,drm_notice,ext_user_account_notice,developers,publishers,demos,price_overview,packages,package_groups,platforms,metacritic,reviews,categories,genres,screenshots,movies,recommendations,achievements,release_date,support_info,background,content_descriptors
game,Vigil: Blood Bitterness™,2570,0,False,,,"<p>Vigil: Blood Bitterness plunges you into the dark and disturbing story of an ancient civilization where you must reveal the secrets of your past and exact revenge on the Evil destroying your universe. Ritualistic killings and blood lust blur the line between your own kind and the Evil you seek to annihilate. Your ultimate goal is to free yourself from this tormenting place and understand the origin and the purpose of this never ending Evil.</p> 
					<p>Vigil is a stylized gothic horror adventure game that uses black and white imagery similar to Frank Miller's Sin City&#153; to create a unique visual that draws you deeper into the gruesome world of your character, Dehon. Avoid deadly traps, solve puzzles to unravel your past, and even devour the faces of your slaves for sustenance towards your ultimate goal of freedom.</p>  
					<ul>
					<li>Easy point-and-click playability</li>
					<li>Engrossing story with deeply disturbed and complex characters</li>
					<li>3D graphics with revolutionary black and white art and dynamic camera angles</li>
					<li>Challenging puzzles to solve and reveal the mysteries of your civilization</li>
					<li>Compelling pre-rendered cut scenes to advance the horrific story</li>
					<li>A gallery of clues in text, pictures, videos and sounds</li>
					<li>Set up multiple player profiles</li></ul>","<p>Vigil: Blood Bitterness plunges you into the dark and disturbing story of an ancient civilization where you must reveal the secrets of your past and exact revenge on the Evil destroying your universe. Ritualistic killings and blood lust blur the line between your own kind and the Evil you seek to annihilate. Your ultimate goal is to free yourself from this tormenting place and understand the origin and the purpose of this never ending Evil.</p> 
					<p>Vigil is a stylized gothic horror adventure game that uses black and white imagery similar to Frank Miller's Sin City&#153; to create a unique visual that draws you deeper into the gruesome world of your character, Dehon. Avoid deadly traps, solve puzzles to unravel your past, and even devour the faces of your slaves for sustenance towards your ultimate goal of freedom.</p>  
					<ul>
					<li>Easy point-and-click playability</li>
					<li>Engrossing story with deeply disturbed and complex characters</li>
					<li>3D graphics with revolutionary black and white art and dynamic camera angles</li>
					<li>Challenging puzzles to solve and reveal the mysteries of your civilization</li>
					<li>Compelling pre-rendered cut scenes to advance the horrific story</li>
					<li>A gallery of clues in text, pictures, videos and sounds</li>
					<li>Set up multiple player profiles</li></ul>",Vigil: Blood Bitterness plunges you into the dark and disturbing story of an ancient civilization where you must reveal the secrets of your past and exact revenge on the Evil destroying your universe. Ritualistic killings and blood lust blur the line between your own kind and the Evil you seek to annihilate.,,English,https://cdn.akamai.steamstatic.com/steam/apps/2570/header.jpg?t=1472555208,,"{'minimum': 'Windows XP/2000, 1.2 GHz Processor, 256 MB RAM, 128 MB DirectX compatible 3D graphics card, DirectX compatible sound card, DirectX 9.0, 255 MB of available Hard Disk Space'}",[],[],,,,['Freegamer'],[''],,,,[],"{'windows': True, 'mac': False, 'linux': False}","{'score': 61, 'url': 'https://www.metacritic.com/game/pc/vigil-blood-bitterness?ftag=MCD-06-10aaa1f'}",,"[{'id': 2, 'description': 'Single-player'}]","[{'id': '23', 'description': 'Indie'}, {'id': '3', 'description': 'RPG'}]","[{'id': 0, 'path_thumbnail': 'https://cdn.akamai.steamstatic.com/steam/apps/2570/0000002242.600x338.jpg?t=1472555208', 'path_full': 'https://cdn.akamai.steamstatic.com/steam/apps/2570/0000002242.1920x1080.jpg?t=1472555208'}, {'id': 1, 'path_thumbnail': 'https://cdn.akamai.steamstatic.com/steam/apps/2570/0000002243.600x338.jpg?t=1472555208', 'path_full': 'https://cdn.akamai.steamstatic.com/steam/apps/2570/0000002243.1920x1080.jpg?t=1472555208'}, {'id': 2, 'path_thumbnail': 'https://cdn.akamai.steamstatic.com/steam/apps/2570/0000002244.600x338.jpg?t=1472555208', 'path_full': 'https://cdn.akamai.steamstatic.com/steam/apps/2570/0000002244.1920x1080.jpg?t=1472555208'}, {'id': 3, 'path_thumbnail': 'https://cdn.akamai.steamstatic.com/steam/apps/2570/0000002245.600x338.jpg?t=1472555208', 'path_full': 'https://cdn.akamai.steamstatic.com/steam/apps/2570/0000002245.1920x1080.jpg?t=1472555208'}, {'id': 4, 'path_thumbnail': 'https://cdn.akamai.steamstatic.com/steam/apps/2570/0000002246.600x338.jpg?t=1472555208', 'path_full': 'https://cdn.akamai.steamstatic.com/steam/apps/2570/0000002246.1920x1080.jpg?t=1472555208'}, {'id': 5, 'path_thumbnail': 'https://cdn.akamai.steamstatic.com/steam/apps/2570/0000002247.600x338.jpg?t=1472555208', 'path_full': 'https://cdn.akamai.steamstatic.com/steam/apps/2570/0000002247.1920x1080.jpg?t=1472555208'}, {'id': 6, 'path_thumbnail': 'https://cdn.akamai.steamstatic.com/steam/apps/2570/0000002248.600x338.jpg?t=1472555208', 'path_full': 'https://cdn.akamai.steamstatic.com/steam/apps/2570/0000002248.1920x1080.jpg?t=1472555208'}, {'id': 7, 'path_thumbnail': 'https://cdn.akamai.steamstatic.com/steam/apps/2570/0000002249.600x338.jpg?t=1472555208', 'path_full': 'https://cdn.akamai.steamstatic.com/steam/apps/2570/0000002249.1920x1080.jpg?t=1472555208'}, {'id': 8, 'path_thumbnail': 'https://cdn.akamai.steamstatic.com/steam/apps/2570/0000002250.600x338.jpg?t=1472555208', 'path_full': 'https://cdn.akamai.steamstatic.com/steam/apps/2570/0000002250.1920x1080.jpg?t=1472555208'}, {'id': 9, 'path_thumbnail': 'https://cdn.akamai.steamstatic.com/steam/apps/2570/0000002251.600x338.jpg?t=1472555208', 'path_full': 'https://cdn.akamai.steamstatic.com/steam/apps/2570/0000002251.1920x1080.jpg?t=1472555208'}, {'id': 10, 'path_thumbnail': 'https://cdn.akamai.steamstatic.com/steam/apps/2570/0000002252.600x338.jpg?t=1472555208', 'path_full': 'https://cdn.akamai.steamstatic.com/steam/apps/2570/0000002252.1920x1080.jpg?t=1472555208'}]",,{'total': 110},,"{'coming_soon': False, 'date': '29 Jun, 2007'}","{'url': '', 'email': ''}",https://cdn.akamai.steamstatic.com/steam/apps/2570/page_bg_generated_v6b.jpg?t=1472555208,"{'ids': [], 'notes': None}"
game,King Arthur: Fallen Champions,24460,0,False,,,"The great King Arthur has crushed his adversaries in the South but the realm of the Once and Future King still has its limit. The lands beyond the Forest of Bedegraine are wild, ruled by no one, haunted by the old gods  who fought and bled here in times long past. Fallen Champions bridges the gap between King Arthur I and II with a tale of three brave souls. Sir Lionel, a brave knight from Britannia on a quest to rescue a damsel in distress. Lady Corrigan of the Sidhe, a creature of the twilight seeking the secret pathways that could lead her back to her lost home of Tir na nÓg. The third is Drest the Chosen, a shaman of the North, driven by visions of greatness and voices in the night.  A knight, an enchantress, and a prophet - these three will become champions of a forgotten battle that began long, long ago.<br><br>						<h2 class=""bb_tag"">Core Gameplay</h2>						The gameplay relies on a story-based, mission-to-mission plot. Players will choose missions and upgrade heroes. The Fallen Champions Campaign Map covers one specific region of Britannia, where players command three very different heroes. Each hero has his own storyline and each of these story lines incorporates three battles, adding up to a total of nine skirmishes plus the confrontation with the major foe in the 10th battle.<br><br>						The battle maps are very diverse both in visuals and in construction: some tactical-RPG situations (with a limited number of elite units and heroes), tactical battles (with huge armies on the field) and massive battles against a general AI under very unusual circumstances.<br><br>						<h2 class=""bb_tag"">Key features:</h2>						<ul class=""bb_ul""><li>Follow three unique heroes, each with their own storyline featuring adventure quests and epic fights. The fates of these three heroes are intertwined, and their quests lead up to one massive battle under extraordinary circumstances<br>						</li><li>A variety of battle types fought on unique, beautifully crafted battlemaps, ranging from smaller tactical skirmishes to grand engagements against superior numbers<br>						</li><li>A dark and gripping fantasy tale that bridges the gap between King Arthur and King Arthur II, set in an ancient region of Britannia, beyond the well-known territories of King Arthur – The Role-playing Wargame</li></ul>","The great King Arthur has crushed his adversaries in the South but the realm of the Once and Future King still has its limit. The lands beyond the Forest of Bedegraine are wild, ruled by no one, haunted by the old gods  who fought and bled here in times long past. Fallen Champions bridges the gap between King Arthur I and II with a tale of three brave souls. Sir Lionel, a brave knight from Britannia on a quest to rescue a damsel in distress. Lady Corrigan of the Sidhe, a creature of the twilight seeking the secret pathways that could lead her back to her lost home of Tir na nÓg. The third is Drest the Chosen, a shaman of the North, driven by visions of greatness and voices in the night.  A knight, an enchantress, and a prophet - these three will become champions of a forgotten battle that began long, long ago.<br><br>						<h2 class=""bb_tag"">Core Gameplay</h2>						The gameplay relies on a story-based, mission-to-mission plot. Players will choose missions and upgrade heroes. The Fallen Champions Campaign Map covers one specific region of Britannia, where players command three very different heroes. Each hero has his own storyline and each of these story lines incorporates three battles, adding up to a total of nine skirmishes plus the confrontation with the major foe in the 10th battle.<br><br>						The battle maps are very diverse both in visuals and in construction: some tactical-RPG situations (with a limited number of elite units and heroes), tactical battles (with huge armies on the field) and massive battles against a general AI under very unusual circumstances.<br><br>						<h2 class=""bb_tag"">Key features:</h2>						<ul class=""bb_ul""><li>Follow three unique heroes, each with their own storyline featuring adventure quests and epic fights. The fates of these three heroes are intertwined, and their quests lead up to one massive battle under extraordinary circumstances<br>						</li><li>A variety of battle types fought on unique, beautifully crafted battlemaps, ranging from smaller tactical skirmishes to grand engagements against superior numbers<br>						</li><li>A dark and gripping fantasy tale that bridges the gap between King Arthur and King Arthur II, set in an ancient region of Britannia, beyond the well-known territories of King Arthur – The Role-playing Wargame</li></ul>",An all-new standalone expansion to the hit RPG-Strategy game!,,"English, French, German, Spanish - Spain",https://cdn.akamai.steamstatic.com/steam/apps/24460/header.jpg?t=1554232757,http://www.kingarthurthewargame.com/,"{'minimum': '<strong>Minimum:</strong><br>\t\t\t\t\t\t\t\t\t\t\t\t<ul class=""bb_ul""><li><strong>OS:</strong> Windows XP SP2 or Vista or Windows7<br>\t\t\t\t\t\t\t\t\t\t\t\t\t</li><li><strong>Processor:</strong> AMD Athlon 4000+  or equivalent Intel CPU<br>\t\t\t\t\t\t\t\t\t\t\t\t\t</li><li><strong>Memory:</strong> WinXP - 1Gbyte RAM, WinVista, Win7 – 1,5Gbyte RAM<br>\t\t\t\t\t\t\t\t\t\t\t\t\t</li><li><strong>Hard Disk Space:</strong> 8 Gbyte<br>\t\t\t\t\t\t\t\t\t\t\t\t\t</li><li><strong>Video Card:</strong> Nvidia 8600 GT (256Mbyte) / ATI Radeon HD3650 (256Mbyte)<br>\t\t\t\t\t\t\t\t\t\t\t\t\t</li><li><strong>DirectX®:</strong> 9.0c or higher<br>\t\t\t\t\t\t\t\t\t\t\t\t\t</li><li><strong>Sound:</strong> DirectX 9-compliant sound card<br>\t\t\t\t\t\t\t\t\t\t\t\t\t</li><li><strong>Additional:</strong> 3-button mouse, keyboard and speakers<br>\t\t\t\t\t\t\t\t\t\t\t\t</li></ul>', 'recommended': '<strong>Recommended:</strong><br>\t\t\t\t\t\t\t\t\t\t\t\t<ul class=""bb_ul""><li><strong>OS:</strong> Windows XP SP2 or Vista or Windows7<br>\t\t\t\t\t\t\t\t\t\t\t\t\t</li><li><strong>Processor:</strong> AMD X2 6000+ or equivalent Intel CPU<br>\t\t\t\t\t\t\t\t\t\t\t\t\t</li><li><strong>Memory:</strong> WinXP - 1,5Gbyte RAM, WinVista, Win7 - 2Gbyte RAM<br>\t\t\t\t\t\t\t\t\t\t\t\t\t</li><li><strong>Hard Disk Space:</strong> 8 Gbyte<br>\t\t\t\t\t\t\t\t\t\t\t\t\t</li><li><strong>Video Card:</strong> Nvidia 9800 GT 512MB or Ati 4850 512MB<br>\t\t\t\t\t\t\t\t\t\t\t\t\t</li><li><strong>DirectX®:</strong> 9.0c or higher<br>\t\t\t\t\t\t\t\t\t\t\t\t\t</li><li><strong>Sound:</strong> DirectX 9-compliant sound card<br>\t\t\t\t\t\t\t\t\t\t\t\t\t</li><li><strong>Additional:</strong> 3-button mouse, keyboard and speakers<br>\t\t\t\t\t\t\t\t\t\t\t\t</li></ul>'}",[],[],,,,['NeocoreGames'],['Paradox Interactive'],,"{'currency': 'INR', 'initial': 25900, 'final': 25900, 'discount_percent': 0, 'initial_formatted': '', 'final_formatted': '₹ 259'}",[11585],"[{'name': 'default', 'title': 'Buy King Arthur: Fallen Champions', 'description': '', 'selection_text': 'Select a purchase option', 'save_text': '', 'display_type': 0, 'is_recurring_subscription': 'false', 'subs': [{'packageid': 11585, 'percent_savings_text': ' ', 'percent_savings': 0, 'option_text': 'King Arthur - Fallen Champions - ₹ 259', 'option_description': '', 'can_get_free_license': '0', 'is_free_license': False, 'price_in_cents_with_discount': 25900}]}]","{'windows': True, 'mac': False, 'linux': False}","{'score': 54, 'url': 'https://www.metacritic.com/game/pc/king-arthur-fallen-champions?ftag=MCD-06-10aaa1f'}",,"[{'id': 2, 'description': 'Single-player'}]","[{'id': '3', 'description': 'RPG'}, {'id': '2', 'description': 'Strategy'}]","[{'id': 0, 'path_thumbnail': 'https://cdn.akamai.steamstatic.com/steam/apps/24460/ss_40ae730128aee0d0ea96663a5590e4b82bcd0923.600x338.jpg?t=1554232757', 'path_full': 'https://cdn.akamai.steamstatic.com/steam/apps/24460/ss_40ae730128aee0d0ea96663a5590e4b82bcd0923.1920x1080.jpg?t=1554232757'}, {'id': 1, 'path_thumbnail': 'https://cdn.akamai.steamstatic.com/steam/apps/24460/ss_eb762778897c639ee39e945cf4af1d1c83e4af23.600x338.jpg?t=1554232757', 'path_full': 'https://cdn.akamai.steamstatic.com/steam/apps/24460/ss_eb762778897c639ee39e945cf4af1d1c83e4af23.1920x1080.jpg?t=1554232757'}, {'id': 2, 'path_thumbnail': 'https://cdn.akamai.steamstatic.com/steam/apps/24460/ss_228c34a073b0b2f41062fac3df244d40c7c75d9b.600x338.jpg?t=1554232757', 'path_full': 'https://cdn.akamai.steamstatic.com/steam/apps/24460/ss_228c34a073b0b2f41062fac3df244d40c7c75d9b.1920x1080.jpg?t=1554232757'}, {'id': 3, 'path_thumbnail': 'https://cdn.akamai.steamstatic.com/steam/apps/24460/ss_98dc89499473dbddcaeaa71d783cdbe9245c1cc2.600x338.jpg?t=1554232757', 'path_full': 'https://cdn.akamai.steamstatic.com/steam/apps/24460/ss_98dc89499473dbddcaeaa71d783cdbe9245c1cc2.1920x1080.jpg?t=1554232757'}, {'id': 4, 'path_thumbnail': 'https://cdn.akamai.steamstatic.com/steam/apps/24460/ss_bdf613ac7a5492614d5619e3f1722d0bb34ac947.600x338.jpg?t=1554232757', 'path_full': 'https://cdn.akamai.steamstatic.com/steam/apps/24460/ss_bdf613ac7a5492614d5619e3f1722d0bb34ac947.1920x1080.jpg?t=1554232757'}, {'id': 5, 'path_thumbnail': 'https://cdn.akamai.steamstatic.com/steam/apps/24460/ss_635fd4a0ed50b1ff407531ff1c92693f9d9d502b.600x338.jpg?t=1554232757', 'path_full': 'https://cdn.akamai.steamstatic.com/steam/apps/24460/ss_635fd4a0ed50b1ff407531ff1c92693f9d9d502b.1920x1080.jpg?t=1554232757'}, {'id': 6, 'path_thumbnail': 'https://cdn.akamai.steamstatic.com/steam/apps/24460/ss_e885cef02971c321cc0393b62c4569d945acd360.600x338.jpg?t=1554232757', 'path_full': 'https://cdn.akamai.steamstatic.com/steam/apps/24460/ss_e885cef02971c321cc0393b62c4569d945acd360.1920x1080.jpg?t=1554232757'}, {'id': 7, 'path_thumbnail': 'https://cdn.akamai.steamstatic.com/steam/apps/24460/ss_4055f4511e5305660f8b18428e8ade7597974915.600x338.jpg?t=1554232757', 'path_full': 'https://cdn.akamai.steamstatic.com/steam/apps/24460/ss_4055f4511e5305660f8b18428e8ade7597974915.1920x1080.jpg?t=1554232757'}, {'id': 8, 'path_thumbnail': 'https://cdn.akamai.steamstatic.com/steam/apps/24460/ss_5e3fef779ceb5988325571dcc9493c8aa8c6958b.600x338.jpg?t=1554232757', 'path_full': 'https://cdn.akamai.steamstatic.com/steam/apps/24460/ss_5e3fef779ceb5988325571dcc9493c8aa8c6958b.1920x1080.jpg?t=1554232757'}, {'id': 9, 'path_thumbnail': 'https://cdn.akamai.steamstatic.com/steam/apps/24460/ss_485ee4b821ba908afae56649e23a1b60c88e4e40.600x338.jpg?t=1554232757', 'path_full': 'https://cdn.akamai.steamstatic.com/steam/apps/24460/ss_485ee4b821ba908afae56649e23a1b60c88e4e40.1920x1080.jpg?t=1554232757'}]",,,,"{'coming_soon': False, 'date': '16 Sep, 2011'}","{'url': '', 'email': ''}",https://cdn.akamai.steamstatic.com/steam/apps/24460/page_bg_generated_v6b.jpg?t=1554232757,"{'ids': [], 'notes': None}"
game,Gain Ground™,34275,0,False,,,"The battle-simulation game has gone haywire!<br />
						All contestants inside the system are trapped and frozen on the battlefields, and the androids are reprogrammed to become hi-tech killing machines! It's up to three brave fighters to rescue hostages, and to destroy the central computer of the system, the Brain.","The battle-simulation game has gone haywire!<br />
						All contestants inside the system are trapped and frozen on the battlefields, and the androids are reprogrammed to become hi-tech killing machines! It's up to three brave fighters to rescue hostages, and to destroy the central computer of the system, the Brain.","The battle-simulation game has gone haywire! All contestants inside the system are trapped and frozen on the battlefields, and the androids are reprogrammed to become hi-tech killing machines! It's up to three brave fighters to rescue hostages, and to destroy the central computer of the system, the Brain.",,English,https://cdn.akamai.steamstatic.com/steam/apps/34275/header.jpg?t=1549028428,http://www.sega.com,"{'minimum': '<strong>Minimum:</strong><br>\t\t\t\t\t\t\t\t\t<ul class=""bb_ul""><li><strong>OS:</strong> Windows® XP or higher<br>\t\t\t\t\t\t\t\t\t\t</li><li><strong>Graphics:</strong> 32MB or greater graphics card<br>\t\t\t\t\t\t\t\t\t\t</li><li><strong>DirectX®:</strong> DirectX® 9.0 or greater<br>\t\t\t\t\t\t\t\t\t\t</li><li><strong>Hard Drive:</strong> 50MB free disc space<br>\t\t\t\t\t\t\t\t\t</li></ul>System specs for classic launcher.', 'recommended': '<strong>Recommended:</strong><br>\t\t\t\t\t\t\t\t\t<ul class=""bb_ul""><li><strong>OS:</strong> Windows® XP or higher<br>\t\t\t\t\t\t\t\t\t\t</li><li><strong>Graphics/CPU:</strong> NVidia GeForce GTX 280 or ATI Radeon HD 6630 or equivalent DirectX® 9c or higher 1GB VRam / Intel i3-2100 or AMD Phenom II X4 940 or equivalent dual core CPU<br>\t\t\t\t\t\t\t\t\t\t</li><li><strong>DirectX®:</strong> DirectX® 9c or greater<br>\t\t\t\t\t\t\t\t\t\t</li><li><strong>Hard Drive:</strong> 50MB free disc space<br>\t\t\t\t\t\t\t\t\t</li></ul>'}",{'recommended': 'OS: OS Sierra Version 10.12.6<br />\r\nProcessor: 2.6GHz Intel Core i5<br />\r\nMemory: 8 GB RAM<br />\r\nGraphics: Intel Iris 1536'},{'recommended': 'OS: Ubuntu 16.10 or higher<br />\r\nProcessor: Intel i3-2100 or AMD Phenom II X4 940 or equivalent dual core CPU<br />\r\nGraphics: NVidia GeForce GTX 280 or ATI Radeon HD 6630 or equivalent DirectX® 9c or higher 1GB VRam'},"Europe: © SEGA. SEGA, the SEGA logo and GAIN GROUND are either registered trademarks or trademarks of SEGA Corporation. All rights reserved.<br />
United States: © SEGA. SEGA is registered in the U.S. Patent and Trademark Office. SEGA, the SEGA logo and GAIN GROUND are either registered trademarks or trademarks of SEGA Corporation. All rights reserved.",,,['SEGA'],['SEGA'],,"{'currency': 'INR', 'initial': 5900, 'final': 5900, 'discount_percent': 0, 'initial_formatted': '', 'final_formatted': '₹ 59'}",[4395],"[{'name': 'default', 'title': 'Buy Gain Ground™', 'description': '', 'selection_text': 'Select a purchase option', 'save_text': '', 'display_type': 0, 'is_recurring_subscription': 'false', 'subs': [{'packageid': 4395, 'percent_savings_text': ' ', 'percent_savings': 0, 'option_text': 'Gain Ground - ₹ 59', 'option_description': '', 'can_get_free_license': '0', 'is_free_license': False, 'price_in_cents_with_discount': 5900}]}]","{'windows': True, 'mac': True, 'linux': True}",,,"[{'id': 2, 'description': 'Single-player'}, {'id': 1, 'description': 'Multi-player'}, {'id': 24, 'description': 'Shared/Split Screen'}, {'id': 18, 'description': 'Partial Controller Support'}, {'id': 44, 'description': 'Remote Play Together'}]","[{'id': '2', 'description': 'Strategy'}]","[{'id': 0, 'path_thumbnail': 'https://cdn.akamai.steamstatic.com/steam/apps/34275/ss_66d14d55ff73bef62161d6822c7725483015854a.600x338.jpg?t=1549028428', 'path_full': 'https://cdn.akamai.steamstatic.com/steam/apps/34275/ss_66d14d55ff73bef62161d6822c7725483015854a.1920x1080.jpg?t=1549028428'}, {'id': 1, 'path_thumbnail': 'https://cdn.akamai.steamstatic.com/steam/apps/34275/ss_a0b3af05968e6d95b1bbc9bd4bf0f10a47ef8bb2.600x338.jpg?t=1549028428', 'path_full': 'https://cdn.akamai.steamstatic.com/steam/apps/34275/ss_a0b3af05968e6d95b1bbc9bd4bf0f10a47ef8bb2.1920x1080.jpg?t=1549028428'}, {'id': 2, 'path_thumbnail': 'https://cdn.akamai.steamstatic.com/steam/apps/34275/ss_e9dc91f2b3f95a63cfe13709aa675bd14d736a2f.600x338.jpg?t=1549028428', 'path_full': 'https://cdn.akamai.steamstatic.com/steam/apps/34275/ss_e9dc91f2b3f95a63cfe13709aa675bd14d736a2f.1920x1080.jpg?t=1549028428'}, {'id': 3, 'path_thumbnail': 'https://cdn.akamai.steamstatic.com/steam/apps/34275/ss_d6c1686f8952e8d1eb9187b831fa522dd9d84f75.600x338.jpg?t=1549028428', 'path_full': 'https://cdn.akamai.steamstatic.com/steam/apps/34275/ss_d6c1686f8952e8d1eb9187b831fa522dd9d84f75.1920x1080.jpg?t=1549028428'}]","[{'id': 256663650, 'name': 'SMDC PEGI', 'thumbnail': 'https://cdn.akamai.steamstatic.com/steam/apps/256663650/movie.293x165.jpg?t=1461941248', 'webm': {'480': 'http://cdn.akamai.steamstatic.com/steam/apps/256663650/movie480.webm?t=1461941248', 'max': 'http://cdn.akamai.steamstatic.com/steam/apps/256663650/movie_max.webm?t=1461941248'}, 'mp4': {'480': 'http://cdn.akamai.steamstatic.com/steam/apps/256663650/movie480.mp4?t=1461941248', 'max': 'http://cdn.akamai.steamstatic.com/steam/apps/256663650/movie_max.mp4?t=1461941248'}, 'highlight': True}]",,,"{'coming_soon': False, 'date': '1 Jun, 2010'}","{'url': 'https://support.sega.co.uk', 'email': ''}",https://cdn.akamai.steamstatic.com/steam/apps/34275/page_bg_generated_v6b.jpg?t=1549028428,"{'ids': [], 'notes': None}"
game,Golden Axe™,34276,0,False,,,"<h1>Just Updated</h1><p>All SEGA MegaDrive/Genesis titles now launch using the new SEGA MegaDrive/Genesis Interactive Hub, with all new features, UI and Steam Workshop Support!</p><br><h1>About the Game</h1>The land of Yuria has been invaded and is now ruled by the iron fist of Death Adder, who secured his throne by seizing the Golden Axe™.
						Three brave warriors now rise to the challenge of defeating Death Adder and his soldiers and returning peace to the Kingdom.","The land of Yuria has been invaded and is now ruled by the iron fist of Death Adder, who secured his throne by seizing the Golden Axe™.<br />
						Three brave warriors now rise to the challenge of defeating Death Adder and his soldiers and returning peace to the Kingdom.","The land of Yuria has been invaded and is now ruled by the iron fist of Death Adder, who secured his throne by seizing the Golden Axe™. Three brave warriors now rise to the challenge of defeating Death Adder and his soldiers and returning peace to the Kingdom.",,English,https://cdn.akamai.steamstatic.com/steam/apps/34276/header.jpg?t=1549028429,http://www.sega.com,"{'minimum': '<strong>Minimum:</strong><br>\t\t\t\t\t\t\t\t\t<ul class=""bb_ul""><li><strong>OS:</strong> Windows® XP or higher<br>\t\t\t\t\t\t\t\t\t\t</li><li><strong>Graphics:</strong> 32MB or greater graphics card<br>\t\t\t\t\t\t\t\t\t\t</li><li><strong>DirectX®:</strong> DirectX® 9.0 or greater<br>\t\t\t\t\t\t\t\t\t\t</li><li><strong>Hard Drive:</strong> 50MB free disc space<br>\t\t\t\t\t\t\t\t\t</li></ul>System specs for classic launcher.', 'recommended': '<strong>Recommended:</strong><br>\t\t\t\t\t\t\t\t\t<ul class=""bb_ul""><li><strong>OS:</strong> Windows® XP or higher<br>\t\t\t\t\t\t\t\t\t\t</li><li><strong>Graphics/CPU:</strong> NVidia GeForce GTX 280 or ATI Radeon HD 6630 or equivalent DirectX® 9c or higher 1GB VRam / Intel i3-2100 or AMD Phenom II X4 940 or equivalent dual core CPU<br>\t\t\t\t\t\t\t\t\t\t</li><li><strong>DirectX®:</strong> DirectX® 9c or greater<br>\t\t\t\t\t\t\t\t\t\t</li><li><strong>Hard Drive:</strong> 50MB free disc space<br>\t\t\t\t\t\t\t\t\t</li></ul>'}",{'recommended': 'OS: OS Sierra Version 10.12.6<br />\r\nProcessor: 2.6GHz Intel Core i5<br />\r\nMemory: 8 GB RAM<br />\r\nGraphics: Intel Iris 1536'},{'recommended': 'OS: Ubuntu 16.10 or higher<br />\r\nProcessor: Intel i3-2100 or AMD Phenom II X4 940 or equivalent dual core CPU<br />\r\nGraphics: NVidia GeForce GTX 280 or ATI Radeon HD 6630 or equivalent DirectX® 9c or higher 1GB VRam'},"Europe: © SEGA. SEGA, the SEGA logo and GOLDEN AXE are either registered trademarks or trademarks of SEGA Corporation. All rights reserved.<br />
United States: © SEGA. SEGA is registered in the U.S. Patent and Trademark Office. SEGA, the SEGA logo and GOLDEN AXE are either registered trademarks or trademarks of SEGA Corporation. All rights reserved.",,,['SEGA'],['SEGA'],,"{'currency': 'INR', 'initial': 5900, 'final': 5900, 'discount_percent': 0, 'initial_formatted': '', 'final_formatted': '₹ 59'}",[4396],"[{'name': 'default', 'title': 'Buy Golden Axe™', 'description': '', 'selection_text': 'Select a purchase option', 'save_text': '', 'display_type': 0, 'is_recurring_subscription': 'false', 'subs': [{'packageid': 4396, 'percent_savings_text': ' ', 'percent_savings': 0, 'option_text': 'Golden Axe - ₹ 59', 'option_description': '', 'can_get_free_license': '0', 'is_free_license': False, 'price_in_cents_with_discount': 5900}]}]","{'windows': True, 'mac': True, 'linux': True}",,,"[{'id': 2, 'description': 'Single-player'}, {'id': 1, 'description': 'Multi-player'}, {'id': 24, 'description': 'Shared/Split Screen'}, {'id': 18, 'description': 'Partial Controller Support'}, {'id': 44, 'description': 'Remote Play Together'}]","[{'id': '1', 'description': 'Action'}]","[{'id': 0, 'path_thumbnail': 'https://cdn.akamai.steamstatic.com/steam/apps/34276/ss_9b6bbe0cc856bcc505d5c20ba263ab7d11d09f80.600x338.jpg?t=1549028429', 'path_full': 'https://cdn.akamai.steamstatic.com/steam/apps/34276/ss_9b6bbe0cc856bcc505d5c20ba263ab7d11d09f80.1920x1080.jpg?t=1549028429'}, {'id': 1, 'path_thumbnail': 'https://cdn.akamai.steamstatic.com/steam/apps/34276/ss_8461f9b048558e89b6bc6c87aea3146f375446d9.600x338.jpg?t=1549028429', 'path_full': 'https://cdn.akamai.steamstatic.com/steam/apps/34276/ss_8461f9b048558e89b6bc6c87aea3146f375446d9.1920x1080.jpg?t=1549028429'}, {'id': 2, 'path_thumbnail': 'https://cdn.akamai.steamstatic.com/steam/apps/34276/ss_e577764d478cef86fe8db08adcbbc43774817220.600x338.jpg?t=1549028429', 'path_full': 'https://cdn.akamai.steamstatic.com/steam/apps/34276/ss_e577764d478cef86fe8db08adcbbc43774817220.1920x1080.jpg?t=1549028429'}, {'id': 3, 'path_thumbnail': 'https://cdn.akamai.steamstatic.com/steam/apps/34276/ss_882f702aeabb55c66e7562c2aa468a6fd4be9f02.600x338.jpg?t=1549028429', 'path_full': 'https://cdn.akamai.steamstatic.com/steam/apps/34276/ss_882f702aeabb55c66e7562c2aa468a6fd4be9f02.1920x1080.jpg?t=1549028429'}]","[{'id': 256663651, 'name': 'SMDC ESRB', 'thumbnail': 'https://cdn.akamai.steamstatic.com/steam/apps/256663651/movie.jpg?t=1521820739', 'webm': {'480': 'http://cdn.akamai.steamstatic.com/steam/apps/256663651/movie480.webm?t=1521820739', 'max': 'http://cdn.akamai.steamstatic.com/steam/apps/256663651/movie_max.webm?t=1521820739'}, 'mp4': {'480': 'http://cdn.akamai.steamstatic.com/steam/apps/256663651/movie480.mp4?t=1521820739', 'max': 'http://cdn.akamai.steamstatic.com/steam/apps/256663651/movie_max.mp4?t=1521820739'}, 'highlight': True}, {'id': 256663654, 'name': 'SMDC PEGI', 'thumbnail': 'https://cdn.akamai.steamstatic.com/steam/apps/256663654/movie.jpg?t=1521820754', 'webm': {'480': 'http://cdn.akamai.steamstatic.com/steam/apps/256663654/movie480.webm?t=1521820754', 'max': 'http://cdn.akamai.steamstatic.com/steam/apps/256663654/movie_max.webm?t=1521820754'}, 'mp4': {'480': 'http://cdn.akamai.steamstatic.com/steam/apps/256663654/movie480.mp4?t=1521820754', 'max': 'http://cdn.akamai.steamstatic.com/steam/apps/256663654/movie_max.mp4?t=1521820754'}, 'highlight': True}]",,,"{'coming_soon': False, 'date': '1 Jun, 2010'}","{'url': 'https://support.sega.co.uk', 'email': ''}",https://cdn.akamai.steamstatic.com/steam/apps/34276/page_bg_generated_v6b.jpg?t=1549028429,"{'ids': [], 'notes': None}"
game,Shinobi™ III: Return of the Ninja Master,34277,0,False,,,"Joe Musashi’s sworn enemy, the Neo Zeed are secretly rebuilding an organization in Japan after the battle in Neo City.<br />
						Joe (code name Shinobi) senses the evil power growing and starts to make his way back to fight the Neo Zeed once again.","Joe Musashi’s sworn enemy, the Neo Zeed are secretly rebuilding an organization in Japan after the battle in Neo City.<br />
						Joe (code name Shinobi) senses the evil power growing and starts to make his way back to fight the Neo Zeed once again.","Joe Musashi’s sworn enemy, the Neo Zeed are secretly rebuilding an organization in Japan after the battle in Neo City. Joe (code name Shinobi) senses the evil power growing and starts to make his way back to fight the Neo Zeed once again.",,English,https://cdn.akamai.steamstatic.com/steam/apps/34277/header.jpg?t=1549028429,http://www.sega.com,"{'minimum': '<strong>Minimum:</strong><br>\t\t\t\t\t\t\t\t\t<ul class=""bb_ul""><li><strong>OS:</strong> Windows® XP or higher<br>\t\t\t\t\t\t\t\t\t\t</li><li><strong>Graphics:</strong> 32MB or greater graphics card<br>\t\t\t\t\t\t\t\t\t\t</li><li><strong>DirectX®:</strong> DirectX® 9.0 or greater<br>\t\t\t\t\t\t\t\t\t\t</li><li><strong>Hard Drive:</strong> 50MB free disc space<br>\t\t\t\t\t\t\t\t\t</li></ul>System specs for classic launcher.', 'recommended': '<strong>Recommended:</strong><br>\t\t\t\t\t\t\t\t\t<ul class=""bb_ul""><li><strong>OS:</strong> Windows® XP or higher<br>\t\t\t\t\t\t\t\t\t\t</li><li><strong>Graphics/CPU:</strong> NVidia GeForce GTX 280 or ATI Radeon HD 6630 or equivalent DirectX® 9c or higher 1GB VRam / Intel i3-2100 or AMD Phenom II X4 940 or equivalent dual core CPU<br>\t\t\t\t\t\t\t\t\t\t</li><li><strong>DirectX®:</strong> DirectX® 9c or greater<br>\t\t\t\t\t\t\t\t\t\t</li><li><strong>Hard Drive:</strong> 50MB free disc space<br>\t\t\t\t\t\t\t\t\t</li></ul>'}",{'recommended': 'OS: OS Sierra Version 10.12.6<br />\r\nProcessor: 2.6GHz Intel Core i5<br />\r\nMemory: 8 GB RAM<br />\r\nGraphics: Intel Iris 1536'},{'recommended': 'OS: Ubuntu 16.10 or higher<br />\r\nProcessor: Intel i3-2100 or AMD Phenom II X4 940 or equivalent dual core CPU<br />\r\nGraphics: NVidia GeForce GTX 280 or ATI Radeon HD 6630 or equivalent DirectX® 9c or higher 1GB VRam'},"Europe: © SEGA. SEGA, the SEGA logo and SHINOBI III: RETURN OF THE NINJA MASTER are either registered trademarks or trademarks of SEGA Corporation. All rights reserved.<br />
United States: © SEGA. SEGA is registered in the U.S. Patent and Trademark Office. SEGA, the SEGA logo and SHINOBI III: RETURN OF THE NINJA MASTER are either registered trademarks or trademarks of SEGA Corporation. All rights reserved.",,,['SEGA'],['SEGA'],,"{'currency': 'INR', 'initial': 5900, 'final': 5900, 'discount_percent': 0, 'initial_formatted': '', 'final_formatted': '₹ 59'}",[4397],"[{'name': 'default', 'title': 'Buy Shinobi™ III: Return of the Ninja Master', 'description': '', 'selection_text': 'Select a purchase option', 'save_text': '', 'display_type': 0, 'is_recurring_subscription': 'false', 'subs': [{'packageid': 4397, 'percent_savings_text': ' ', 'percent_savings': 0, 'option_text': 'Shinobi 3 - ₹ 59', 'option_description': '', 'can_get_free_license': '0', 'is_free_license': False, 'price_in_cents_with_discount': 5900}]}]","{'windows': True, 'mac': True, 'linux': True}",,,"[{'id': 2, 'description': 'Single-player'}, {'id': 18, 'description': 'Partial Controller Support'}]","[{'id': '1', 'description': 'Action'}]","[{'id': 0, 'path_thumbnail': 'https://cdn.akamai.steamstatic.com/steam/apps/34277/ss_7c06fef069b14a622832d204019844201b728f59.600x338.jpg?t=1549028429', 'path_full': 'https://cdn.akamai.steamstatic.com/steam/apps/34277/ss_7c06fef069b14a622832d204019844201b728f59.1920x1080.jpg?t=1549028429'}, {'id': 1, 'path_thumbnail': 'https://cdn.akamai.steamstatic.com/steam/apps/34277/ss_7d067a90be8cdaad78a2f09f580c4dce7b65ef64.600x338.jpg?t=1549028429', 'path_full': 'https://cdn.akamai.steamstatic.com/steam/apps/34277/ss_7d067a90be8cdaad78a2f09f580c4dce7b65ef64.1920x1080.jpg?t=1549028429'}, {'id': 2, 'path_thumbnail': 'https://cdn.akamai.steamstatic.com/steam/apps/34277/ss_48aecc874ad2ec4511bdbdde0c777738dcb0a596.600x338.jpg?t=1549028429', 'path_full': 'https://cdn.akamai.steamstatic.com/steam/apps/34277/ss_48aecc874ad2ec4511bdbdde0c777738dcb0a596.1920x1080.jpg?t=1549028429'}, {'id': 3, 'path_thumbnail': 'https://cdn.akamai.steamstatic.com/steam/apps/34277/ss_bd29b423e3627d77e805f9cad9746bde84a6c55e.600x338.jpg?t=1549028429', 'path_full': 'https://cdn.akamai.steamstatic.com/steam/apps/34277/ss_bd29b423e3627d77e805f9cad9746bde84a6c55e.1920x1080.jpg?t=1549028429'}]","[{'id': 256663652, 'name': 'SMDC ESRB', 'thumbnail': 'https://cdn.akamai.steamstatic.com/steam/apps/256663652/movie.jpg?t=1549027081', 'webm': {'480': 'http://cdn.akamai.steamstatic.com/steam/apps/256663652/movie480.webm?t=1549027081', 'max': 'http://cdn.akamai.steamstatic.com/steam/apps/256663652/movie_max.webm?t=1549027081'}, 'mp4': {'480': 'http://cdn.akamai.steamstatic.com/steam/apps/256663652/movie480.mp4?t=1549027081', 'max': 'http://cdn.akamai.steamstatic.com/steam/apps/256663652/movie_max.mp4?t=1549027081'}, 'highlight': True}, {'id': 256663655, 'name': 'SMDC PEGI', 'thumbnail': 'https://cdn.akamai.steamstatic.com/steam/apps/256663655/movie.jpg?t=1549027088', 'webm': {'480': 'http://cdn.akamai.steamstatic.com/steam/apps/256663655/movie480.webm?t=1549027088', 'max': 'http://cdn.akamai.steamstatic.com/steam/apps/256663655/movie_max.webm?t=1549027088'}, 'mp4': {'480': 'http://cdn.akamai.steamstatic.com/steam/apps/256663655/movie480.mp4?t=1549027088', 'max': 'http://cdn.akamai.steamstatic.com/steam/apps/256663655/movie_max.mp4?t=1549027088'}, 'highlight': True}]",,,"{'coming_soon': False, 'date': '1 Jun, 2010'}","{'url': 'https://support.sega.co.uk', 'email': ''}",https://cdn.akamai.steamstatic.com/steam/apps/34277/page_bg_generated_v6b.jpg?t=1549028429,"{'ids': [], 'notes': None}"
game,Sonic 3D Blast™,34278,0,False,,,"Dr. Eggman (AKA Dr. Robotnik) discovers unusual birds known as Flickies that can transport to anywhere using Dimension Rings.<br />
						Successfully capturing the Flickies, Robotnik turns them all into robots to help him find the Chaos Emeralds. Sonic must save the Flickies by freeing them from their robotic prison and prevent Robotnik from finding the Chaos Emeralds.","Dr. Eggman (AKA Dr. Robotnik) discovers unusual birds known as Flickies that can transport to anywhere using Dimension Rings.<br />
						Successfully capturing the Flickies, Robotnik turns them all into robots to help him find the Chaos Emeralds. Sonic must save the Flickies by freeing them from their robotic prison and prevent Robotnik from finding the Chaos Emeralds.","Dr. Eggman (AKA Dr. Robotnik) discovers unusual birds known as Flickies that can transport to anywhere using Dimension Rings. Successfully capturing the Flickies, Robotnik turns them all into robots to help him find the Chaos Emeralds.",,English,https://cdn.akamai.steamstatic.com/steam/apps/34278/header.jpg?t=1571827352,http://www.sega.com,"{'minimum': '<strong>Minimum:</strong><br>\t\t\t\t\t\t\t\t\t<ul class=""bb_ul""><li><strong>OS:</strong> Windows® XP or higher<br>\t\t\t\t\t\t\t\t\t\t</li><li><strong>Graphics:</strong> 32MB or greater graphics card<br>\t\t\t\t\t\t\t\t\t\t</li><li><strong>DirectX®:</strong> DirectX® 9.0 or greater<br>\t\t\t\t\t\t\t\t\t\t</li><li><strong>Hard Drive:</strong> 50MB free disc space<br>\t\t\t\t\t\t\t\t\t</li></ul>System specs for classic launcher.', 'recommended': '<strong>Recommended:</strong><br>\t\t\t\t\t\t\t\t\t<ul class=""bb_ul""><li><strong>OS:</strong> Windows® XP or higher<br>\t\t\t\t\t\t\t\t\t\t</li><li><strong>Graphics/CPU:</strong> NVidia GeForce GTX 280 or ATI Radeon HD 6630 or equivalent DirectX® 9c or higher 1GB VRam / Intel i3-2100 or AMD Phenom II X4 940 or equivalent dual core CPU<br>\t\t\t\t\t\t\t\t\t\t</li><li><strong>DirectX®:</strong> DirectX® 9c or greater<br>\t\t\t\t\t\t\t\t\t\t</li><li><strong>Hard Drive:</strong> 50MB free disc space<br>\t\t\t\t\t\t\t\t\t</li></ul>'}",{'recommended': 'OS: OS Sierra Version 10.12.6<br />\r\nProcessor: 2.6GHz Intel Core i5<br />\r\nMemory: 8 GB RAM<br />\r\nGraphics: Intel Iris 1536'},{'recommended': 'OS: Ubuntu 16.10 or higher<br />\r\nProcessor: Intel i3-2100 or AMD Phenom II X4 940 or equivalent dual core CPU<br />\r\nGraphics: NVidia GeForce GTX 280 or ATI Radeon HD 6630 or equivalent DirectX® 9c or higher 1GB VRam'},"Europe: © SEGA. SEGA, the SEGA logo, SONIC THE HEDGEHOG and SONIC 3D: FLICKIES’ ISLAND are either registered trademarks or trademarks of SEGA Corporation. All rights reserved.<br />
United States: © SEGA. SEGA is registered in the U.S. Patent and Trademark Office. SEGA, the SEGA logo, SONIC THE HEDGEHOG and SONIC 3D BLAST are either registered trademarks or trademarks of SEGA Corporation. All rights reserved.",,,['SEGA'],['SEGA'],,"{'currency': 'INR', 'initial': 25900, 'final': 25900, 'discount_percent': 0, 'initial_formatted': '', 'final_formatted': '₹ 259'}",[4398],"[{'name': 'default', 'title': 'Buy Sonic 3D Blast™', 'description': '', 'selection_text': 'Select a purchase option', 'save_text': '', 'display_type': 0, 'is_recurring_subscription': 'false', 'subs': [{'packageid': 4398, 'percent_savings_text': ' ', 'percent_savings': 0, 'option_text': 'Sonic 3D Blast - ₹ 259', 'option_description': '', 'can_get_free_license': '0', 'is_free_license': False, 'price_in_cents_with_discount': 25900}]}]","{'windows': True, 'mac': True, 'linux': True}",,,"[{'id': 2, 'description': 'Single-player'}, {'id': 18, 'description': 'Partial Controller Support'}]",,"[{'id': 0, 'path_thumbnail': 'https://cdn.akamai.steamstatic.com/steam/apps/34278/ss_4163c6a6b0ecd7ff7517541af4a97be802441d88.600x338.jpg?t=1571827352', 'path_full': 'https://cdn.akamai.steamstatic.com/steam/apps/34278/ss_4163c6a6b0ecd7ff7517541af4a97be802441d88.1920x1080.jpg?t=1571827352'}, {'id': 1, 'path_thumbnail': 'https://cdn.akamai.steamstatic.com/steam/apps/34278/ss_fe375a4d166db84078e7bd8ee8456b4b7670f9a9.600x338.jpg?t=1571827352', 'path_full': 'https://cdn.akamai.steamstatic.com/steam/apps/34278/ss_fe375a4d166db84078e7bd8ee8456b4b7670f9a9.1920x1080.jpg?t=1571827352'}, {'id': 2, 'path_thumbnail': 'https://cdn.akamai.steamstatic.com/steam/apps/34278/ss_277290a84e5c871d67d32df79ab5102f20111191.600x338.jpg?t=1571827352', 'path_full': 'https://cdn.akamai.steamstatic.com/steam/apps/34278/ss_277290a84e5c871d67d32df79ab5102f20111191.1920x1080.jpg?t=1571827352'}, {'id': 3, 'path_thumbnail': 'https://cdn.akamai.steamstatic.com/steam/apps/34278/ss_b74bbe9533cdc858ef1928f8ba222c5765bd9ffb.600x338.jpg?t=1571827352', 'path_full': 'https://cdn.akamai.steamstatic.com/steam/apps/34278/ss_b74bbe9533cdc858ef1928f8ba222c5765bd9ffb.1920x1080.jpg?t=1571827352'}]","[{'id': 256663653, 'name': 'SMDC ESRB', 'thumbnail': 'https://cdn.akamai.steamstatic.com/steam/apps/256663653/movie.jpg?t=1522076250', 'webm': {'480': 'http://cdn.akamai.steamstatic.com/steam/apps/256663653/movie480.webm?t=1522076250', 'max': 'http://cdn.akamai.steamstatic.com/steam/apps/256663653/movie_max.webm?t=1522076250'}, 'mp4': {'480': 'http://cdn.akamai.steamstatic.com/steam/apps/256663653/movie480.mp4?t=1522076250', 'max': 'http://cdn.akamai.steamstatic.com/steam/apps/256663653/movie_max.mp4?t=1522076250'}, 'highlight': True}, {'id': 256663656, 'name': 'SMDC PEGI', 'thumbnail': 'https://cdn.akamai.steamstatic.com/steam/apps/256663656/movie.jpg?t=1522076262', 'webm': {'480': 'http://cdn.akamai.steamstatic.com/steam/apps/256663656/movie480.webm?t=1522076262', 'max': 'http://cdn.akamai.steamstatic.com/steam/apps/256663656/movie_max.webm?t=1522076262'}, 'mp4': {'480': 'http://cdn.akamai.steamstatic.com/steam/apps/256663656/movie480.mp4?t=1522076262', 'max': 'http://cdn.akamai.steamstatic.com/steam/apps/256663656/movie_max.mp4?t=1522076262'}, 'highlight': True}]",,,"{'coming_soon': False, 'date': '1 Jun, 2010'}","{'url': 'https://support.sega.co.uk', 'email': ''}",https://cdn.akamai.steamstatic.com/steam/apps/34278/page_bg_generated_v6b.jpg?t=1571827352,"{'ids': [], 'notes': None}"
game,All Aspect Warfare,36910,0,False,,,"An elite strike team — with a thermo-nuclear weapon. Stranded. On a hostile and near desolate planet. Left for dead. What else could possibly go wrong?<br><br>The Terrans have been at war with the Gammulan race for years. Deployed in a distant territory on the other side of the galaxy the Terran Galactic Command (GALCOM) has suffered repeated defeats and unprecedented losses. In an attempt to change the tide of war and take the battle to the enemy GALCOM has launched an all out attack on the Gammulan homeworlds.<br><br>After an intense battle, a badly damaged GALCOM ship carrying a devastating 'planet killer' weapon crash landed on a hostile Gammulan planet.  The crash survivors, a group of combat veterans, must fight off the enemy while trying to locate and disarm the catastrophic weapon - code named R.A.N.D.O.M. (Random Access Nuclear Destruction of Obsolete Matter) - or get off the planet before it detonates.<h2 class=""bb_tag"">GAMEPLAY HIGHLIGHTS</h2><br><ul class=""bb_ul""><li>Engaging campaign storyline and several instant action missions.<br></li><li>Six playable character classes with various strengths, weaknesses and restrictions.<br></li><li>Over twenty-four first person weapons varying from pistols and sniper rifles to machine guns and grenades.<br></li><li>Various advanced first person inventory — items such as cloaking devices, shield enhancements, sensor jammers etc as well as various deployable assets such as gun and rocket turrets.<br></li><li>Over thirty playable units including vehicles, gunships, fighters, shuttles and naval units. All units supported in multiplayer with multiuse positions (e.g. driver, gunner, passengers).<br></li><li>Fly aerial combat missions while supporting ground troops. Choose among escort, SAD, SEAD and CAP missions. <br></li><li>Full squad command of NPC team members with an intuitive orders interface system.<br></li><li>32 player support and five multiplayer modes including PVP deathmatch and team deathmatch as well as four player co-op against aggressive Gammulan forces. Host and join a game using a single instance or host a dedicated console multiplayer server and invite your friends. <br></li><li>64 player official ranked servers with stats tracking, integrated lobby and more.<br></li><li>Fully integrated in-game document viewer with quick access to game commands, manual and tutorial documents.</li></ul><br>This is the first person combat based companion title to our other game, Angle Of Attack.","An elite strike team — with a thermo-nuclear weapon. Stranded. On a hostile and near desolate planet. Left for dead. What else could possibly go wrong?<br><br>The Terrans have been at war with the Gammulan race for years. Deployed in a distant territory on the other side of the galaxy the Terran Galactic Command (GALCOM) has suffered repeated defeats and unprecedented losses. In an attempt to change the tide of war and take the battle to the enemy GALCOM has launched an all out attack on the Gammulan homeworlds.<br><br>After an intense battle, a badly damaged GALCOM ship carrying a devastating 'planet killer' weapon crash landed on a hostile Gammulan planet.  The crash survivors, a group of combat veterans, must fight off the enemy while trying to locate and disarm the catastrophic weapon - code named R.A.N.D.O.M. (Random Access Nuclear Destruction of Obsolete Matter) - or get off the planet before it detonates.<h2 class=""bb_tag"">GAMEPLAY HIGHLIGHTS</h2><br><ul class=""bb_ul""><li>Engaging campaign storyline and several instant action missions.<br></li><li>Six playable character classes with various strengths, weaknesses and restrictions.<br></li><li>Over twenty-four first person weapons varying from pistols and sniper rifles to machine guns and grenades.<br></li><li>Various advanced first person inventory — items such as cloaking devices, shield enhancements, sensor jammers etc as well as various deployable assets such as gun and rocket turrets.<br></li><li>Over thirty playable units including vehicles, gunships, fighters, shuttles and naval units. All units supported in multiplayer with multiuse positions (e.g. driver, gunner, passengers).<br></li><li>Fly aerial combat missions while supporting ground troops. Choose among escort, SAD, SEAD and CAP missions. <br></li><li>Full squad command of NPC team members with an intuitive orders interface system.<br></li><li>32 player support and five multiplayer modes including PVP deathmatch and team deathmatch as well as four player co-op against aggressive Gammulan forces. Host and join a game using a single instance or host a dedicated console multiplayer server and invite your friends. <br></li><li>64 player official ranked servers with stats tracking, integrated lobby and more.<br></li><li>Fully integrated in-game document viewer with quick access to game commands, manual and tutorial documents.</li></ul><br>This is the first person combat based companion title to our other game, Angle Of Attack.","All Aspect Warfare is a thrilling planetary combat game featuring first person, vehicular and air combat over vast terrain.",,English,https://cdn.akamai.steamstatic.com/steam/apps/36910/header.jpg?t=1620314266,http://3000ad.com/games/all-aspect-warfare/,"{'minimum': '<strong>Minimum:</strong><br>\t\t\t\t\t<ul class=""bb_ul""><li><strong>OS:</strong> Windows XP or Windows Vista<br>\t\t\t\t\t\t</li><li><strong>Processor:</strong> Dual Core CPU (Intel Pentium 4 3.4Ghz, AMD Athlon 64 X2 3.0GHz or faster<br>\t\t\t\t\t\t</li><li><strong>Memory:</strong> 1GB<br>\t\t\t\t\t\t</li><li><strong>Graphics:</strong> 256MB GPU with Shader Model 3 (nVidia GeForce 7900 / ATI Radeon X1300 or faster)<br>\t\t\t\t\t\t</li><li><strong>DirectX®:</strong> DirectX 9.0 March 2009 Runtime<br>\t\t\t\t\t\t</li><li><strong>Hard Drive:</strong> 600MB<br>\t\t\t\t\t\t</li><li><strong>Sound:</strong> DirectX 9.0c compatible (on-board or add-in)<br>\t\t\t\t\t</li></ul>', 'recommended': '<strong>Recommended:</strong><br>\t\t\t\t\t<ul class=""bb_ul""><li><strong>OS:</strong> Windows XP or Windows Vista<br>\t\t\t\t\t\t</li><li><strong>Processor:</strong> Intel Core 2 Duo E6320 / AMD X2 6000 or faster<br>\t\t\t\t\t\t</li><li><strong>Memory:</strong> 2GB<br>\t\t\t\t\t\t</li><li><strong>Graphics:</strong>512MB GPU with Shader Model 3 (nVidia GeForce 8600 GTS / Radeon HD2900 XT or faster)<br>\t\t\t\t\t\t</li><li><strong>DirectX®:</strong> DirectX 9.0 March 2009 Runtime<br>\t\t\t\t\t\t</li><li><strong>Hard Drive:</strong> 1 GB<br>\t\t\t\t\t\t</li><li><strong>Sound:</strong> DirectX 9.0c compatible (on-board or add-in)<br>\t\t\t\t\t</li></ul>'}",[],[],"All Aspect Warfare  © 2009, 3000AD, Inc",,,['3000AD'],['3000AD'],"[{'appid': 36920, 'description': ''}]","{'currency': 'INR', 'initial': 36900, 'final': 36900, 'discount_percent': 0, 'initial_formatted': '', 'final_formatted': '₹ 369'}",[1938],"[{'name': 'default', 'title': 'Buy All Aspect Warfare', 'description': '', 'selection_text': 'Select a purchase option', 'save_text': '', 'display_type': 0, 'is_recurring_subscription': 'false', 'subs': [{'packageid': 1938, 'percent_savings_text': ' ', 'percent_savings': 0, 'option_text': 'All Aspect Warfare - ₹ 369', 'option_description': '', 'can_get_free_license': '0', 'is_free_license': False, 'price_in_cents_with_discount': 36900}]}]","{'windows': True, 'mac': False, 'linux': False}",,"&quot;It's a welcome change from shooters-on-rails that feed you ammunition just before fights against improbable bosses, or military games where the biggest challenge comes from deciding whether or not to &quot;game&quot; the AI by picking it off from range.&quot; - <a href=""https://steamcommunity.com/linkfilter/?url=http://www.armchairgeneral.com/all-aspect-warfare-pc-game-review.htm"" target=""_blank"" rel=""noopener""  >Armchair General</a><br><br>&quot;Bluntly put: if you want a game which will kill you regularly, which will force you to think and plan, and which will force you to learn the often confusing ways it works - but is incredibly rewarding when you pull things off and when you really start getting the hang of it - you will absolutely love this.&quot; - <a href=""https://steamcommunity.com/linkfilter/?url=http://www.incgamers.com/Reviews/967/All-Aspect-Warfare-Review-PC"" target=""_blank"" rel=""noopener""  >Inc Gamers</a><br>					<br>&quot;And any player who's not stimulated by a challenge should stick to their favorite PopCap games.&quot; - <a href=""https://steamcommunity.com/linkfilter/?url=http://www.avault.com/reviews/pc/aaw-pc-review/"" target=""_blank"" rel=""noopener""  >The Adrenaline Vault</a><br><br>&quot;While the level of difficulty might reserve All Aspect Warfare for the elite player, there is still a lot to like about the game for fans of both flight simulators and action games.&quot; - <a href=""https://steamcommunity.com/linkfilter/?url=http://www.outofeight.info/2009/08/all-aspect-warfare-review.html"" target=""_blank"" rel=""noopener""  >Out Of Eight</a>","[{'id': 2, 'description': 'Single-player'}, {'id': 1, 'description': 'Multi-player'}, {'id': 9, 'description': 'Co-op'}, {'id': 18, 'description': 'Partial Controller Support'}]","[{'id': '1', 'description': 'Action'}, {'id': '4', 'description': 'Casual'}, {'id': '23', 'description': 'Indie'}, {'id': '28', 'description': 'Simulation'}]","[{'id': 0, 'path_thumbnail': 'https://cdn.akamai.steamstatic.com/steam/apps/36910/ss_df66630eb7569d206ba9da2cf55f60d786032bb1.600x338.jpg?t=1620314266', 'path_full': 'https://cdn.akamai.steamstatic.com/steam/apps/36910/ss_df66630eb7569d206ba9da2cf55f60d786032bb1.1920x1080.jpg?t=1620314266'}, {'id': 1, 'path_thumbnail': 'https://cdn.akamai.steamstatic.com/steam/apps/36910/ss_300b7b6da3782970474f1a44543aa57fc5bc6025.600x338.jpg?t=1620314266', 'path_full': 'https://cdn.akamai.steamstatic.com/steam/apps/36910/ss_300b7b6da3782970474f1a44543aa57fc5bc6025.1920x1080.jpg?t=1620314266'}, {'id': 2, 'path_thumbnail': 'https://cdn.akamai.steamstatic.com/steam/apps/36910/ss_629c34b63a8fc3457b8a73f367dce0e5b08cf687.600x338.jpg?t=1620314266', 'path_full': 'https://cdn.akamai.steamstatic.com/steam/apps/36910/ss_629c34b63a8fc3457b8a73f367dce0e5b08cf687.1920x1080.jpg?t=1620314266'}, {'id': 3, 'path_thumbnail': 'https://cdn.akamai.steamstatic.com/steam/apps/36910/ss_b89efe593b4f594c13291401ed12bb87befa4c2a.600x338.jpg?t=1620314266', 'path_full': 'https://cdn.akamai.steamstatic.com/steam/apps/36910/ss_b89efe593b4f594c13291401ed12bb87befa4c2a.1920x1080.jpg?t=1620314266'}, {'id': 4, 'path_thumbnail': 'https://cdn.akamai.steamstatic.com/steam/apps/36910/ss_d44ba7bcbc94e18c399e633260a9b83b00cc00f4.600x338.jpg?t=1620314266', 'path_full': 'https://cdn.akamai.steamstatic.com/steam/apps/36910/ss_d44ba7bcbc94e18c399e633260a9b83b00cc00f4.1920x1080.jpg?t=1620314266'}, {'id': 5, 'path_thumbnail': 'https://cdn.akamai.steamstatic.com/steam/apps/36910/ss_a4cd8595a7cec85c9339f9fb2e478f2c73bc512e.600x338.jpg?t=1620314266', 'path_full': 'https://cdn.akamai.steamstatic.com/steam/apps/36910/ss_a4cd8595a7cec85c9339f9fb2e478f2c73bc512e.1920x1080.jpg?t=1620314266'}, {'id': 6, 'path_thumbnail': 'https://cdn.akamai.steamstatic.com/steam/apps/36910/ss_c6d208ab756dfadfe079e12317ca2cd48b15ab64.600x338.jpg?t=1620314266', 'path_full': 'https://cdn.akamai.steamstatic.com/steam/apps/36910/ss_c6d208ab756dfadfe079e12317ca2cd48b15ab64.1920x1080.jpg?t=1620314266'}, {'id': 7, 'path_thumbnail': 'https://cdn.akamai.steamstatic.com/steam/apps/36910/ss_2daf800064ead58e555eeb4f801df92edcd2b8cd.600x338.jpg?t=1620314266', 'path_full': 'https://cdn.akamai.steamstatic.com/steam/apps/36910/ss_2daf800064ead58e555eeb4f801df92edcd2b8cd.1920x1080.jpg?t=1620314266'}, {'id': 8, 'path_thumbnail': 'https://cdn.akamai.steamstatic.com/steam/apps/36910/ss_4bdedd776fbc72399ffe03273d8d60c5c05177d4.600x338.jpg?t=1620314266', 'path_full': 'https://cdn.akamai.steamstatic.com/steam/apps/36910/ss_4bdedd776fbc72399ffe03273d8d60c5c05177d4.1920x1080.jpg?t=1620314266'}, {'id': 9, 'path_thumbnail': 'https://cdn.akamai.steamstatic.com/steam/apps/36910/ss_5bbfbfbe45f0f62aa56355f9038109ce3da97dc7.600x338.jpg?t=1620314266', 'path_full': 'https://cdn.akamai.steamstatic.com/steam/apps/36910/ss_5bbfbfbe45f0f62aa56355f9038109ce3da97dc7.1920x1080.jpg?t=1620314266'}, {'id': 10, 'path_thumbnail': 'https://cdn.akamai.steamstatic.com/steam/apps/36910/ss_9ebb49543a72b88b4b09af094c7194686568d2d0.600x338.jpg?t=1620314266', 'path_full': 'https://cdn.akamai.steamstatic.com/steam/apps/36910/ss_9ebb49543a72b88b4b09af094c7194686568d2d0.1920x1080.jpg?t=1620314266'}, {'id': 11, 'path_thumbnail': 'https://cdn.akamai.steamstatic.com/steam/apps/36910/ss_9227717bab2674e34ef39173b4468a04e2619988.600x338.jpg?t=1620314266', 'path_full': 'https://cdn.akamai.steamstatic.com/steam/apps/36910/ss_9227717bab2674e34ef39173b4468a04e2619988.1920x1080.jpg?t=1620314266'}, {'id': 12, 'path_thumbnail': 'https://cdn.akamai.steamstatic.com/steam/apps/36910/ss_84fbb03475f12a0067e6f092e07fa751ae5d3406.600x338.jpg?t=1620314266', 'path_full': 'https://cdn.akamai.steamstatic.com/steam/apps/36910/ss_84fbb03475f12a0067e6f092e07fa751ae5d3406.1920x1080.jpg?t=1620314266'}, {'id': 13, 'path_thumbnail': 'https://cdn.akamai.steamstatic.com/steam/apps/36910/ss_db123515b561bf7d61e6793f37d5c1f7cd79b65e.600x338.jpg?t=1620314266', 'path_full': 'https://cdn.akamai.steamstatic.com/steam/apps/36910/ss_db123515b561bf7d61e6793f37d5c1f7cd79b65e.1920x1080.jpg?t=1620314266'}, {'id': 14, 'path_thumbnail': 'https://cdn.akamai.steamstatic.com/steam/apps/36910/ss_bbac19822171653b676a49eff6ebf1b14776f184.600x338.jpg?t=1620314266', 'path_full': 'https://cdn.akamai.steamstatic.com/steam/apps/36910/ss_bbac19822171653b676a49eff6ebf1b14776f184.1920x1080.jpg?t=1620314266'}, {'id': 15, 'path_thumbnail': 'https://cdn.akamai.steamstatic.com/steam/apps/36910/ss_db9a500c9c200c1527f92fa406fac06b8d0b0ede.600x338.jpg?t=1620314266', 'path_full': 'https://cdn.akamai.steamstatic.com/steam/apps/36910/ss_db9a500c9c200c1527f92fa406fac06b8d0b0ede.1920x1080.jpg?t=1620314266'}, {'id': 16, 'path_thumbnail': 'https://cdn.akamai.steamstatic.com/steam/apps/36910/ss_3ec38d3ab1b41246788f1a244248859bf3de3471.600x338.jpg?t=1620314266', 'path_full': 'https://cdn.akamai.steamstatic.com/steam/apps/36910/ss_3ec38d3ab1b41246788f1a244248859bf3de3471.1920x1080.jpg?t=1620314266'}, {'id': 17, 'path_thumbnail': 'https://cdn.akamai.steamstatic.com/steam/apps/36910/ss_2b01d65bcbab8e9c0ad3b83ee53d513f528b73c4.600x338.jpg?t=1620314266', 'path_full': 'https://cdn.akamai.steamstatic.com/steam/apps/36910/ss_2b01d65bcbab8e9c0ad3b83ee53d513f528b73c4.1920x1080.jpg?t=1620314266'}, {'id': 18, 'path_thumbnail': 'https://cdn.akamai.steamstatic.com/steam/apps/36910/ss_e10a6db7cffe5a3f0ad097c95435c4ce8f52d920.600x338.jpg?t=1620314266', 'path_full': 'https://cdn.akamai.steamstatic.com/steam/apps/36910/ss_e10a6db7cffe5a3f0ad097c95435c4ce8f52d920.1920x1080.jpg?t=1620314266'}, {'id': 19, 'path_thumbnail': 'https://cdn.akamai.steamstatic.com/steam/apps/36910/ss_23a88c44a14ac04eb9062e19e18ee6bb2163a992.600x338.jpg?t=1620314266', 'path_full': 'https://cdn.akamai.steamstatic.com/steam/apps/36910/ss_23a88c44a14ac04eb9062e19e18ee6bb2163a992.1920x1080.jpg?t=1620314266'}, {'id': 20, 'path_thumbnail': 'https://cdn.akamai.steamstatic.com/steam/apps/36910/ss_be7a30f61b2b7c4ec6dbaf473af39c7dda0c2a47.600x338.jpg?t=1620314266', 'path_full': 'https://cdn.akamai.steamstatic.com/steam/apps/36910/ss_be7a30f61b2b7c4ec6dbaf473af39c7dda0c2a47.1920x1080.jpg?t=1620314266'}, {'id': 21, 'path_thumbnail': 'https://cdn.akamai.steamstatic.com/steam/apps/36910/ss_e83d44c6e5410955b59b66c9a13c801f0095ab70.600x338.jpg?t=1620314266', 'path_full': 'https://cdn.akamai.steamstatic.com/steam/apps/36910/ss_e83d44c6e5410955b59b66c9a13c801f0095ab70.1920x1080.jpg?t=1620314266'}, {'id': 22, 'path_thumbnail': 'https://cdn.akamai.steamstatic.com/steam/apps/36910/ss_44c095bf97c2272be31cfa105da22939b67053fb.600x338.jpg?t=1620314266', 'path_full': 'https://cdn.akamai.steamstatic.com/steam/apps/36910/ss_44c095bf97c2272be31cfa105da22939b67053fb.1920x1080.jpg?t=1620314266'}, {'id': 23, 'path_thumbnail': 'https://cdn.akamai.steamstatic.com/steam/apps/36910/ss_5729653f211e11554e8ab745bdbcea11ec8b96bf.600x338.jpg?t=1620314266', 'path_full': 'https://cdn.akamai.steamstatic.com/steam/apps/36910/ss_5729653f211e11554e8ab745bdbcea11ec8b96bf.1920x1080.jpg?t=1620314266'}, {'id': 24, 'path_thumbnail': 'https://cdn.akamai.steamstatic.com/steam/apps/36910/ss_9fcc2187c68a11f89813d9696dd312aa159d1d98.600x338.jpg?t=1620314266', 'path_full': 'https://cdn.akamai.steamstatic.com/steam/apps/36910/ss_9fcc2187c68a11f89813d9696dd312aa159d1d98.1920x1080.jpg?t=1620314266'}, {'id': 25, 'path_thumbnail': 'https://cdn.akamai.steamstatic.com/steam/apps/36910/ss_3148fe2b2f48c28e67c21cb1d9b0089ca6cd295f.600x338.jpg?t=1620314266', 'path_full': 'https://cdn.akamai.steamstatic.com/steam/apps/36910/ss_3148fe2b2f48c28e67c21cb1d9b0089ca6cd295f.1920x1080.jpg?t=1620314266'}, {'id': 26, 'path_thumbnail': 'https://cdn.akamai.steamstatic.com/steam/apps/36910/ss_61f2d0c3b7b6c280151f4104bc5f8932b2326ba5.600x338.jpg?t=1620314266', 'path_full': 'https://cdn.akamai.steamstatic.com/steam/apps/36910/ss_61f2d0c3b7b6c280151f4104bc5f8932b2326ba5.1920x1080.jpg?t=1620314266'}, {'id': 27, 'path_thumbnail': 'https://cdn.akamai.steamstatic.com/steam/apps/36910/ss_4e4890ca92495cbd6579526d057744d1876dada4.600x338.jpg?t=1620314266', 'path_full': 'https://cdn.akamai.steamstatic.com/steam/apps/36910/ss_4e4890ca92495cbd6579526d057744d1876dada4.1920x1080.jpg?t=1620314266'}, {'id': 28, 'path_thumbnail': 'https://cdn.akamai.steamstatic.com/steam/apps/36910/ss_09f75e3de22ebcc2bdca1439814d07fb5380fb06.600x338.jpg?t=1620314266', 'path_full': 'https://cdn.akamai.steamstatic.com/steam/apps/36910/ss_09f75e3de22ebcc2bdca1439814d07fb5380fb06.1920x1080.jpg?t=1620314266'}, {'id': 29, 'path_thumbnail': 'https://cdn.akamai.steamstatic.com/steam/apps/36910/ss_a165f5010988e617ed74ff6e7fecdfb758a08b0b.600x338.jpg?t=1620314266', 'path_full': 'https://cdn.akamai.steamstatic.com/steam/apps/36910/ss_a165f5010988e617ed74ff6e7fecdfb758a08b0b.1920x1080.jpg?t=1620314266'}, {'id': 30, 'path_thumbnail': 'https://cdn.akamai.steamstatic.com/steam/apps/36910/ss_3ee83ff539b868c24373b931e6b961da51bf4b95.600x338.jpg?t=1620314266', 'path_full': 'https://cdn.akamai.steamstatic.com/steam/apps/36910/ss_3ee83ff539b868c24373b931e6b961da51bf4b95.1920x1080.jpg?t=1620314266'}, {'id': 31, 'path_thumbnail': 'https://cdn.akamai.steamstatic.com/steam/apps/36910/ss_51dd4dc8be0c14e8efba0449bd6d98e9ca544a10.600x338.jpg?t=1620314266', 'path_full': 'https://cdn.akamai.steamstatic.com/steam/apps/36910/ss_51dd4dc8be0c14e8efba0449bd6d98e9ca544a10.1920x1080.jpg?t=1620314266'}, {'id': 32, 'path_thumbnail': 'https://cdn.akamai.steamstatic.com/steam/apps/36910/ss_c31cb55d834de843c05f3988cf9cc93216d033ac.600x338.jpg?t=1620314266', 'path_full': 'https://cdn.akamai.steamstatic.com/steam/apps/36910/ss_c31cb55d834de843c05f3988cf9cc93216d033ac.1920x1080.jpg?t=1620314266'}, {'id': 33, 'path_thumbnail': 'https://cdn.akamai.steamstatic.com/steam/apps/36910/ss_1fc084cbe03633d9b856b93dbb2fe3bfc07db1d6.600x338.jpg?t=1620314266', 'path_full': 'https://cdn.akamai.steamstatic.com/steam/apps/36910/ss_1fc084cbe03633d9b856b93dbb2fe3bfc07db1d6.1920x1080.jpg?t=1620314266'}, {'id': 34, 'path_thumbnail': 'https://cdn.akamai.steamstatic.com/steam/apps/36910/ss_2bea26045a5b26749e65b24ef47359b87a71405b.600x338.jpg?t=1620314266', 'path_full': 'https://cdn.akamai.steamstatic.com/steam/apps/36910/ss_2bea26045a5b26749e65b24ef47359b87a71405b.1920x1080.jpg?t=1620314266'}, {'id': 35, 'path_thumbnail': 'https://cdn.akamai.steamstatic.com/steam/apps/36910/ss_20f2fd941bf8d02268234b7382b8f965d543c02c.600x338.jpg?t=1620314266', 'path_full': 'https://cdn.akamai.steamstatic.com/steam/apps/36910/ss_20f2fd941bf8d02268234b7382b8f965d543c02c.1920x1080.jpg?t=1620314266'}]","[{'id': 900984, 'name': 'Gameplay Tutorial 1', 'thumbnail': 'https://cdn.akamai.steamstatic.com/steam/apps/900984/movie.293x165.jpg?t=1447352492', 'webm': {'480': 'http://cdn.akamai.steamstatic.com/steam/apps/900984/movie480.webm?t=1447352492', 'max': 'http://cdn.akamai.steamstatic.com/steam/apps/900984/movie_max.webm?t=1447352492'}, 'mp4': {'480': 'http://cdn.akamai.steamstatic.com/steam/apps/900984/movie480.mp4?t=1447352492', 'max': 'http://cdn.akamai.steamstatic.com/steam/apps/900984/movie_max.mp4?t=1447352492'}, 'highlight': True}, {'id': 900975, 'name': 'Gameplay Tutorial 2', 'thumbnail': 'https://cdn.akamai.steamstatic.com/steam/apps/900975/movie.293x165.jpg?t=1447352484', 'webm': {'480': 'http://cdn.akamai.steamstatic.com/steam/apps/900975/movie480.webm?t=1447352484', 'max': 'http://cdn.akamai.steamstatic.com/steam/apps/900975/movie_max.webm?t=1447352484'}, 'mp4': {'480': 'http://cdn.akamai.steamstatic.com/steam/apps/900975/movie480.mp4?t=1447352484', 'max': 'http://cdn.akamai.steamstatic.com/steam/apps/900975/movie_max.mp4?t=1447352484'}, 'highlight': True}, {'id': 900976, 'name': 'Gameplay Tutorial 3', 'thumbnail': 'https://cdn.akamai.steamstatic.com/steam/apps/900976/movie.293x165.jpg?t=1447352484', 'webm': {'480': 'http://cdn.akamai.steamstatic.com/steam/apps/900976/movie480.webm?t=1447352484', 'max': 'http://cdn.akamai.steamstatic.com/steam/apps/900976/movie_max.webm?t=1447352484'}, 'mp4': {'480': 'http://cdn.akamai.steamstatic.com/steam/apps/900976/movie480.mp4?t=1447352484', 'max': 'http://cdn.akamai.steamstatic.com/steam/apps/900976/movie_max.mp4?t=1447352484'}, 'highlight': True}, {'id': 900977, 'name': 'Gameplay Tutorial 4', 'thumbnail': 'https://cdn.akamai.steamstatic.com/steam/apps/900977/movie.293x165.jpg?t=1447352485', 'webm': {'480': 'http://cdn.akamai.steamstatic.com/steam/apps/900977/movie480.webm?t=1447352485', 'max': 'http://cdn.akamai.steamstatic.com/steam/apps/900977/movie_max.webm?t=1447352485'}, 'mp4': {'480': 'http://cdn.akamai.steamstatic.com/steam/apps/900977/movie480.mp4?t=1447352485', 'max': 'http://cdn.akamai.steamstatic.com/steam/apps/900977/movie_max.mp4?t=1447352485'}, 'highlight': True}, {'id': 900978, 'name': 'Gameplay Tutorial 5', 'thumbnail': 'https://cdn.akamai.steamstatic.com/steam/apps/900978/movie.293x165.jpg?t=1447352485', 'webm': {'480': 'http://cdn.akamai.steamstatic.com/steam/apps/900978/movie480.webm?t=1447352485', 'max': 'http://cdn.akamai.steamstatic.com/steam/apps/900978/movie_max.webm?t=1447352485'}, 'mp4': {'480': 'http://cdn.akamai.steamstatic.com/steam/apps/900978/movie480.mp4?t=1447352485', 'max': 'http://cdn.akamai.steamstatic.com/steam/apps/900978/movie_max.mp4?t=1447352485'}, 'highlight': True}, {'id': 900979, 'name': 'Gameplay Tutorial 6', 'thumbnail': 'https://cdn.akamai.steamstatic.com/steam/apps/900979/movie.293x165.jpg?t=1447352485', 'webm': {'480': 'http://cdn.akamai.steamstatic.com/steam/apps/900979/movie480.webm?t=1447352485', 'max': 'http://cdn.akamai.steamstatic.com/steam/apps/900979/movie_max.webm?t=1447352485'}, 'mp4': {'480': 'http://cdn.akamai.steamstatic.com/steam/apps/900979/movie480.mp4?t=1447352485', 'max': 'http://cdn.akamai.steamstatic.com/steam/apps/900979/movie_max.mp4?t=1447352485'}, 'highlight': True}]",,,"{'coming_soon': False, 'date': '17 Aug, 2009'}","{'url': 'http://3000ad.com/support/', 'email': 'mailto:support@3000ad.com'}",https://cdn.akamai.steamstatic.com/steam/apps/36910/page_bg_generated_v6b.jpg?t=1620314266,"{'ids': [], 'notes': None}"
game,Hamilton's Great Adventure - Retro Fever DLC,42147,0,False,,,"This map pack contains new levels that bring back the irrepressible charm, and also that daunting touch of hardcore difficulty, that could only be found in the 80’s. They are inspired by famous levels found in legendary NES titles and carry names such as It’s a me, Hamilton! and Dungeon #9.<br />
<br />
Accompanying the levels are brand new and shiny achievements to ensure that your bragging rights are properly boosted as well.","This map pack contains new levels that bring back the irrepressible charm, and also that daunting touch of hardcore difficulty, that could only be found in the 80’s. They are inspired by famous levels found in legendary NES titles and carry names such as It’s a me, Hamilton! and Dungeon #9.<br />
<br />
Accompanying the levels are brand new and shiny achievements to ensure that your bragging rights are properly boosted as well.","This map pack contains new levels that bring back the irrepressible charm, and also that daunting touch of hardcore difficulty, that could only be found in the 80’s. They are inspired by famous levels found in legendary NES titles and carry names such as It’s a me, Hamilton! and Dungeon #9.",,"English, French, Italian, German, Spanish - Spain, Swedish",https://cdn.akamai.steamstatic.com/steam/apps/42147/header.jpg?t=1478100404,http://hamilton.fatshark.se/,"{'minimum': '<strong>Minimum:</strong><br><ul class=""bb_ul""><li><strong>OS:</strong> Windows Vista / Windows 7<br></li><li><strong>Processor:</strong> Dual Core 2.4GHz processor<br></li><li><strong>Memory:</strong> 2 GB RAM<br></li><li><strong>Graphics:</strong> Shader 4.0 compatible card (minimum: Nvidia GeForce 8xxx, AMD Radeon 2xxx)<br></li><li><strong>DirectX:</strong> Version 11<br></li><li><strong>Storage:</strong> 1 GB available space</li></ul>'}",[],[],©Fatshark AB. 2011 ALL RIGHTS RESERVED.,,,['Fatshark'],['Fatshark'],,"{'currency': 'INR', 'initial': 4200, 'final': 2600, 'discount_percent': 38, 'initial_formatted': '₹ 42', 'final_formatted': '₹ 26'}",[11813],"[{'name': 'default', 'title': ""Buy Hamilton's Great Adventure - Retro Fever DLC"", 'description': '', 'selection_text': 'Select a purchase option', 'save_text': '', 'display_type': 0, 'is_recurring_subscription': 'false', 'subs': [{'packageid': 11813, 'percent_savings_text': '-38% ', 'percent_savings': 0, 'option_text': 'Hamilton\'s Great Adventure: Retro Fever - <span class=""discount_original_price"">₹ 42</span> ₹ 26', 'option_description': '', 'can_get_free_license': '0', 'is_free_license': False, 'price_in_cents_with_discount': 2600}]}]","{'windows': True, 'mac': False, 'linux': False}",,,"[{'id': 2, 'description': 'Single-player'}, {'id': 1, 'description': 'Multi-player'}, {'id': 24, 'description': 'Shared/Split Screen'}, {'id': 22, 'description': 'Steam Achievements'}, {'id': 18, 'description': 'Partial Controller Support'}, {'id': 23, 'description': 'Steam Cloud'}, {'id': 25, 'description': 'Steam Leaderboards'}, {'id': 44, 'description': 'Remote Play Together'}]","[{'id': '25', 'description': 'Adventure'}, {'id': '4', 'description': 'Casual'}, {'id': '23', 'description': 'Indie'}]","[{'id': 0, 'path_thumbnail': 'https://cdn.akamai.steamstatic.com/steam/apps/42147/ss_7dfe080c222b67d8cc2ce7e1437aee260f17cebe.600x338.jpg?t=1478100404', 'path_full': 'https://cdn.akamai.steamstatic.com/steam/apps/42147/ss_7dfe080c222b67d8cc2ce7e1437aee260f17cebe.1920x1080.jpg?t=1478100404'}, {'id': 1, 'path_thumbnail': 'https://cdn.akamai.steamstatic.com/steam/apps/42147/ss_62272fc51854eca728f9db04802dcf6557a91b95.600x338.jpg?t=1478100404', 'path_full': 'https://cdn.akamai.steamstatic.com/steam/apps/42147/ss_62272fc51854eca728f9db04802dcf6557a91b95.1920x1080.jpg?t=1478100404'}, {'id': 2, 'path_thumbnail': 'https://cdn.akamai.steamstatic.com/steam/apps/42147/ss_fa614fa8118dcfb981d0582f2e86479ac1a67274.600x338.jpg?t=1478100404', 'path_full': 'https://cdn.akamai.steamstatic.com/steam/apps/42147/ss_fa614fa8118dcfb981d0582f2e86479ac1a67274.1920x1080.jpg?t=1478100404'}, {'id': 3, 'path_thumbnail': 'https://cdn.akamai.steamstatic.com/steam/apps/42147/ss_8d202b99386a398360e094f086d0a8efc6f6480d.600x338.jpg?t=1478100404', 'path_full': 'https://cdn.akamai.steamstatic.com/steam/apps/42147/ss_8d202b99386a398360e094f086d0a8efc6f6480d.1920x1080.jpg?t=1478100404'}, {'id': 4, 'path_thumbnail': 'https://cdn.akamai.steamstatic.com/steam/apps/42147/ss_f4e3afbcff18966dbd97d80c3e763649486a2d86.600x338.jpg?t=1478100404', 'path_full': 'https://cdn.akamai.steamstatic.com/steam/apps/42147/ss_f4e3afbcff18966dbd97d80c3e763649486a2d86.1920x1080.jpg?t=1478100404'}, {'id': 5, 'path_thumbnail': 'https://cdn.akamai.steamstatic.com/steam/apps/42147/ss_c8cb37074d90e4109072938075ec67e571bcdae6.600x338.jpg?t=1478100404', 'path_full': 'https://cdn.akamai.steamstatic.com/steam/apps/42147/ss_c8cb37074d90e4109072938075ec67e571bcdae6.1920x1080.jpg?t=1478100404'}, {'id': 6, 'path_thumbnail': 'https://cdn.akamai.steamstatic.com/steam/apps/42147/ss_f35873ded64bf6c1b6c06c8f22159b58425fa870.600x338.jpg?t=1478100404', 'path_full': 'https://cdn.akamai.steamstatic.com/steam/apps/42147/ss_f35873ded64bf6c1b6c06c8f22159b58425fa870.1920x1080.jpg?t=1478100404'}, {'id': 7, 'path_thumbnail': 'https://cdn.akamai.steamstatic.com/steam/apps/42147/ss_be39dd6d074fee11baa32ed2374c6fe369226198.600x338.jpg?t=1478100404', 'path_full': 'https://cdn.akamai.steamstatic.com/steam/apps/42147/ss_be39dd6d074fee11baa32ed2374c6fe369226198.1920x1080.jpg?t=1478100404'}, {'id': 8, 'path_thumbnail': 'https://cdn.akamai.steamstatic.com/steam/apps/42147/ss_898bf1bdabd4351d62216c67914313ba64bcecee.600x338.jpg?t=1478100404', 'path_full': 'https://cdn.akamai.steamstatic.com/steam/apps/42147/ss_898bf1bdabd4351d62216c67914313ba64bcecee.1920x1080.jpg?t=1478100404'}, {'id': 9, 'path_thumbnail': 'https://cdn.akamai.steamstatic.com/steam/apps/42147/ss_e3119ed7532dd2af18dcd70e228867b8c54825e3.600x338.jpg?t=1478100404', 'path_full': 'https://cdn.akamai.steamstatic.com/steam/apps/42147/ss_e3119ed7532dd2af18dcd70e228867b8c54825e3.1920x1080.jpg?t=1478100404'}, {'id': 10, 'path_thumbnail': 'https://cdn.akamai.steamstatic.com/steam/apps/42147/ss_76aa83b0a5ba517897f4346e685ab11d1ce50c07.600x338.jpg?t=1478100404', 'path_full': 'https://cdn.akamai.steamstatic.com/steam/apps/42147/ss_76aa83b0a5ba517897f4346e685ab11d1ce50c07.1920x1080.jpg?t=1478100404'}]",,,,"{'coming_soon': False, 'date': '3 Oct, 2011'}","{'url': '', 'email': ''}",https://cdn.akamai.steamstatic.com/steam/apps/42147/page_bg_generated_v6b.jpg?t=1478100404,"{'ids': [], 'notes': None}"
game,Hearts of Iron III: Semper Fi,42900,0,False,,"[42905, 42903, 42902]","It’s time to dust off the field marshal's baton and take command of any nation in World War II; the largest conflict in history. The first expansion to the critically acclaimed Hearts of Iron III lets you take charge - or delegate - at any level, from division to nation, through a variety of scenarios. Guide your country to glory from 1936 to 1948 - wage war on the battlefields, in the factories, and at the negotiating table, in the grandest of all World War II strategy games ever made.<br>											<strong>Features:</strong><br>											<ul class=""bb_ul""><li>Players can now define their own Theatres with a simple dragbox system<br>											</li><li>The new Order of Battle Browser allows quick and easy reorganization of the entire Command Hierarchy<br>											</li><li>The Command Hierarchy is now directly represented on the map<br>											</li><li>A new Air Superiority map mode makes strategic air warfare easy<br>											</li><li>At game start, each country now gets to choose its own hidden Victory Conditions. Can your enemies guess your secret agenda? <br>											</li><li>HQs under AI control now have separate aggressiveness stances for Land, Air and Naval operations<br>											</li><li>Countries can request specific actions from their allies for unprecedented cooperation<br>											</li><li>Technological progress can now be shared with your allies<br>											</li><li>Brigades can now be upgraded to more advanced types (e.g. Infantry to Motorized, or Artillery to Self Propelled Artillery) <br>											</li><li>New 1940 scenario fills a gap in the game's timeline<br>											</li><li>Hundreds of new events added to immerse players in their own versions of World War II, comparing the unfolding alternate timeline to real history<br>											</li><li>Mighty warships can be designated the Pride of the Fleet, which is both an opportunity and a risk<br>											</li><li>The AI has been improved in all areas, at all levels. It will defend in depth, marshal big naval taskforces and launch multi-stage invasions. It will perform more historical diplomacy and pursue a strategic production strategy<br>											</li></ul>","It’s time to dust off the field marshal's baton and take command of any nation in World War II; the largest conflict in history. The first expansion to the critically acclaimed Hearts of Iron III lets you take charge - or delegate - at any level, from division to nation, through a variety of scenarios. Guide your country to glory from 1936 to 1948 - wage war on the battlefields, in the factories, and at the negotiating table, in the grandest of all World War II strategy games ever made.<br>											<strong>Features:</strong><br>											<ul class=""bb_ul""><li>Players can now define their own Theatres with a simple dragbox system<br>											</li><li>The new Order of Battle Browser allows quick and easy reorganization of the entire Command Hierarchy<br>											</li><li>The Command Hierarchy is now directly represented on the map<br>											</li><li>A new Air Superiority map mode makes strategic air warfare easy<br>											</li><li>At game start, each country now gets to choose its own hidden Victory Conditions. Can your enemies guess your secret agenda? <br>											</li><li>HQs under AI control now have separate aggressiveness stances for Land, Air and Naval operations<br>											</li><li>Countries can request specific actions from their allies for unprecedented cooperation<br>											</li><li>Technological progress can now be shared with your allies<br>											</li><li>Brigades can now be upgraded to more advanced types (e.g. Infantry to Motorized, or Artillery to Self Propelled Artillery) <br>											</li><li>New 1940 scenario fills a gap in the game's timeline<br>											</li><li>Hundreds of new events added to immerse players in their own versions of World War II, comparing the unfolding alternate timeline to real history<br>											</li><li>Mighty warships can be designated the Pride of the Fleet, which is both an opportunity and a risk<br>											</li><li>The AI has been improved in all areas, at all levels. It will defend in depth, marshal big naval taskforces and launch multi-stage invasions. It will perform more historical diplomacy and pursue a strategic production strategy<br>											</li></ul>","It’s time to dust off the field marshal's baton and take command of any nation in World War II; the largest conflict in history. The first expansion to the critically acclaimed Hearts of Iron III lets you take charge - or delegate - at any level, from division to nation, through a variety of scenarios.",,English,https://cdn.akamai.steamstatic.com/steam/apps/42900/header.jpg?t=1603969085,http://www.heartsofirongame.com,"{'minimum': '<ul class=""bb_ul""><li><strong>OS:</strong> Windows XP/Vista/7<br>\t\t\t\t\t\t\t\t\t\t\t\t\t\t\t\t</li><li><strong>Processor:</strong> Intel Pentium IV 2.4 GHz or AMD 3500+ (quad core)<br>\t\t\t\t\t\t\t\t\t\t\t\t\t\t\t\t</li><li><strong>Memory:</strong> 2Gb RAM<br>\t\t\t\t\t\t\t\t\t\t\t\t\t\t\t\t</li><li><strong>DirectX®:</strong> DirectX 9.0c or better<br>\t\t\t\t\t\t\t\t\t\t\t\t\t\t\t\t</li><li><strong>Hard Drive:</strong> 2GB HDD space<br>\t\t\t\t\t\t\t\t\t\t\t\t\t\t\t\t</li><li><strong>Sound:</strong> DirectX-Compatible soundcard<br>\t\t\t\t\t\t\t\t\t\t\t\t\t\t\t\t</li><li><strong>Video:</strong> GeForce 8800 or ATI Radeon X1900 videocard<br>\t\t\t\t\t\t\t\t\t\t\t\t\t\t\t\t</li><li><strong>Contoller Support:</strong> 3-button mouse, keyboard and speakers<br>\t\t\t\t\t\t\t\t\t\t\t\t\t\t\t</li></ul>'}",[],[],"© 2009 Paradox Interactive AB. Hearts of Iron III is a trademark of Paradox Interactive AB. All rights reserved.<br />
<br />
Powered by Clausewitz 1.0",,,['Paradox Development Studio'],['Paradox Interactive'],,"{'currency': 'INR', 'initial': 25900, 'final': 12900, 'discount_percent': 50, 'initial_formatted': '₹ 259', 'final_formatted': '₹ 129'}",[4484],"[{'name': 'default', 'title': 'Buy Hearts of Iron III: Semper Fi', 'description': '', 'selection_text': 'Select a purchase option', 'save_text': '', 'display_type': 0, 'is_recurring_subscription': 'false', 'subs': [{'packageid': 4484, 'percent_savings_text': '-50% ', 'percent_savings': 0, 'option_text': 'Hearts of Iron III: Semper Fi - <span class=""discount_original_price"">₹ 259</span> ₹ 129', 'option_description': '', 'can_get_free_license': '0', 'is_free_license': False, 'price_in_cents_with_discount': 12900}]}]","{'windows': True, 'mac': False, 'linux': False}","{'score': 65, 'url': 'https://www.metacritic.com/game/pc/hearts-of-iron-iii-semper-fi?ftag=MCD-06-10aaa1f'}",,"[{'id': 1, 'description': 'Multi-player'}, {'id': 9, 'description': 'Co-op'}]","[{'id': '2', 'description': 'Strategy'}]","[{'id': 0, 'path_thumbnail': 'https://cdn.akamai.steamstatic.com/steam/apps/42900/ss_a22cf320ec4842debe81b218dd8e3bcdec2e41be.600x338.jpg?t=1603969085', 'path_full': 'https://cdn.akamai.steamstatic.com/steam/apps/42900/ss_a22cf320ec4842debe81b218dd8e3bcdec2e41be.1920x1080.jpg?t=1603969085'}, {'id': 1, 'path_thumbnail': 'https://cdn.akamai.steamstatic.com/steam/apps/42900/ss_fb7ed85586537e4c0c6e659edbe5bf4b53acd5fd.600x338.jpg?t=1603969085', 'path_full': 'https://cdn.akamai.steamstatic.com/steam/apps/42900/ss_fb7ed85586537e4c0c6e659edbe5bf4b53acd5fd.1920x1080.jpg?t=1603969085'}, {'id': 2, 'path_thumbnail': 'https://cdn.akamai.steamstatic.com/steam/apps/42900/ss_96e1de0bdd8106a0c72e8ff2e27206fde06a5231.600x338.jpg?t=1603969085', 'path_full': 'https://cdn.akamai.steamstatic.com/steam/apps/42900/ss_96e1de0bdd8106a0c72e8ff2e27206fde06a5231.1920x1080.jpg?t=1603969085'}, {'id': 3, 'path_thumbnail': 'https://cdn.akamai.steamstatic.com/steam/apps/42900/ss_dbe235ad314ba9a0b14f8b0c6f8bcae8eb7b7573.600x338.jpg?t=1603969085', 'path_full': 'https://cdn.akamai.steamstatic.com/steam/apps/42900/ss_dbe235ad314ba9a0b14f8b0c6f8bcae8eb7b7573.1920x1080.jpg?t=1603969085'}, {'id': 4, 'path_thumbnail': 'https://cdn.akamai.steamstatic.com/steam/apps/42900/ss_314882537d4e1a4a3b575183b30300a2bc5cacd1.600x338.jpg?t=1603969085', 'path_full': 'https://cdn.akamai.steamstatic.com/steam/apps/42900/ss_314882537d4e1a4a3b575183b30300a2bc5cacd1.1920x1080.jpg?t=1603969085'}, {'id': 5, 'path_thumbnail': 'https://cdn.akamai.steamstatic.com/steam/apps/42900/ss_3d71ebb2203ff1c4052edd1da42668883825fa02.600x338.jpg?t=1603969085', 'path_full': 'https://cdn.akamai.steamstatic.com/steam/apps/42900/ss_3d71ebb2203ff1c4052edd1da42668883825fa02.1920x1080.jpg?t=1603969085'}, {'id': 6, 'path_thumbnail': 'https://cdn.akamai.steamstatic.com/steam/apps/42900/ss_f980aaa859c7a481f0b09b7a78947490575d1cb1.600x338.jpg?t=1603969085', 'path_full': 'https://cdn.akamai.steamstatic.com/steam/apps/42900/ss_f980aaa859c7a481f0b09b7a78947490575d1cb1.1920x1080.jpg?t=1603969085'}, {'id': 7, 'path_thumbnail': 'https://cdn.akamai.steamstatic.com/steam/apps/42900/ss_71aa281661a33405f18887a3cc00d9d896ebc9bf.600x338.jpg?t=1603969085', 'path_full': 'https://cdn.akamai.steamstatic.com/steam/apps/42900/ss_71aa281661a33405f18887a3cc00d9d896ebc9bf.1920x1080.jpg?t=1603969085'}, {'id': 8, 'path_thumbnail': 'https://cdn.akamai.steamstatic.com/steam/apps/42900/ss_10f0496d201fc84aad18c8b119e20c6e640c8bd8.600x338.jpg?t=1603969085', 'path_full': 'https://cdn.akamai.steamstatic.com/steam/apps/42900/ss_10f0496d201fc84aad18c8b119e20c6e640c8bd8.1920x1080.jpg?t=1603969085'}]",,,,"{'coming_soon': False, 'date': '7 Jun, 2010'}","{'url': '', 'email': ''}",https://cdn.akamai.steamstatic.com/steam/apps/42900/page_bg_generated_v6b.jpg?t=1603969085,"{'ids': [], 'notes': None}"
game,Defense of the Oasis,45200,0,False,,,"The award-winning cult classic has emerged from its tomb! <br><br>One part <i>Minesweeper</i>, one part <i>Civilization</i>.  With every click of the mouse your empire grows stronger. Spend your turns wisely, and when the barbarians come you will conquer them and re-unite your kingdom. Will your empire stand the test of time? Claim your destiny and unlock the power that lies at the heart of Oasis.<br><br><i>Defense of the Oasis</i> is a fast turn-based exploration strategy game. Each level gives you 85 turns to explore, discover cities, build roads, research technology and build as strong a kingdom as you can. When your turns are up, the barbarian hordes attack! If your cities survive the assault, you capture the kingdom's Glyph of Power—<i>if you found while exploring</i>. Capture twelve Glyphs of Power from twelve different levels to win the game. Lose too many battles against the barbarians, and you will lose the game. <br><br><i>Defense of the Oasis</i> features four different difficulty levels (<i>Easy</i>, <i>Normal</i>, <i>Hard</i> and <i>Insane</i>) as well as nine different multi-level campaign scenarios. All the levels in the game are procedurally generated, for infinite replayability.","The award-winning cult classic has emerged from its tomb! <br><br>One part <i>Minesweeper</i>, one part <i>Civilization</i>.  With every click of the mouse your empire grows stronger. Spend your turns wisely, and when the barbarians come you will conquer them and re-unite your kingdom. Will your empire stand the test of time? Claim your destiny and unlock the power that lies at the heart of Oasis.<br><br><i>Defense of the Oasis</i> is a fast turn-based exploration strategy game. Each level gives you 85 turns to explore, discover cities, build roads, research technology and build as strong a kingdom as you can. When your turns are up, the barbarian hordes attack! If your cities survive the assault, you capture the kingdom's Glyph of Power—<i>if you found while exploring</i>. Capture twelve Glyphs of Power from twelve different levels to win the game. Lose too many battles against the barbarians, and you will lose the game. <br><br><i>Defense of the Oasis</i> features four different difficulty levels (<i>Easy</i>, <i>Normal</i>, <i>Hard</i> and <i>Insane</i>) as well as nine different multi-level campaign scenarios. All the levels in the game are procedurally generated, for infinite replayability.","One part Minesweeper, one part Civilization. With every click of the mouse your empire grows stronger. But will it be strong enough to withstand the barbarian hordes?",,English,https://cdn.akamai.steamstatic.com/steam/apps/45200/header.jpg?t=1598404866,,"{'minimum': '<strong>Minimum:</strong><br><ul class=""bb_ul""><li><strong>OS:</strong> Windows 98<br></li><li><strong>Processor:</strong> 32- or 64-bit<br></li><li><strong>Memory:</strong> 128 MB RAM<br></li><li><strong>Graphics:</strong> Any<br></li><li><strong>DirectX:</strong> Version 7.0<br></li><li><strong>Storage:</strong> 15 MB available space</li></ul>', 'recommended': '<strong>Recommended:</strong><br><ul class=""bb_ul""><li><strong>OS:</strong> Windows 10<br></li><li><strong>Processor:</strong> 64-bit<br></li><li><strong>Memory:</strong> 2 GB RAM<br></li><li><strong>Storage:</strong> 15 MB available space</li></ul>'}",[],[],"Copyright © 2005 Mind Control Software, LLC.  All Rights Reserved",,,['Mind Control Software'],"['Mind Control Software', 'Monkey Jump Games']",,"{'currency': 'INR', 'initial': 19900, 'final': 19900, 'discount_percent': 0, 'initial_formatted': '', 'final_formatted': '₹ 199'}",[489967],"[{'name': 'default', 'title': 'Buy Defense of the Oasis', 'description': '', 'selection_text': 'Select a purchase option', 'save_text': '', 'display_type': 0, 'is_recurring_subscription': 'false', 'subs': [{'packageid': 489967, 'percent_savings_text': ' ', 'percent_savings': 0, 'option_text': 'Defense of the Oasis - ₹ 199', 'option_description': '', 'can_get_free_license': '0', 'is_free_license': False, 'price_in_cents_with_discount': 19900}]}]","{'windows': True, 'mac': False, 'linux': False}",,"“Simple, but hardly simplistic”<br />
Computer Games Magazine<br />
","[{'id': 2, 'description': 'Single-player'}]","[{'id': '4', 'description': 'Casual'}, {'id': '2', 'description': 'Strategy'}]","[{'id': 0, 'path_thumbnail': 'https://cdn.akamai.steamstatic.com/steam/apps/45200/ss_a33758ca74860f477ceff990d22c49d328d2f147.600x338.jpg?t=1598404866', 'path_full': 'https://cdn.akamai.steamstatic.com/steam/apps/45200/ss_a33758ca74860f477ceff990d22c49d328d2f147.1920x1080.jpg?t=1598404866'}, {'id': 1, 'path_thumbnail': 'https://cdn.akamai.steamstatic.com/steam/apps/45200/ss_ba4a7fa5756a6d7adc12127389ce1909b7ae2a44.600x338.jpg?t=1598404866', 'path_full': 'https://cdn.akamai.steamstatic.com/steam/apps/45200/ss_ba4a7fa5756a6d7adc12127389ce1909b7ae2a44.1920x1080.jpg?t=1598404866'}, {'id': 2, 'path_thumbnail': 'https://cdn.akamai.steamstatic.com/steam/apps/45200/ss_61fdd2afccae775c87cd57faceb33f6673f06a3d.600x338.jpg?t=1598404866', 'path_full': 'https://cdn.akamai.steamstatic.com/steam/apps/45200/ss_61fdd2afccae775c87cd57faceb33f6673f06a3d.1920x1080.jpg?t=1598404866'}, {'id': 3, 'path_thumbnail': 'https://cdn.akamai.steamstatic.com/steam/apps/45200/ss_ae8d757e34468b443461cc7dc0d5aa6f109df707.600x338.jpg?t=1598404866', 'path_full': 'https://cdn.akamai.steamstatic.com/steam/apps/45200/ss_ae8d757e34468b443461cc7dc0d5aa6f109df707.1920x1080.jpg?t=1598404866'}, {'id': 4, 'path_thumbnail': 'https://cdn.akamai.steamstatic.com/steam/apps/45200/ss_7027f235d14bd45dab8143a09d96ea538e4075a2.600x338.jpg?t=1598404866', 'path_full': 'https://cdn.akamai.steamstatic.com/steam/apps/45200/ss_7027f235d14bd45dab8143a09d96ea538e4075a2.1920x1080.jpg?t=1598404866'}, {'id': 5, 'path_thumbnail': 'https://cdn.akamai.steamstatic.com/steam/apps/45200/ss_a92b926ac01a41e50230de6be7cf762e166dd666.600x338.jpg?t=1598404866', 'path_full': 'https://cdn.akamai.steamstatic.com/steam/apps/45200/ss_a92b926ac01a41e50230de6be7cf762e166dd666.1920x1080.jpg?t=1598404866'}]","[{'id': 256796570, 'name': 'Defense of the Oasis Hard Mode', 'thumbnail': 'https://cdn.akamai.steamstatic.com/steam/apps/256796570/movie.293x165.jpg?t=1598404853', 'webm': {'480': 'http://cdn.akamai.steamstatic.com/steam/apps/256796570/movie480_vp9.webm?t=1598404853', 'max': 'http://cdn.akamai.steamstatic.com/steam/apps/256796570/movie_max_vp9.webm?t=1598404853'}, 'mp4': {'480': 'http://cdn.akamai.steamstatic.com/steam/apps/256796570/movie480.mp4?t=1598404853', 'max': 'http://cdn.akamai.steamstatic.com/steam/apps/256796570/movie_max.mp4?t=1598404853'}, 'highlight': True}]",,,"{'coming_soon': False, 'date': '25 Aug, 2020'}","{'url': 'https://www.facebook.com/Oasis-a-computer-game-by-Mind-Control-Software-75720305675/', 'email': ''}",https://cdn.akamai.steamstatic.com/steam/apps/45200/page_bg_generated_v6b.jpg?t=1598404866,"{'ids': [], 'notes': None}"
