,Films,Director,Cast,Country,Notes,Release Year
0,Antibirth,Danny Perez,"Natasha Lyonne, Chloë Sevigny, Meg Tilly",United StatesCanada,[1][2],2016
1,The Autopsy of Jane Doe,André Øvredal,"Brian Cox, Emile Hirsch, Ophelia Lovibond",United States,[3],2016
2,Bedeviled,The Vang Brothers,"Saxon Sharbino, Mitchell Edwards, Carson Boatman",United States,[4],2016
3,The Belko Experiment,Greg McLean,"John Gallagher Jr., Tony Goldwyn, David Del Rio",United States,[5],2016
5,Blood of the Tribades,"Sophia Cacciola, Michael J. Epstein","Chloé Cunha, Mary Widow, Seth Chatfield",United States,[7],2016
6,The Boy,William Brent Bell,"Lauren Cohan, Rupert Evans, Jim Norton",United States,[8],2016
7,The Blackout Experiments,Rich Fox,"Josh Randall, Kristjan Thor, Bob Glouberman",United States,[9],2016
8,Cabin Fever,Travis Zariwny,"Gage Golightly, Matthew Daddario, Nadine Crocker",United States,[10],2016
9,Cell,Tod Williams,"John Cusack, Samuel L. Jackson, Isabelle Fuhrman",United States,[11],2016
10,The Conjuring 2,James Wan,"Vera Farmiga, Patrick Wilson, Frances O'Connor",United States,[12],2016
11,The Darkness,Greg McLean,"Kevin Bacon, Radha Mitchell, Tina Lifford",United States,[13],2016
12,Dead 7,Danny Roew,A. J. McLean,United States,[14],2016
13,The Devil's Dolls,Padraig Reynolds,"Christopher Wiehl, Kym Jackson",United States,[15],2016
14,Don't Breathe,Fede Álvarez,"Jane Levy, Dylan Minnette, Stephen Lang",United States,[16],2016
15,Don't Kill It,Mike Mendez,"Dolph Lundgren, Kristina Klebe, Tony Bentley",United States,Horror comedy[17],2016
16,The Eyes of My Mother,Nicolas Pesce,"Diana Agostini, Olivia Bond, Will Brill",United States,[18],2016
17,The Faith of Anna Waters,Kelvin Tong,"Elizabeth Rice, Matthew Settle",SingaporeUnited States,[19],2016
18,Fender Bender,Mark Pavia,"Makenzie Vega, Cassidy Freeman, Bill Sage, Steven Michael Quezada",United States,[20],2016
19,The Forest,Jason Zada,"Natalie Dormer, Taylor Kinney",United States,[21],2016
20,Holidays,Various,,United States,[22],2016
21,Home,Frank Lin,"Heather Langenkamp, Samantha Mumba, Aaron Hill",United States,[23],2016
22,Hush,Mike Flanagan,"John Gallagher, Jr., Michael Trucco, Kate Siegel",United States,[24],2016
23,I Am the Pretty Thing That Lives in the House,Osgood Perkins,"Ruth Wilson, Bob Balaban, Lucy Boynton",United StatesCanada,[25],2016
24,Krampus Unleashed,Robert Conway,"Amelia Brantley, Bryson Holl, Caroline Lassetter",United States,[26],2016
25,Lights Out,David F. Sandberg,"Teresa Palmer, Gabriel Bateman, Maria Bello",United States,[27],2016
26,The Limehouse Golem,Juan Carlos Medina,"Olivia Cooke, Bill Nighy, Douglas Booth",United Kingdom,[28],2016
27,The Love Witch,Anna Biller,"Samantha Robinson, Jeffrey Vincent Parise, Gian Keys, Laura Waddell",United States,[29],2016
28,Martyrs,"Kevin Goetz, Michael Goetz","Troian Bellisario, Bailey Noble, Kate Burton",United States,[30],2016
29,Morgan,Luke Scott,"Kate Mara, Anya Taylor-Joy, Toby Jones",United States,[31],2016
30,The Neon Demon,Nicolas Winding Refn,"Elle Fanning, Jena Malone, Abbey Lee",DenmarkFranceUnited States,[32],2016
31,The Other Side of the Door,Johannes Roberts,"Sarah Wayne Callies, Jeremy Sisto",IndiaUnited Kingdom,[33],2016
32,Ouija: Origin of Evil,Mike Flanagan,"Annalise Basso, Elizabeth Reaser, Lulu Wilson",United States,[34],2016
33,Phantasm: Ravager,David Hartman,"Reggie Bannister, Dawn Cody, Angus Scrimm",United States,[35],2016
34,Pool Party Massacre,Drew Marvick,"LeeAnna Vamp, Mark Justice, Alexis Adams",United States,[36],2016
35,Pride and Prejudice and Zombies,Burr Steers,"Lily James, Sam Riley, Jack Huston",United States,[37],2016
36,The Purge: Election Year,James DeMonaco,"Frank Grillo, Elizabeth Mitchell",United States,[38],2016
37,Raw,Julia Ducournau,"Garance Marillier, Ella Rumpf, Rabah Naït Oufella",FranceBelgium,[39][40],2016
38,Sadako vs. Kayako,Koji Shiraishi,"Mizuki Yamamoto, Tina Tamashiro",Japan,[41],2016
39,Split,M. Night Shyamalan,"James McAvoy, Anya Taylor-Joy, Bruce Willis",United States,,2016
40,"Sweet, Sweet Lonely Girl",A.D. Calvo,"Erin Wilhelmi, Quinn Shephard, Susan Kellermann",United States,[42],2016
41,Train to Busan,Yeon Sang-ho,"Gong Yoo, Ma Dong-seok, Ahn So-hee",South Korea,[43],2016
42,Under the Shadow,Babak Anvari,"Narges Rashidi, Avin Manshadi, Bobby Naderi",IranJordanQatarUnited Kingdom,[44],2016
43,The Veil,Phil Joanou,"Jessica Alba, Thomas Jane, Lily Rabe",United States,[45],2016
44,The Void,"Steven Kostanski, Jeremy Gillespie","Ellen Wong, Aaron Poole, Evan Stern",Canada,[46][47],2016
45,Volumes of Blood: Horror Stories,[various directors],,United States,[48],2016
46,The Wailing,Na Hong-jin,"Kwak Do-won, Hwang Jung-min, Chun Woo-hee",South Korea,[49],2016
47,What We Become,Bo Mikkelson,"Troels Lyby, Mille Dinesen, Mikael Birkkjær",Denmark,[50],2016
48,We Are the Flesh,Emiliano Rocha Minter,"Noé Hernández, María Evoli, Diego Gamaliel",MexicoFrance,[51],2016
