,Films,Director,Cast,Country,Notes,Release Year
0,The Abandoned,Eytan Rockaway,"Jason Patric, Louisa Krause, Mark Margolis",United States,[1],2015
1,Alena,Daniel di Grado,"Amalia Holm Bjelket, Felice Jankell, Rebecka Nyman",Sweden,[2],2015
2,The Atticus Institute,Chris Sparling,"Rya Kihlstedt, William Mapother, Harry Groener",United States,[3],2015
3,Be My Cat: A Film for Anne,Adrian Țofei,"Adrian Țofei, Sonia Teodoriu, Florentina Hariton, Alexandra Stroe",Romania,[4][5][6],2015
5,Bound to Vengeance,José Manuel Cravioto,"Tina Ivlev, Bianca Malinowski, Richard Tyson",United States,[8],2015
6,The Bride,Lingo Hsieh,"Wu Kang-ren, Nikki Hsieh, Vera Yen, Chie Tanaka",Taiwan,[9],2015
7,"Bullets, Fangs and Dinner at 8",Matthew Rocca,"Garrett Schweighauser, Eva Rocca, Matthew Rocca, Brian Butler",United States,[10],2015
8,Corpse Party,Masafumi Yamada,"Rina Ikoma, Ryōsuke Ikeoka, Nozomi Maeda",Japan,[11][12],2015
9,Crimson Peak,Guillermo del Toro,"Mia Wasikowska, Jessica Chastain, Tom Hiddleston",United States,[13],2015
10,Dead Rising: Watchtower,"Tim Carter, Zack Lipovsky","Jesse Metcalfe, Meghan Ory, Virginia Madsen",United States,[14],2015
11,Deathgasm,Jason Lei Howden,"Milo Cawthorne, James Blake, Kimberley Crossman",New Zealand,[15],2015
12,Demonic,Will Canon,"Maria Bello, Frank Grillo, Cody Horn",United States,[16],2015
13,Extinction,Miguel Ángel Vivas,"Matthew Fox, Jeffrey Donovan, Quinn McColgan",HungarySpain,[17],2015
14,The Final Girls,Todd Strauss-Schulson,"Nina Dobrev, Malin Akerman, Taissa Farmiga",United States,[18],2015
15,The Gallows,Chris Loffing,"Reese Mishler, Pfeifer Brown, Ryan Shoos",United States,[19],2015
16,Ghost Theater,Hideo Nakata,"Haruka Shimazaki, Mantaro Koichi, Rika Adachi, Riho Takada, Keita Machida",Japan,[20],2015
17,The Gift,Joel Edgerton,"Jason Bateman, Rebecca Hall, Joel Edgerton",United StatesAustralia,[21],2015
18,Goosebumps,Rob Letterman,"Jack Black, Dylan Minnette, Odeya Rush, Amy Ryan, Ryan Lee, Jillian Bell",United States,[22][circular reference],2015
19,He Never Died,Jason Krawczyk,"Henry Rollins, Booboo Stewart, Steven Ogg",CanadaUnited States,[23][24],2015
20,Hellions,Bruce McDonald,"Chloe Rose, Rossif Sutherland, Rachel Wilson",Canada,[25],2015
21,Insidious: Chapter 3,Leigh Whannell,"Stefanie Scott, Dermot Mulroney",United States,[26],2015
22,The Invitation,Karyn Kusama,"Logan Marshall-Green, Tammy Blanchard, Michiel Huisman",United States,[27],2015
23,Ju-on: The Final,Masayuki Ochiai,Airi Taira,Japan,[28],2015
24,Krampus,Michael Dougherty,"Adam Scott, Toni Collette, David Koechner",United States,[29],2015
25,Lavalantula,Mike Mendez,"Steve Guttenberg, Nia Peeples, Patrick Renna",United States,Television film[30],2015
26,Krampus: The Reckoning,Robert Conway,"James Ray, Monica Engesser, Amelia Haberman",United States,[31],2015
27,The Lazarus Effect,David Gelb,"Olivia Wilde, Mark Duplass, Donald Glover",United States,[32],2015
28,Maggie,Henry Hobson,"Arnold Schwarzenegger, Abigail Breslin, Joely Richardson",United States,[33],2015
29,Maya,Jawad Bashir,"Ahmed Abdul Rehman, Hina Jawad, Zain Afzal,",Pakistan,[34],2015
30,Monsters,Guo Hua,"Liu Qing, Zhou Haodong, Wu Yanyan",China,[35],2015
31,Paranormal Activity: The Ghost Dimension,Gregory Plotkin,"Olivia Taylor Dudley, Don McManus, Chloe Csengery",United States,[36],2015
32,Poltergeist,Gil Kenan,"Sam Rockwell, Rosemarie DeWitt",United States,[37],2015
33,Rorschach,C.A. Smith,"Ashlynn Allen, Ricky Lee Barnes, Ross Compton",United States,,2015
34,Scouts Guide to the Zombie Apocalypse,Christopher B. Landon,"Tye Sheridan, Logan Miller, Joey Morgan",United States,[38],2015
35,Sharknado 3: Oh Hell No!,Anthony Ferrante,"Ian Ziering, Tara Reid, Cassie Scerbo",United States,[39],2015
36,Sinister 2,Foy Ciaran,"James Ransone, Shannyn Sossamon",United States,[40][41],2015
37,Stung,Benjamin Diez,"Matt O'Leary, Jessica Cook, Clifton Collins Jr.",GermanyUnited States,[42][43],2015
38,The Tag-Along,Cheng Wei-hao,"Hsu Wei-ning, River Huang, Liu Yin-shang",Taiwan,[44],2015
39,Tales of Halloween,"Neil Marshall, Darren Lynn Bousman, Axelle Carolyn","Grace Phipps, Booboo Stewart, Adrienne Barbeau",United States,Comedy horror[45],2015
40,Tremors 5: Bloodlines,Don Michael Paul,"Michael Gross, Jamie Kennedy, Pearl Thusi",United StatesSouth Africa,[46],2015
41,The Visit,M. Night Shyamalan,"Kathryn Hahn, Deanna Dunagan, Peter McRobbie",United States,[47],2015
42,Volumes of Blood,[various directors],,United States,[48],2015
43,We Are Still Here,Ted Geoghegan,"Barbara Crampton, Andrew Sensenig, Lisa Marie",United States,[49],2015
44,The Witch,Robert Eggers,"Ralph Ineson, Kate Dickie, Harvey Scrimshaw",United StatesCanada,[50],2015
45,The Woman in Black 2: Angel of Death,Tom Harper,"Phoebe Fox, Helen McCrory, Jeremy Irvine",CanadaUnited Kingdom,[51],2015
