[{
  "_id": 0,
  "name": "Zhen",
  "age": 20,
  "email_id": "Zhen123@abc.com",
  "Date": {
    "$date": "2020-12-02T18:30:00Z"
  }
},{
  "_id": 1,
  "name": "Viksna S",
  "age": 21,
  "email_id": "ViksnaS@123.com",
  "Date": {
    "$date": "2017-07-27T18:30:00Z"
  }
},{
  "_id": 3,
  "name": "Tommy W",
  "age": 22,
  "email_id": "TommyW@abc.com",
  "Date": {
    "$date": "2019-05-27T18:30:00Z"
  }
},{
  "_id": 4,
  "name": "Wendy N L",
  "age": 23,
  "email_id": "WendyNL@123.com",
  "Date": {
    "$date": "2021-07-14T18:30:00Z"
  }
},{
  "_id": 5,
  "name": "Cameron S",
  "age": 24,
  "Date": {
    "$date": "2020-06-20T18:30:00Z"
  }
},{
  "_id": 6,
  "name": "Maciek Z",
  "age": 25,
  "email_id": "MaciekZ@345.com",
  "Date": {
    "$date": "2022-01-24T18:30:00Z"
  }
},{
  "_id": 7,
  "name": "Lakshmi T",
  "age": 26,
  "email_id": "LakshmiT @567.com",
  "Date": {
    "$date": "2019-06-11T18:30:00Z"
  }
},{
  "_id": 8,
  "name": "John N",
  "age": 27,
  "email_id": "JohnN@789.com",
  "Date": {
    "$date": "2016-04-11T18:30:00Z"
  }
},{
  "_id": 9,
  "name": "Maria K",
  "age": 28,
  "email_id": "MariaK@245.com",
  "Date": {
    "$date": "2021-09-10T18:30:00Z"
  }
},{
  "_id": 10,
  "name": "Nora S",
  "age": 29,
  "email_id": "NoraS@789.com",
  "Date": {
    "$date": "2021-06-06T18:30:00Z"
  }
}]