[{
  "_id": 4,
  "name": "Wendy N L",
  "Feedback": "Well organised and very useful course for online teaching beginners",
  "No of Dislikes": 5,
  "No of Likes": 9
},{
  "_id": 7,
  "name": "Lakshmi T",
  "Feedback": "Very interesting subject but for a course on e-learning the methods ar...",
  "No of Likes": 9,
  "No of Dislikes": 0
},{
  "_id": 8,
  "name": "Christopher M",
  "Feedback": "Very good course that has given an overview of using and implementing ...",
  "No of Dislikes": 4,
  "No of Likes": 5
}]