,age,bmi,children,charges,Labels,PACKAGE
0,19,27.9,0,16884.924,1,DIAMOND PACKAGE
1,18,33.77,1,1725.5523,1,DIAMOND PACKAGE
2,28,33.0,3,4449.462,1,DIAMOND PACKAGE
3,33,22.705,0,21984.47061,1,DIAMOND PACKAGE
4,32,28.88,0,3866.8552,1,DIAMOND PACKAGE
5,31,25.74,0,3756.6216,1,DIAMOND PACKAGE
6,46,33.44,1,8240.5896,1,DIAMOND PACKAGE
7,37,27.74,3,7281.5056,1,DIAMOND PACKAGE
8,37,29.83,2,6406.4107,1,DIAMOND PACKAGE
9,60,25.84,0,28923.13692,0,GOLD PACKAGE
10,25,26.22,0,2721.3208,1,DIAMOND PACKAGE
11,62,26.29,0,27808.7251,0,GOLD PACKAGE
12,23,34.4,0,1826.843,1,DIAMOND PACKAGE
13,56,39.82,0,11090.7178,1,DIAMOND PACKAGE
14,27,42.13,0,39611.7577,0,GOLD PACKAGE
15,19,24.6,1,1837.237,1,DIAMOND PACKAGE
16,52,30.78,1,10797.3362,1,DIAMOND PACKAGE
17,23,23.845,0,2395.17155,1,DIAMOND PACKAGE
18,56,40.3,0,10602.385,1,DIAMOND PACKAGE
19,30,35.3,0,36837.467,0,GOLD PACKAGE
20,60,36.005,0,13228.84695,1,DIAMOND PACKAGE
21,30,32.4,1,4149.736,1,DIAMOND PACKAGE
22,18,34.1,0,1137.011,1,DIAMOND PACKAGE
23,34,31.92,1,37701.8768,0,GOLD PACKAGE
24,37,28.025,2,6203.90175,1,DIAMOND PACKAGE
25,59,27.72,3,14001.1338,1,DIAMOND PACKAGE
26,63,23.085,0,14451.83515,1,DIAMOND PACKAGE
27,55,32.775,2,12268.63225,1,DIAMOND PACKAGE
28,23,17.385,1,2775.19215,1,DIAMOND PACKAGE
29,31,36.3,2,38711.0,0,GOLD PACKAGE
30,22,35.6,0,35585.576,0,GOLD PACKAGE
31,18,26.315,0,2198.18985,1,DIAMOND PACKAGE
32,19,28.6,5,4687.797,1,DIAMOND PACKAGE
33,63,28.31,0,13770.0979,1,DIAMOND PACKAGE
34,28,36.4,1,51194.55914,0,GOLD PACKAGE
35,19,20.425,0,1625.43375,1,DIAMOND PACKAGE
36,62,32.965,3,15612.19335,1,DIAMOND PACKAGE
37,26,20.8,0,2302.3,1,DIAMOND PACKAGE
38,35,36.67,1,39774.2763,0,GOLD PACKAGE
39,60,39.9,0,48173.361,0,GOLD PACKAGE
40,24,26.6,0,3046.062,1,DIAMOND PACKAGE
41,31,36.63,2,4949.7587,1,DIAMOND PACKAGE
42,41,21.78,1,6272.4772,1,DIAMOND PACKAGE
43,37,30.8,2,6313.759,1,DIAMOND PACKAGE
44,38,37.05,1,6079.6715,1,DIAMOND PACKAGE
45,55,37.3,0,20630.28351,1,DIAMOND PACKAGE
46,18,38.665,2,3393.35635,1,DIAMOND PACKAGE
47,28,34.77,0,3556.9223,1,DIAMOND PACKAGE
48,60,24.53,0,12629.8967,1,DIAMOND PACKAGE
49,36,35.2,1,38709.176,0,GOLD PACKAGE
50,18,35.625,0,2211.13075,1,DIAMOND PACKAGE
51,21,33.63,2,3579.8287,1,DIAMOND PACKAGE
52,48,28.0,1,23568.272,0,GOLD PACKAGE
53,36,34.43,0,37742.5757,0,GOLD PACKAGE
54,40,28.69,3,8059.6791,1,DIAMOND PACKAGE
55,58,36.955,2,47496.49445,0,GOLD PACKAGE
56,58,31.825,2,13607.36875,1,DIAMOND PACKAGE
57,18,31.68,2,34303.1672,0,GOLD PACKAGE
58,53,22.88,1,23244.7902,0,GOLD PACKAGE
59,34,37.335,2,5989.52365,1,DIAMOND PACKAGE
60,43,27.36,3,8606.2174,1,DIAMOND PACKAGE
61,25,33.66,4,4504.6624,1,DIAMOND PACKAGE
62,64,24.7,1,30166.61817,0,GOLD PACKAGE
63,28,25.935,1,4133.64165,1,DIAMOND PACKAGE
64,20,22.42,0,14711.7438,1,DIAMOND PACKAGE
65,19,28.9,0,1743.214,1,DIAMOND PACKAGE
66,61,39.1,2,14235.072,1,DIAMOND PACKAGE
67,40,26.315,1,6389.37785,1,DIAMOND PACKAGE
68,40,36.19,0,5920.1041,1,DIAMOND PACKAGE
69,28,23.98,3,17663.1442,1,DIAMOND PACKAGE
70,27,24.75,0,16577.7795,1,DIAMOND PACKAGE
71,31,28.5,5,6799.458,1,DIAMOND PACKAGE
72,53,28.1,3,11741.726,1,DIAMOND PACKAGE
73,58,32.01,1,11946.6259,1,DIAMOND PACKAGE
74,44,27.4,2,7726.854,1,DIAMOND PACKAGE
75,57,34.01,0,11356.6609,1,DIAMOND PACKAGE
76,29,29.59,1,3947.4131,1,DIAMOND PACKAGE
77,21,35.53,0,1532.4697,1,DIAMOND PACKAGE
78,22,39.805,0,2755.02095,1,DIAMOND PACKAGE
79,41,32.965,0,6571.02435,1,DIAMOND PACKAGE
80,31,26.885,1,4441.21315,1,DIAMOND PACKAGE
81,45,38.285,0,7935.29115,1,DIAMOND PACKAGE
82,22,37.62,1,37165.1638,0,GOLD PACKAGE
83,48,41.23,4,11033.6617,1,DIAMOND PACKAGE
84,37,34.8,2,39836.519,0,GOLD PACKAGE
85,45,22.895,2,21098.55405,1,DIAMOND PACKAGE
86,57,31.16,0,43578.9394,0,GOLD PACKAGE
87,56,27.2,0,11073.176,1,DIAMOND PACKAGE
88,46,27.74,0,8026.6666,1,DIAMOND PACKAGE
89,55,26.98,0,11082.5772,1,DIAMOND PACKAGE
90,21,39.49,0,2026.9741,1,DIAMOND PACKAGE
91,53,24.795,1,10942.13205,1,DIAMOND PACKAGE
92,59,29.83,3,30184.9367,0,GOLD PACKAGE
93,35,34.77,2,5729.0053,1,DIAMOND PACKAGE
94,64,31.3,2,47291.055,0,GOLD PACKAGE
95,28,37.62,1,3766.8838,1,DIAMOND PACKAGE
96,54,30.8,3,12105.32,1,DIAMOND PACKAGE
97,55,38.28,0,10226.2842,1,DIAMOND PACKAGE
98,56,19.95,0,22412.6485,1,DIAMOND PACKAGE
99,38,19.3,0,15820.699,1,DIAMOND PACKAGE
100,41,31.6,0,6186.127,1,DIAMOND PACKAGE
101,30,25.46,0,3645.0894,1,DIAMOND PACKAGE
102,18,30.115,0,21344.8467,1,DIAMOND PACKAGE
103,61,29.92,3,30942.1918,0,GOLD PACKAGE
104,34,27.5,1,5003.853,1,DIAMOND PACKAGE
105,20,28.025,1,17560.37975,1,DIAMOND PACKAGE
106,19,28.4,1,2331.519,1,DIAMOND PACKAGE
107,26,30.875,2,3877.30425,1,DIAMOND PACKAGE
108,29,27.94,0,2867.1196,1,DIAMOND PACKAGE
109,63,35.09,0,47055.5321,0,GOLD PACKAGE
110,54,33.63,1,10825.2537,1,DIAMOND PACKAGE
111,55,29.7,2,11881.358,1,DIAMOND PACKAGE
112,37,30.8,0,4646.759,1,DIAMOND PACKAGE
113,21,35.72,0,2404.7338,1,DIAMOND PACKAGE
114,52,32.205,3,11488.31695,1,DIAMOND PACKAGE
115,60,28.595,0,30259.99556,0,GOLD PACKAGE
116,58,49.06,0,11381.3254,1,DIAMOND PACKAGE
117,29,27.94,1,19107.7796,1,DIAMOND PACKAGE
118,49,27.17,0,8601.3293,1,DIAMOND PACKAGE
119,37,23.37,2,6686.4313,1,DIAMOND PACKAGE
120,44,37.1,2,7740.337,1,DIAMOND PACKAGE
121,18,23.75,0,1705.6245,1,DIAMOND PACKAGE
122,20,28.975,0,2257.47525,1,DIAMOND PACKAGE
123,44,31.35,1,39556.4945,0,GOLD PACKAGE
124,47,33.915,3,10115.00885,1,DIAMOND PACKAGE
125,26,28.785,0,3385.39915,1,DIAMOND PACKAGE
126,19,28.3,0,17081.08,1,DIAMOND PACKAGE
127,52,37.4,0,9634.538,1,DIAMOND PACKAGE
128,32,17.765,2,32734.1863,0,GOLD PACKAGE
129,38,34.7,2,6082.405,1,DIAMOND PACKAGE
130,59,26.505,0,12815.44495,1,DIAMOND PACKAGE
131,61,22.04,0,13616.3586,1,DIAMOND PACKAGE
132,53,35.9,2,11163.568,1,DIAMOND PACKAGE
133,19,25.555,0,1632.56445,1,DIAMOND PACKAGE
134,20,28.785,0,2457.21115,1,DIAMOND PACKAGE
135,22,28.05,0,2155.6815,1,DIAMOND PACKAGE
136,19,34.1,0,1261.442,1,DIAMOND PACKAGE
137,22,25.175,0,2045.68525,1,DIAMOND PACKAGE
138,54,31.9,3,27322.73386,0,GOLD PACKAGE
139,22,36.0,0,2166.732,1,DIAMOND PACKAGE
140,34,22.42,2,27375.90478,0,GOLD PACKAGE
141,26,32.49,1,3490.5491,1,DIAMOND PACKAGE
142,34,25.3,2,18972.495,1,DIAMOND PACKAGE
143,29,29.735,2,18157.876,1,DIAMOND PACKAGE
144,30,28.69,3,20745.9891,1,DIAMOND PACKAGE
145,29,38.83,3,5138.2567,1,DIAMOND PACKAGE
146,46,30.495,3,40720.55105,0,GOLD PACKAGE
147,51,37.73,1,9877.6077,1,DIAMOND PACKAGE
148,53,37.43,1,10959.6947,1,DIAMOND PACKAGE
149,19,28.4,1,1842.519,1,DIAMOND PACKAGE
150,35,24.13,1,5125.2157,1,DIAMOND PACKAGE
151,48,29.7,0,7789.635,1,DIAMOND PACKAGE
152,32,37.145,3,6334.34355,1,DIAMOND PACKAGE
153,42,23.37,0,19964.7463,1,DIAMOND PACKAGE
154,40,25.46,1,7077.1894,1,DIAMOND PACKAGE
155,44,39.52,0,6948.7008,1,DIAMOND PACKAGE
156,48,24.42,0,21223.6758,1,DIAMOND PACKAGE
157,18,25.175,0,15518.18025,1,DIAMOND PACKAGE
158,30,35.53,0,36950.2567,0,GOLD PACKAGE
159,50,27.83,3,19749.38338,1,DIAMOND PACKAGE
160,42,26.6,0,21348.706,1,DIAMOND PACKAGE
161,18,36.85,0,36149.4835,0,GOLD PACKAGE
162,54,39.6,1,10450.552,1,DIAMOND PACKAGE
163,32,29.8,2,5152.134,1,DIAMOND PACKAGE
164,37,29.64,0,5028.1466,1,DIAMOND PACKAGE
165,47,28.215,4,10407.08585,1,DIAMOND PACKAGE
166,20,37.0,5,4830.63,1,DIAMOND PACKAGE
167,32,33.155,3,6128.79745,1,DIAMOND PACKAGE
168,19,31.825,1,2719.27975,1,DIAMOND PACKAGE
169,27,18.905,3,4827.90495,1,DIAMOND PACKAGE
170,63,41.47,0,13405.3903,1,DIAMOND PACKAGE
171,49,30.3,0,8116.68,1,DIAMOND PACKAGE
172,18,15.96,0,1694.7964,1,DIAMOND PACKAGE
173,35,34.8,1,5246.047,1,DIAMOND PACKAGE
174,24,33.345,0,2855.43755,1,DIAMOND PACKAGE
175,63,37.7,0,48824.45,0,GOLD PACKAGE
176,38,27.835,2,6455.86265,1,DIAMOND PACKAGE
177,54,29.2,1,10436.096,1,DIAMOND PACKAGE
178,46,28.9,2,8823.279,1,DIAMOND PACKAGE
179,41,33.155,3,8538.28845,1,DIAMOND PACKAGE
180,58,28.595,0,11735.87905,1,DIAMOND PACKAGE
181,18,38.28,0,1631.8212,1,DIAMOND PACKAGE
182,22,19.95,3,4005.4225,1,DIAMOND PACKAGE
183,44,26.41,0,7419.4779,1,DIAMOND PACKAGE
184,44,30.69,2,7731.4271,1,DIAMOND PACKAGE
185,36,41.895,3,43753.33705,0,GOLD PACKAGE
186,26,29.92,2,3981.9768,1,DIAMOND PACKAGE
187,30,30.9,3,5325.651,1,DIAMOND PACKAGE
188,41,32.2,1,6775.961,1,DIAMOND PACKAGE
189,29,32.11,2,4922.9159,1,DIAMOND PACKAGE
190,61,31.57,0,12557.6053,1,DIAMOND PACKAGE
191,36,26.2,0,4883.866,1,DIAMOND PACKAGE
192,25,25.74,0,2137.6536,1,DIAMOND PACKAGE
193,56,26.6,1,12044.342,1,DIAMOND PACKAGE
194,18,34.43,0,1137.4697,1,DIAMOND PACKAGE
195,19,30.59,0,1639.5631,1,DIAMOND PACKAGE
196,39,32.8,0,5649.715,1,DIAMOND PACKAGE
197,45,28.6,2,8516.829,1,DIAMOND PACKAGE
198,51,18.05,0,9644.2525,1,DIAMOND PACKAGE
199,64,39.33,0,14901.5167,1,DIAMOND PACKAGE
200,19,32.11,0,2130.6759,1,DIAMOND PACKAGE
201,48,32.23,1,8871.1517,1,DIAMOND PACKAGE
202,60,24.035,0,13012.20865,1,DIAMOND PACKAGE
203,27,36.08,0,37133.8982,0,GOLD PACKAGE
204,46,22.3,0,7147.105,1,DIAMOND PACKAGE
205,28,28.88,1,4337.7352,1,DIAMOND PACKAGE
206,59,26.4,0,11743.299,1,DIAMOND PACKAGE
207,35,27.74,2,20984.0936,1,DIAMOND PACKAGE
208,63,31.8,0,13880.949,1,DIAMOND PACKAGE
209,40,41.23,1,6610.1097,1,DIAMOND PACKAGE
210,20,33.0,1,1980.07,1,DIAMOND PACKAGE
211,40,30.875,4,8162.71625,1,DIAMOND PACKAGE
212,24,28.5,2,3537.703,1,DIAMOND PACKAGE
213,34,26.73,1,5002.7827,1,DIAMOND PACKAGE
214,45,30.9,2,8520.026,1,DIAMOND PACKAGE
215,41,37.1,2,7371.772,1,DIAMOND PACKAGE
216,53,26.6,0,10355.641,1,DIAMOND PACKAGE
217,27,23.1,0,2483.736,1,DIAMOND PACKAGE
218,26,29.92,1,3392.9768,1,DIAMOND PACKAGE
219,24,23.21,0,25081.76784,0,GOLD PACKAGE
220,34,33.7,1,5012.471,1,DIAMOND PACKAGE
221,53,33.25,0,10564.8845,1,DIAMOND PACKAGE
222,32,30.8,3,5253.524,1,DIAMOND PACKAGE
223,19,34.8,0,34779.615,0,GOLD PACKAGE
224,42,24.64,0,19515.5416,1,DIAMOND PACKAGE
225,55,33.88,3,11987.1682,1,DIAMOND PACKAGE
226,28,38.06,0,2689.4954,1,DIAMOND PACKAGE
227,58,41.91,0,24227.33724,0,GOLD PACKAGE
228,41,31.635,1,7358.17565,1,DIAMOND PACKAGE
229,47,25.46,2,9225.2564,1,DIAMOND PACKAGE
230,42,36.195,1,7443.64305,1,DIAMOND PACKAGE
231,59,27.83,3,14001.2867,1,DIAMOND PACKAGE
232,19,17.8,0,1727.785,1,DIAMOND PACKAGE
233,59,27.5,1,12333.828,1,DIAMOND PACKAGE
234,39,24.51,2,6710.1919,1,DIAMOND PACKAGE
235,40,22.22,2,19444.2658,1,DIAMOND PACKAGE
236,18,26.73,0,1615.7667,1,DIAMOND PACKAGE
237,31,38.39,2,4463.2051,1,DIAMOND PACKAGE
238,19,29.07,0,17352.6803,1,DIAMOND PACKAGE
239,44,38.06,1,7152.6714,1,DIAMOND PACKAGE
240,23,36.67,2,38511.6283,0,GOLD PACKAGE
241,33,22.135,1,5354.07465,1,DIAMOND PACKAGE
242,55,26.8,1,35160.13457,0,GOLD PACKAGE
243,40,35.3,3,7196.867,1,DIAMOND PACKAGE
244,63,27.74,0,29523.1656,0,GOLD PACKAGE
245,54,30.02,0,24476.47851,0,GOLD PACKAGE
246,60,38.06,0,12648.7034,1,DIAMOND PACKAGE
247,24,35.86,0,1986.9334,1,DIAMOND PACKAGE
248,19,20.9,1,1832.094,1,DIAMOND PACKAGE
249,29,28.975,1,4040.55825,1,DIAMOND PACKAGE
250,18,17.29,2,12829.4551,1,DIAMOND PACKAGE
251,63,32.2,2,47305.305,0,GOLD PACKAGE
252,54,34.21,2,44260.7499,0,GOLD PACKAGE
253,27,30.3,3,4260.744,1,DIAMOND PACKAGE
254,50,31.825,0,41097.16175,0,GOLD PACKAGE
255,55,25.365,3,13047.33235,1,DIAMOND PACKAGE
256,56,33.63,0,43921.1837,0,GOLD PACKAGE
257,38,40.15,0,5400.9805,1,DIAMOND PACKAGE
258,51,24.415,4,11520.09985,1,DIAMOND PACKAGE
259,19,31.92,0,33750.2918,0,GOLD PACKAGE
260,58,25.2,0,11837.16,1,DIAMOND PACKAGE
261,20,26.84,1,17085.2676,1,DIAMOND PACKAGE
262,52,24.32,3,24869.8368,0,GOLD PACKAGE
263,19,36.955,0,36219.40545,0,GOLD PACKAGE
264,53,38.06,3,20462.99766,1,DIAMOND PACKAGE
265,46,42.35,3,46151.1245,0,GOLD PACKAGE
266,40,19.8,1,17179.522,1,DIAMOND PACKAGE
267,59,32.395,3,14590.63205,1,DIAMOND PACKAGE
268,45,30.2,1,7441.053,1,DIAMOND PACKAGE
269,49,25.84,1,9282.4806,1,DIAMOND PACKAGE
270,18,29.37,1,1719.4363,1,DIAMOND PACKAGE
271,50,34.2,2,42856.838,0,GOLD PACKAGE
272,41,37.05,2,7265.7025,1,DIAMOND PACKAGE
273,50,27.455,1,9617.66245,1,DIAMOND PACKAGE
274,25,27.55,0,2523.1695,1,DIAMOND PACKAGE
275,47,26.6,2,9715.841,1,DIAMOND PACKAGE
276,19,20.615,2,2803.69785,1,DIAMOND PACKAGE
277,22,24.3,0,2150.469,1,DIAMOND PACKAGE
278,59,31.79,2,12928.7911,1,DIAMOND PACKAGE
279,51,21.56,1,9855.1314,1,DIAMOND PACKAGE
280,40,28.12,1,22331.5668,1,DIAMOND PACKAGE
281,54,40.565,3,48549.17835,0,GOLD PACKAGE
282,30,27.645,1,4237.12655,1,DIAMOND PACKAGE
283,55,32.395,1,11879.10405,1,DIAMOND PACKAGE
284,52,31.2,0,9625.92,1,DIAMOND PACKAGE
285,46,26.62,1,7742.1098,1,DIAMOND PACKAGE
286,46,48.07,2,9432.9253,1,DIAMOND PACKAGE
287,63,26.22,0,14256.1928,1,DIAMOND PACKAGE
288,59,36.765,1,47896.79135,0,GOLD PACKAGE
289,52,26.4,3,25992.82104,0,GOLD PACKAGE
290,28,33.4,0,3172.018,1,DIAMOND PACKAGE
291,29,29.64,1,20277.80751,1,DIAMOND PACKAGE
292,25,45.54,2,42112.2356,0,GOLD PACKAGE
293,22,28.82,0,2156.7518,1,DIAMOND PACKAGE
294,25,26.8,3,3906.127,1,DIAMOND PACKAGE
295,18,22.99,0,1704.5681,1,DIAMOND PACKAGE
296,19,27.7,0,16297.846,1,DIAMOND PACKAGE
297,47,25.41,1,21978.6769,1,DIAMOND PACKAGE
298,31,34.39,3,38746.3551,0,GOLD PACKAGE
299,48,28.88,1,9249.4952,1,DIAMOND PACKAGE
300,36,27.55,3,6746.7425,1,DIAMOND PACKAGE
301,53,22.61,3,24873.3849,0,GOLD PACKAGE
302,56,37.51,2,12265.5069,1,DIAMOND PACKAGE
303,28,33.0,2,4349.462,1,DIAMOND PACKAGE
304,57,38.0,2,12646.207,1,DIAMOND PACKAGE
305,29,33.345,2,19442.3535,1,DIAMOND PACKAGE
306,28,27.5,2,20177.67113,1,DIAMOND PACKAGE
307,30,33.33,1,4151.0287,1,DIAMOND PACKAGE
308,58,34.865,0,11944.59435,1,DIAMOND PACKAGE
309,41,33.06,2,7749.1564,1,DIAMOND PACKAGE
310,50,26.6,0,8444.474,1,DIAMOND PACKAGE
311,19,24.7,0,1737.376,1,DIAMOND PACKAGE
312,43,35.97,3,42124.5153,0,GOLD PACKAGE
313,49,35.86,0,8124.4084,1,DIAMOND PACKAGE
314,27,31.4,0,34838.873,0,GOLD PACKAGE
315,52,33.25,0,9722.7695,1,DIAMOND PACKAGE
316,50,32.205,0,8835.26495,1,DIAMOND PACKAGE
317,54,32.775,0,10435.06525,1,DIAMOND PACKAGE
318,44,27.645,0,7421.19455,1,DIAMOND PACKAGE
319,32,37.335,1,4667.60765,1,DIAMOND PACKAGE
320,34,25.27,1,4894.7533,1,DIAMOND PACKAGE
321,26,29.64,4,24671.66334,0,GOLD PACKAGE
322,34,30.8,0,35491.64,0,GOLD PACKAGE
323,57,40.945,0,11566.30055,1,DIAMOND PACKAGE
324,29,27.2,0,2866.091,1,DIAMOND PACKAGE
325,40,34.105,1,6600.20595,1,DIAMOND PACKAGE
326,27,23.21,1,3561.8889,1,DIAMOND PACKAGE
327,45,36.48,2,42760.5022,0,GOLD PACKAGE
328,64,33.8,1,47928.03,0,GOLD PACKAGE
329,52,36.7,0,9144.565,1,DIAMOND PACKAGE
330,61,36.385,1,48517.56315,0,GOLD PACKAGE
331,52,27.36,0,24393.6224,0,GOLD PACKAGE
332,61,31.16,0,13429.0354,1,DIAMOND PACKAGE
333,56,28.785,0,11658.37915,1,DIAMOND PACKAGE
334,43,35.72,2,19144.57652,1,DIAMOND PACKAGE
335,64,34.5,0,13822.803,1,DIAMOND PACKAGE
336,60,25.74,0,12142.5786,1,DIAMOND PACKAGE
337,62,27.55,1,13937.6665,1,DIAMOND PACKAGE
338,50,32.3,1,41919.097,0,GOLD PACKAGE
339,46,27.72,1,8232.6388,1,DIAMOND PACKAGE
340,24,27.6,0,18955.22017,1,DIAMOND PACKAGE
341,62,30.02,0,13352.0998,1,DIAMOND PACKAGE
342,60,27.55,0,13217.0945,1,DIAMOND PACKAGE
343,63,36.765,0,13981.85035,1,DIAMOND PACKAGE
344,49,41.47,4,10977.2063,1,DIAMOND PACKAGE
345,34,29.26,3,6184.2994,1,DIAMOND PACKAGE
346,33,35.75,2,4889.9995,1,DIAMOND PACKAGE
347,46,33.345,1,8334.45755,1,DIAMOND PACKAGE
348,36,29.92,1,5478.0368,1,DIAMOND PACKAGE
349,19,27.835,0,1635.73365,1,DIAMOND PACKAGE
350,57,23.18,0,11830.6072,1,DIAMOND PACKAGE
351,50,25.6,0,8932.084,1,DIAMOND PACKAGE
352,30,27.7,0,3554.203,1,DIAMOND PACKAGE
353,33,35.245,0,12404.8791,1,DIAMOND PACKAGE
354,18,38.28,0,14133.03775,1,DIAMOND PACKAGE
355,46,27.6,0,24603.04837,0,GOLD PACKAGE
356,46,43.89,3,8944.1151,1,DIAMOND PACKAGE
357,47,29.83,3,9620.3307,1,DIAMOND PACKAGE
358,23,41.91,0,1837.2819,1,DIAMOND PACKAGE
359,18,20.79,0,1607.5101,1,DIAMOND PACKAGE
360,48,32.3,2,10043.249,1,DIAMOND PACKAGE
361,35,30.5,1,4751.07,1,DIAMOND PACKAGE
362,19,21.7,0,13844.506,1,DIAMOND PACKAGE
363,21,26.4,1,2597.779,1,DIAMOND PACKAGE
364,21,21.89,2,3180.5101,1,DIAMOND PACKAGE
365,49,30.78,1,9778.3472,1,DIAMOND PACKAGE
366,56,32.3,3,13430.265,1,DIAMOND PACKAGE
367,42,24.985,2,8017.06115,1,DIAMOND PACKAGE
368,44,32.015,2,8116.26885,1,DIAMOND PACKAGE
369,18,30.4,3,3481.868,1,DIAMOND PACKAGE
370,61,21.09,0,13415.0381,1,DIAMOND PACKAGE
371,57,22.23,0,12029.2867,1,DIAMOND PACKAGE
372,42,33.155,1,7639.41745,1,DIAMOND PACKAGE
373,26,32.9,2,36085.219,0,GOLD PACKAGE
374,20,33.33,0,1391.5287,1,DIAMOND PACKAGE
375,23,28.31,0,18033.9679,1,DIAMOND PACKAGE
376,39,24.89,3,21659.9301,1,DIAMOND PACKAGE
377,24,40.15,0,38126.2465,0,GOLD PACKAGE
378,64,30.115,3,16455.70785,1,DIAMOND PACKAGE
379,62,31.46,1,27000.98473,0,GOLD PACKAGE
380,27,17.955,2,15006.57945,1,DIAMOND PACKAGE
381,55,30.685,0,42303.69215,0,GOLD PACKAGE
382,55,33.0,0,20781.48892,1,DIAMOND PACKAGE
383,35,43.34,2,5846.9176,1,DIAMOND PACKAGE
384,44,22.135,2,8302.53565,1,DIAMOND PACKAGE
385,19,34.4,0,1261.859,1,DIAMOND PACKAGE
386,58,39.05,0,11856.4115,1,DIAMOND PACKAGE
387,50,25.365,2,30284.64294,0,GOLD PACKAGE
388,26,22.61,0,3176.8159,1,DIAMOND PACKAGE
389,24,30.21,3,4618.0799,1,DIAMOND PACKAGE
390,48,35.625,4,10736.87075,1,DIAMOND PACKAGE
391,19,37.43,0,2138.0707,1,DIAMOND PACKAGE
392,48,31.445,1,8964.06055,1,DIAMOND PACKAGE
393,49,31.35,1,9290.1395,1,DIAMOND PACKAGE
394,46,32.3,2,9411.005,1,DIAMOND PACKAGE
395,46,19.855,0,7526.70645,1,DIAMOND PACKAGE
396,43,34.4,3,8522.003,1,DIAMOND PACKAGE
397,21,31.02,0,16586.49771,1,DIAMOND PACKAGE
398,64,25.6,2,14988.432,1,DIAMOND PACKAGE
399,18,38.17,0,1631.6683,1,DIAMOND PACKAGE
400,51,20.6,0,9264.797,1,DIAMOND PACKAGE
401,47,47.52,1,8083.9198,1,DIAMOND PACKAGE
402,64,32.965,0,14692.66935,1,DIAMOND PACKAGE
403,49,32.3,3,10269.46,1,DIAMOND PACKAGE
404,31,20.4,0,3260.199,1,DIAMOND PACKAGE
405,52,38.38,2,11396.9002,1,DIAMOND PACKAGE
406,33,24.31,0,4185.0979,1,DIAMOND PACKAGE
407,47,23.6,1,8539.671,1,DIAMOND PACKAGE
408,38,21.12,3,6652.5288,1,DIAMOND PACKAGE
409,32,30.03,1,4074.4537,1,DIAMOND PACKAGE
410,19,17.48,0,1621.3402,1,DIAMOND PACKAGE
411,44,20.235,1,19594.80965,1,DIAMOND PACKAGE
412,26,17.195,2,14455.64405,1,DIAMOND PACKAGE
413,25,23.9,5,5080.096,1,DIAMOND PACKAGE
414,19,35.15,0,2134.9015,1,DIAMOND PACKAGE
415,43,35.64,1,7345.7266,1,DIAMOND PACKAGE
416,52,34.1,0,9140.951,1,DIAMOND PACKAGE
417,36,22.6,2,18608.262,1,DIAMOND PACKAGE
418,64,39.16,1,14418.2804,1,DIAMOND PACKAGE
419,63,26.98,0,28950.4692,0,GOLD PACKAGE
420,64,33.88,0,46889.2612,0,GOLD PACKAGE
421,61,35.86,0,46599.1084,0,GOLD PACKAGE
422,40,32.775,1,39125.33225,0,GOLD PACKAGE
423,25,30.59,0,2727.3951,1,DIAMOND PACKAGE
424,48,30.2,2,8968.33,1,DIAMOND PACKAGE
425,45,24.31,5,9788.8659,1,DIAMOND PACKAGE
426,38,27.265,1,6555.07035,1,DIAMOND PACKAGE
427,18,29.165,0,7323.734819,1,DIAMOND PACKAGE
428,21,16.815,1,3167.45585,1,DIAMOND PACKAGE
429,27,30.4,3,18804.7524,1,DIAMOND PACKAGE
430,19,33.1,0,23082.95533,0,GOLD PACKAGE
431,29,20.235,2,4906.40965,1,DIAMOND PACKAGE
432,42,26.9,0,5969.723,1,DIAMOND PACKAGE
433,60,30.5,0,12638.195,1,DIAMOND PACKAGE
434,31,28.595,1,4243.59005,1,DIAMOND PACKAGE
435,60,33.11,3,13919.8229,1,DIAMOND PACKAGE
436,22,31.73,0,2254.7967,1,DIAMOND PACKAGE
437,35,28.9,3,5926.846,1,DIAMOND PACKAGE
438,52,46.75,5,12592.5345,1,DIAMOND PACKAGE
439,26,29.45,0,2897.3235,1,DIAMOND PACKAGE
440,31,32.68,1,4738.2682,1,DIAMOND PACKAGE
441,33,33.5,0,37079.372,0,GOLD PACKAGE
442,18,43.01,0,1149.3959,1,DIAMOND PACKAGE
443,59,36.52,1,28287.89766,0,GOLD PACKAGE
444,56,26.695,1,26109.32905,0,GOLD PACKAGE
445,45,33.1,0,7345.084,1,DIAMOND PACKAGE
446,60,29.64,0,12730.9996,1,DIAMOND PACKAGE
447,56,25.65,0,11454.0215,1,DIAMOND PACKAGE
448,40,29.6,0,5910.944,1,DIAMOND PACKAGE
449,35,38.6,1,4762.329,1,DIAMOND PACKAGE
450,39,29.6,4,7512.267,1,DIAMOND PACKAGE
451,30,24.13,1,4032.2407,1,DIAMOND PACKAGE
452,24,23.4,0,1969.614,1,DIAMOND PACKAGE
453,20,29.735,0,1769.53165,1,DIAMOND PACKAGE
454,32,46.53,2,4686.3887,1,DIAMOND PACKAGE
455,59,37.4,0,21797.0004,1,DIAMOND PACKAGE
456,55,30.14,2,11881.9696,1,DIAMOND PACKAGE
457,57,30.495,0,11840.77505,1,DIAMOND PACKAGE
458,56,39.6,0,10601.412,1,DIAMOND PACKAGE
459,40,33.0,3,7682.67,1,DIAMOND PACKAGE
460,49,36.63,3,10381.4787,1,DIAMOND PACKAGE
461,42,30.0,0,22144.032,1,DIAMOND PACKAGE
462,62,38.095,2,15230.32405,1,DIAMOND PACKAGE
463,56,25.935,0,11165.41765,1,DIAMOND PACKAGE
464,19,25.175,0,1632.03625,1,DIAMOND PACKAGE
465,30,28.38,1,19521.9682,1,DIAMOND PACKAGE
466,60,28.7,1,13224.693,1,DIAMOND PACKAGE
467,56,33.82,2,12643.3778,1,DIAMOND PACKAGE
468,28,24.32,1,23288.9284,0,GOLD PACKAGE
469,18,24.09,1,2201.0971,1,DIAMOND PACKAGE
470,27,32.67,0,2497.0383,1,DIAMOND PACKAGE
471,18,30.115,0,2203.47185,1,DIAMOND PACKAGE
472,19,29.8,0,1744.465,1,DIAMOND PACKAGE
473,47,33.345,0,20878.78443,1,DIAMOND PACKAGE
474,54,25.1,3,25382.297,0,GOLD PACKAGE
475,61,28.31,1,28868.6639,0,GOLD PACKAGE
476,24,28.5,0,35147.52848,0,GOLD PACKAGE
477,25,35.625,0,2534.39375,1,DIAMOND PACKAGE
478,21,36.85,0,1534.3045,1,DIAMOND PACKAGE
479,23,32.56,0,1824.2854,1,DIAMOND PACKAGE
480,63,41.325,3,15555.18875,1,DIAMOND PACKAGE
481,49,37.51,2,9304.7019,1,DIAMOND PACKAGE
482,18,31.35,0,1622.1885,1,DIAMOND PACKAGE
483,51,39.5,1,9880.068,1,DIAMOND PACKAGE
484,48,34.3,3,9563.029,1,DIAMOND PACKAGE
485,31,31.065,0,4347.02335,1,DIAMOND PACKAGE
486,54,21.47,3,12475.3513,1,DIAMOND PACKAGE
487,19,28.7,0,1253.936,1,DIAMOND PACKAGE
488,44,38.06,0,48885.13561,0,GOLD PACKAGE
489,53,31.16,1,10461.9794,1,DIAMOND PACKAGE
490,19,32.9,0,1748.774,1,DIAMOND PACKAGE
491,61,25.08,0,24513.09126,0,GOLD PACKAGE
492,18,25.08,0,2196.4732,1,DIAMOND PACKAGE
493,61,43.4,0,12574.049,1,DIAMOND PACKAGE
494,21,25.7,4,17942.106,1,DIAMOND PACKAGE
495,20,27.93,0,1967.0227,1,DIAMOND PACKAGE
496,31,23.6,2,4931.647,1,DIAMOND PACKAGE
497,45,28.7,2,8027.968,1,DIAMOND PACKAGE
498,44,23.98,2,8211.1002,1,DIAMOND PACKAGE
499,62,39.2,0,13470.86,1,DIAMOND PACKAGE
500,29,34.4,0,36197.699,0,GOLD PACKAGE
501,43,26.03,0,6837.3687,1,DIAMOND PACKAGE
502,51,23.21,1,22218.1149,1,DIAMOND PACKAGE
503,19,30.25,0,32548.3405,0,GOLD PACKAGE
504,38,28.93,1,5974.3847,1,DIAMOND PACKAGE
505,37,30.875,3,6796.86325,1,DIAMOND PACKAGE
506,22,31.35,1,2643.2685,1,DIAMOND PACKAGE
507,21,23.75,2,3077.0955,1,DIAMOND PACKAGE
508,24,25.27,0,3044.2133,1,DIAMOND PACKAGE
509,57,28.7,0,11455.28,1,DIAMOND PACKAGE
510,56,32.11,1,11763.0009,1,DIAMOND PACKAGE
511,27,33.66,0,2498.4144,1,DIAMOND PACKAGE
512,51,22.42,0,9361.3268,1,DIAMOND PACKAGE
513,19,30.4,0,1256.299,1,DIAMOND PACKAGE
514,39,28.3,1,21082.16,1,DIAMOND PACKAGE
515,58,35.7,0,11362.755,1,DIAMOND PACKAGE
516,20,35.31,1,27724.28875,0,GOLD PACKAGE
517,45,30.495,2,8413.46305,1,DIAMOND PACKAGE
518,35,31.0,1,5240.765,1,DIAMOND PACKAGE
519,31,30.875,0,3857.75925,1,DIAMOND PACKAGE
520,50,27.36,0,25656.57526,0,GOLD PACKAGE
521,32,44.22,0,3994.1778,1,DIAMOND PACKAGE
522,51,33.915,0,9866.30485,1,DIAMOND PACKAGE
523,38,37.73,0,5397.6167,1,DIAMOND PACKAGE
524,42,26.07,1,38245.59327,0,GOLD PACKAGE
525,18,33.88,0,11482.63485,1,DIAMOND PACKAGE
526,19,30.59,2,24059.68019,0,GOLD PACKAGE
527,51,25.8,1,9861.025,1,DIAMOND PACKAGE
528,46,39.425,1,8342.90875,1,DIAMOND PACKAGE
529,18,25.46,0,1708.0014,1,DIAMOND PACKAGE
530,57,42.13,1,48675.5177,0,GOLD PACKAGE
531,62,31.73,0,14043.4767,1,DIAMOND PACKAGE
532,59,29.7,2,12925.886,1,DIAMOND PACKAGE
533,37,36.19,0,19214.70553,1,DIAMOND PACKAGE
534,64,40.48,0,13831.1152,1,DIAMOND PACKAGE
535,38,28.025,1,6067.12675,1,DIAMOND PACKAGE
536,33,38.9,3,5972.378,1,DIAMOND PACKAGE
537,46,30.2,2,8825.086,1,DIAMOND PACKAGE
538,46,28.05,1,8233.0975,1,DIAMOND PACKAGE
539,53,31.35,0,27346.04207,0,GOLD PACKAGE
540,34,38.0,3,6196.448,1,DIAMOND PACKAGE
541,20,31.79,2,3056.3881,1,DIAMOND PACKAGE
542,63,36.3,0,13887.204,1,DIAMOND PACKAGE
543,54,47.41,0,63770.42801,2,PLATINUM PACKAGE
544,54,30.21,0,10231.4999,1,DIAMOND PACKAGE
545,49,25.84,2,23807.2406,0,GOLD PACKAGE
546,28,35.435,0,3268.84665,1,DIAMOND PACKAGE
547,54,46.7,2,11538.421,1,DIAMOND PACKAGE
548,25,28.595,0,3213.62205,1,DIAMOND PACKAGE
549,43,46.2,0,45863.205,0,GOLD PACKAGE
550,63,30.8,0,13390.559,1,DIAMOND PACKAGE
551,32,28.93,0,3972.9247,1,DIAMOND PACKAGE
552,62,21.4,0,12957.118,1,DIAMOND PACKAGE
553,52,31.73,2,11187.6567,1,DIAMOND PACKAGE
554,25,41.325,0,17878.90068,1,DIAMOND PACKAGE
555,28,23.8,2,3847.674,1,DIAMOND PACKAGE
556,46,33.44,1,8334.5896,1,DIAMOND PACKAGE
557,34,34.21,0,3935.1799,1,DIAMOND PACKAGE
558,35,34.105,3,39983.42595,0,GOLD PACKAGE
559,19,35.53,0,1646.4297,1,DIAMOND PACKAGE
560,46,19.95,2,9193.8385,1,DIAMOND PACKAGE
561,54,32.68,0,10923.9332,1,DIAMOND PACKAGE
562,27,30.5,0,2494.022,1,DIAMOND PACKAGE
563,50,44.77,1,9058.7303,1,DIAMOND PACKAGE
564,18,32.12,2,2801.2588,1,DIAMOND PACKAGE
565,19,30.495,0,2128.43105,1,DIAMOND PACKAGE
566,38,40.565,1,6373.55735,1,DIAMOND PACKAGE
567,41,30.59,2,7256.7231,1,DIAMOND PACKAGE
568,49,31.9,5,11552.904,1,DIAMOND PACKAGE
569,48,40.565,2,45702.02235,0,GOLD PACKAGE
570,31,29.1,0,3761.292,1,DIAMOND PACKAGE
571,18,37.29,1,2219.4451,1,DIAMOND PACKAGE
572,30,43.12,2,4753.6368,1,DIAMOND PACKAGE
573,62,36.86,1,31620.00106,0,GOLD PACKAGE
574,57,34.295,2,13224.05705,1,DIAMOND PACKAGE
575,58,27.17,0,12222.8983,1,DIAMOND PACKAGE
576,22,26.84,0,1664.9996,1,DIAMOND PACKAGE
577,31,38.095,1,58571.07448,2,PLATINUM PACKAGE
578,52,30.2,1,9724.53,1,DIAMOND PACKAGE
579,25,23.465,0,3206.49135,1,DIAMOND PACKAGE
580,59,25.46,1,12913.9924,1,DIAMOND PACKAGE
581,19,30.59,0,1639.5631,1,DIAMOND PACKAGE
582,39,45.43,2,6356.2707,1,DIAMOND PACKAGE
583,32,23.65,1,17626.23951,1,DIAMOND PACKAGE
584,19,20.7,0,1242.816,1,DIAMOND PACKAGE
585,33,28.27,1,4779.6023,1,DIAMOND PACKAGE
586,21,20.235,3,3861.20965,1,DIAMOND PACKAGE
587,34,30.21,1,43943.8761,0,GOLD PACKAGE
588,61,35.91,0,13635.6379,1,DIAMOND PACKAGE
589,38,30.69,1,5976.8311,1,DIAMOND PACKAGE
590,58,29.0,0,11842.442,1,DIAMOND PACKAGE
591,47,19.57,1,8428.0693,1,DIAMOND PACKAGE
592,20,31.13,2,2566.4707,1,DIAMOND PACKAGE
593,21,21.85,1,15359.1045,1,DIAMOND PACKAGE
594,41,40.26,0,5709.1644,1,DIAMOND PACKAGE
595,46,33.725,1,8823.98575,1,DIAMOND PACKAGE
596,42,29.48,2,7640.3092,1,DIAMOND PACKAGE
597,34,33.25,1,5594.8455,1,DIAMOND PACKAGE
598,43,32.6,2,7441.501,1,DIAMOND PACKAGE
599,52,37.525,2,33471.97189,0,GOLD PACKAGE
600,18,39.16,0,1633.0444,1,DIAMOND PACKAGE
601,51,31.635,0,9174.13565,1,DIAMOND PACKAGE
602,56,25.3,0,11070.535,1,DIAMOND PACKAGE
603,64,39.05,3,16085.1275,1,DIAMOND PACKAGE
604,19,28.31,0,17468.9839,1,DIAMOND PACKAGE
605,51,34.1,0,9283.562,1,DIAMOND PACKAGE
606,27,25.175,0,3558.62025,1,DIAMOND PACKAGE
607,59,23.655,0,25678.77845,0,GOLD PACKAGE
608,28,26.98,2,4435.0942,1,DIAMOND PACKAGE
609,30,37.8,2,39241.442,0,GOLD PACKAGE
610,47,29.37,1,8547.6913,1,DIAMOND PACKAGE
611,38,34.8,2,6571.544,1,DIAMOND PACKAGE
612,18,33.155,0,2207.69745,1,DIAMOND PACKAGE
613,34,19.0,3,6753.038,1,DIAMOND PACKAGE
614,20,33.0,0,1880.07,1,DIAMOND PACKAGE
615,47,36.63,1,42969.8527,0,GOLD PACKAGE
616,56,28.595,0,11658.11505,1,DIAMOND PACKAGE
617,49,25.6,2,23306.547,0,GOLD PACKAGE
618,19,33.11,0,34439.8559,0,GOLD PACKAGE
619,55,37.1,0,10713.644,1,DIAMOND PACKAGE
620,30,31.4,1,3659.346,1,DIAMOND PACKAGE
621,37,34.1,4,40182.246,0,GOLD PACKAGE
622,49,21.3,1,9182.17,1,DIAMOND PACKAGE
623,18,33.535,0,34617.84065,0,GOLD PACKAGE
624,59,28.785,0,12129.61415,1,DIAMOND PACKAGE
625,29,26.03,0,3736.4647,1,DIAMOND PACKAGE
626,36,28.88,3,6748.5912,1,DIAMOND PACKAGE
627,33,42.46,1,11326.71487,1,DIAMOND PACKAGE
628,58,38.0,0,11365.952,1,DIAMOND PACKAGE
629,44,38.95,0,42983.4585,0,GOLD PACKAGE
630,53,36.1,1,10085.846,1,DIAMOND PACKAGE
631,24,29.3,0,1977.815,1,DIAMOND PACKAGE
632,29,35.53,0,3366.6697,1,DIAMOND PACKAGE
633,40,22.705,2,7173.35995,1,DIAMOND PACKAGE
634,51,39.7,1,9391.346,1,DIAMOND PACKAGE
635,64,38.19,0,14410.9321,1,DIAMOND PACKAGE
636,19,24.51,1,2709.1119,1,DIAMOND PACKAGE
637,35,38.095,2,24915.04626,0,GOLD PACKAGE
638,39,26.41,0,20149.3229,1,DIAMOND PACKAGE
639,56,33.66,4,12949.1554,1,DIAMOND PACKAGE
640,33,42.4,5,6666.243,1,DIAMOND PACKAGE
641,42,28.31,3,32787.45859,0,GOLD PACKAGE
642,61,33.915,0,13143.86485,1,DIAMOND PACKAGE
643,23,34.96,3,4466.6214,1,DIAMOND PACKAGE
644,43,35.31,2,18806.14547,1,DIAMOND PACKAGE
645,48,30.78,3,10141.1362,1,DIAMOND PACKAGE
646,39,26.22,1,6123.5688,1,DIAMOND PACKAGE
647,40,23.37,3,8252.2843,1,DIAMOND PACKAGE
648,18,28.5,0,1712.227,1,DIAMOND PACKAGE
649,58,32.965,0,12430.95335,1,DIAMOND PACKAGE
650,49,42.68,2,9800.8882,1,DIAMOND PACKAGE
651,53,39.6,1,10579.711,1,DIAMOND PACKAGE
652,48,31.13,0,8280.6227,1,DIAMOND PACKAGE
653,45,36.3,2,8527.532,1,DIAMOND PACKAGE
654,59,35.2,0,12244.531,1,DIAMOND PACKAGE
655,52,25.3,2,24667.419,0,GOLD PACKAGE
656,26,42.4,1,3410.324,1,DIAMOND PACKAGE
657,27,33.155,2,4058.71245,1,DIAMOND PACKAGE
658,48,35.91,1,26392.26029,0,GOLD PACKAGE
659,57,28.785,4,14394.39815,1,DIAMOND PACKAGE
660,37,46.53,3,6435.6237,1,DIAMOND PACKAGE
661,57,23.98,1,22192.43711,1,DIAMOND PACKAGE
662,32,31.54,1,5148.5526,1,DIAMOND PACKAGE
663,18,33.66,0,1136.3994,1,DIAMOND PACKAGE
664,64,22.99,0,27037.9141,0,GOLD PACKAGE
665,43,38.06,2,42560.4304,0,GOLD PACKAGE
666,49,28.7,1,8703.456,1,DIAMOND PACKAGE
667,40,32.775,2,40003.33225,0,GOLD PACKAGE
668,62,32.015,0,45710.20785,0,GOLD PACKAGE
669,40,29.81,1,6500.2359,1,DIAMOND PACKAGE
670,30,31.57,3,4837.5823,1,DIAMOND PACKAGE
671,29,31.16,0,3943.5954,1,DIAMOND PACKAGE
672,36,29.7,0,4399.731,1,DIAMOND PACKAGE
673,41,31.02,0,6185.3208,1,DIAMOND PACKAGE
674,44,43.89,2,46200.9851,0,GOLD PACKAGE
675,45,21.375,0,7222.78625,1,DIAMOND PACKAGE
676,55,40.81,3,12485.8009,1,DIAMOND PACKAGE
677,60,31.35,3,46130.5265,0,GOLD PACKAGE
678,56,36.1,3,12363.547,1,DIAMOND PACKAGE
679,49,23.18,2,10156.7832,1,DIAMOND PACKAGE
680,21,17.4,1,2585.269,1,DIAMOND PACKAGE
681,19,20.3,0,1242.26,1,DIAMOND PACKAGE
682,39,35.3,2,40103.89,0,GOLD PACKAGE
683,53,24.32,0,9863.4718,1,DIAMOND PACKAGE
684,33,18.5,1,4766.022,1,DIAMOND PACKAGE
685,53,26.41,2,11244.3769,1,DIAMOND PACKAGE
686,42,26.125,2,7729.64575,1,DIAMOND PACKAGE
687,40,41.69,0,5438.7491,1,DIAMOND PACKAGE
688,47,24.1,1,26236.57997,0,GOLD PACKAGE
689,27,31.13,1,34806.4677,0,GOLD PACKAGE
690,21,27.36,0,2104.1134,1,DIAMOND PACKAGE
691,47,36.2,1,8068.185,1,DIAMOND PACKAGE
692,20,32.395,1,2362.22905,1,DIAMOND PACKAGE
693,24,23.655,0,2352.96845,1,DIAMOND PACKAGE
694,27,34.8,1,3577.999,1,DIAMOND PACKAGE
695,26,40.185,0,3201.24515,1,DIAMOND PACKAGE
696,53,32.3,2,29186.48236,0,GOLD PACKAGE
697,41,35.75,1,40273.6455,0,GOLD PACKAGE
698,56,33.725,0,10976.24575,1,DIAMOND PACKAGE
699,23,39.27,2,3500.6123,1,DIAMOND PACKAGE
700,21,34.87,0,2020.5523,1,DIAMOND PACKAGE
701,50,44.745,0,9541.69555,1,DIAMOND PACKAGE
702,53,41.47,0,9504.3103,1,DIAMOND PACKAGE
703,34,26.41,1,5385.3379,1,DIAMOND PACKAGE
704,47,29.545,1,8930.93455,1,DIAMOND PACKAGE
705,33,32.9,2,5375.038,1,DIAMOND PACKAGE
706,51,38.06,0,44400.4064,0,GOLD PACKAGE
707,49,28.69,3,10264.4421,1,DIAMOND PACKAGE
708,31,30.495,3,6113.23105,1,DIAMOND PACKAGE
709,36,27.74,0,5469.0066,1,DIAMOND PACKAGE
710,18,35.2,1,1727.54,1,DIAMOND PACKAGE
711,50,23.54,2,10107.2206,1,DIAMOND PACKAGE
712,43,30.685,2,8310.83915,1,DIAMOND PACKAGE
713,20,40.47,0,1984.4533,1,DIAMOND PACKAGE
714,24,22.6,0,2457.502,1,DIAMOND PACKAGE
715,60,28.9,0,12146.971,1,DIAMOND PACKAGE
716,49,22.61,1,9566.9909,1,DIAMOND PACKAGE
717,60,24.32,1,13112.6048,1,DIAMOND PACKAGE
718,51,36.67,2,10848.1343,1,DIAMOND PACKAGE
719,58,33.44,0,12231.6136,1,DIAMOND PACKAGE
720,51,40.66,0,9875.6804,1,DIAMOND PACKAGE
721,53,36.6,3,11264.541,1,DIAMOND PACKAGE
722,62,37.4,0,12979.358,1,DIAMOND PACKAGE
723,19,35.4,0,1263.249,1,DIAMOND PACKAGE
724,50,27.075,1,10106.13425,1,DIAMOND PACKAGE
725,30,39.05,3,40932.4295,0,GOLD PACKAGE
726,41,28.405,1,6664.68595,1,DIAMOND PACKAGE
727,29,21.755,1,16657.71745,1,DIAMOND PACKAGE
728,18,40.28,0,2217.6012,1,DIAMOND PACKAGE
729,41,36.08,1,6781.3542,1,DIAMOND PACKAGE
730,35,24.42,3,19361.9988,1,DIAMOND PACKAGE
731,53,21.4,1,10065.413,1,DIAMOND PACKAGE
732,24,30.1,3,4234.927,1,DIAMOND PACKAGE
733,48,27.265,1,9447.25035,1,DIAMOND PACKAGE
734,59,32.1,3,14007.222,1,DIAMOND PACKAGE
735,49,34.77,1,9583.8933,1,DIAMOND PACKAGE
736,37,38.39,0,40419.0191,0,GOLD PACKAGE
737,26,23.7,2,3484.331,1,DIAMOND PACKAGE
738,23,31.73,3,36189.1017,0,GOLD PACKAGE
739,29,35.5,2,44585.45587,0,GOLD PACKAGE
740,45,24.035,2,8604.48365,1,DIAMOND PACKAGE
741,27,29.15,0,18246.4955,1,DIAMOND PACKAGE
742,53,34.105,0,43254.41795,0,GOLD PACKAGE
743,31,26.62,0,3757.8448,1,DIAMOND PACKAGE
744,50,26.41,0,8827.2099,1,DIAMOND PACKAGE
745,50,30.115,1,9910.35985,1,DIAMOND PACKAGE
746,34,27.0,2,11737.84884,1,DIAMOND PACKAGE
747,19,21.755,0,1627.28245,1,DIAMOND PACKAGE
748,47,36.0,1,8556.907,1,DIAMOND PACKAGE
749,28,30.875,0,3062.50825,1,DIAMOND PACKAGE
750,37,26.4,0,19539.243,1,DIAMOND PACKAGE
751,21,28.975,0,1906.35825,1,DIAMOND PACKAGE
752,64,37.905,0,14210.53595,1,DIAMOND PACKAGE
753,58,22.77,0,11833.7823,1,DIAMOND PACKAGE
754,24,33.63,4,17128.42608,1,DIAMOND PACKAGE
755,31,27.645,2,5031.26955,1,DIAMOND PACKAGE
756,39,22.8,3,7985.815,1,DIAMOND PACKAGE
757,47,27.83,0,23065.4207,0,GOLD PACKAGE
758,30,37.43,3,5428.7277,1,DIAMOND PACKAGE
759,18,38.17,0,36307.7983,0,GOLD PACKAGE
760,22,34.58,2,3925.7582,1,DIAMOND PACKAGE
761,23,35.2,1,2416.955,1,DIAMOND PACKAGE
762,33,27.1,1,19040.876,1,DIAMOND PACKAGE
763,27,26.03,0,3070.8087,1,DIAMOND PACKAGE
764,45,25.175,2,9095.06825,1,DIAMOND PACKAGE
765,57,31.825,0,11842.62375,1,DIAMOND PACKAGE
766,47,32.3,1,8062.764,1,DIAMOND PACKAGE
767,42,29.0,1,7050.642,1,DIAMOND PACKAGE
768,64,39.7,0,14319.031,1,DIAMOND PACKAGE
769,38,19.475,2,6933.24225,1,DIAMOND PACKAGE
770,61,36.1,3,27941.28758,0,GOLD PACKAGE
771,53,26.7,2,11150.78,1,DIAMOND PACKAGE
772,44,36.48,0,12797.20962,1,DIAMOND PACKAGE
773,19,28.88,0,17748.5062,1,DIAMOND PACKAGE
774,41,34.2,2,7261.741,1,DIAMOND PACKAGE
775,51,33.33,3,10560.4917,1,DIAMOND PACKAGE
776,40,32.3,2,6986.697,1,DIAMOND PACKAGE
777,45,39.805,0,7448.40395,1,DIAMOND PACKAGE
778,35,34.32,3,5934.3798,1,DIAMOND PACKAGE
779,53,28.88,0,9869.8102,1,DIAMOND PACKAGE
780,30,24.4,3,18259.216,1,DIAMOND PACKAGE
781,18,41.14,0,1146.7966,1,DIAMOND PACKAGE
782,51,35.97,1,9386.1613,1,DIAMOND PACKAGE
783,50,27.6,1,24520.264,0,GOLD PACKAGE
784,31,29.26,1,4350.5144,1,DIAMOND PACKAGE
785,35,27.7,3,6414.178,1,DIAMOND PACKAGE
786,60,36.955,0,12741.16745,1,DIAMOND PACKAGE
787,21,36.86,0,1917.3184,1,DIAMOND PACKAGE
788,29,22.515,3,5209.57885,1,DIAMOND PACKAGE
789,62,29.92,0,13457.9608,1,DIAMOND PACKAGE
790,39,41.8,0,5662.225,1,DIAMOND PACKAGE
791,19,27.6,0,1252.407,1,DIAMOND PACKAGE
792,22,23.18,0,2731.9122,1,DIAMOND PACKAGE
793,53,20.9,0,21195.818,1,DIAMOND PACKAGE
794,39,31.92,2,7209.4918,1,DIAMOND PACKAGE
795,27,28.5,0,18310.742,1,DIAMOND PACKAGE
796,30,44.22,2,4266.1658,1,DIAMOND PACKAGE
797,30,22.895,1,4719.52405,1,DIAMOND PACKAGE
798,58,33.1,0,11848.141,1,DIAMOND PACKAGE
799,33,24.795,0,17904.52705,1,DIAMOND PACKAGE
800,42,26.18,1,7046.7222,1,DIAMOND PACKAGE
801,64,35.97,0,14313.8463,1,DIAMOND PACKAGE
802,21,22.3,1,2103.08,1,DIAMOND PACKAGE
803,18,42.24,0,38792.6856,0,GOLD PACKAGE
804,23,26.51,0,1815.8759,1,DIAMOND PACKAGE
805,45,35.815,0,7731.85785,1,DIAMOND PACKAGE
806,40,41.42,1,28476.73499,0,GOLD PACKAGE
807,19,36.575,0,2136.88225,1,DIAMOND PACKAGE
808,18,30.14,0,1131.5066,1,DIAMOND PACKAGE
809,25,25.84,1,3309.7926,1,DIAMOND PACKAGE
810,46,30.8,3,9414.92,1,DIAMOND PACKAGE
811,33,42.94,3,6360.9936,1,DIAMOND PACKAGE
812,54,21.01,2,11013.7119,1,DIAMOND PACKAGE
813,28,22.515,2,4428.88785,1,DIAMOND PACKAGE
814,36,34.43,2,5584.3057,1,DIAMOND PACKAGE
815,20,31.46,0,1877.9294,1,DIAMOND PACKAGE
816,24,24.225,0,2842.76075,1,DIAMOND PACKAGE
817,23,37.1,3,3597.596,1,DIAMOND PACKAGE
818,47,26.125,1,23401.30575,0,GOLD PACKAGE
819,33,35.53,0,55135.40209,0,GOLD PACKAGE
820,45,33.7,1,7445.918,1,DIAMOND PACKAGE
821,26,17.67,0,2680.9493,1,DIAMOND PACKAGE
822,18,31.13,0,1621.8827,1,DIAMOND PACKAGE
823,44,29.81,2,8219.2039,1,DIAMOND PACKAGE
824,60,24.32,0,12523.6048,1,DIAMOND PACKAGE
825,64,31.825,2,16069.08475,1,DIAMOND PACKAGE
826,56,31.79,2,43813.8661,0,GOLD PACKAGE
827,36,28.025,1,20773.62775,1,DIAMOND PACKAGE
828,41,30.78,3,39597.4072,0,GOLD PACKAGE
829,39,21.85,1,6117.4945,1,DIAMOND PACKAGE
830,63,33.1,0,13393.756,1,DIAMOND PACKAGE
831,36,25.84,0,5266.3656,1,DIAMOND PACKAGE
832,28,23.845,2,4719.73655,1,DIAMOND PACKAGE
833,58,34.39,0,11743.9341,1,DIAMOND PACKAGE
834,36,33.82,1,5377.4578,1,DIAMOND PACKAGE
835,42,35.97,2,7160.3303,1,DIAMOND PACKAGE
836,36,31.5,0,4402.233,1,DIAMOND PACKAGE
837,56,28.31,0,11657.7189,1,DIAMOND PACKAGE
838,35,23.465,2,6402.29135,1,DIAMOND PACKAGE
839,59,31.35,0,12622.1795,1,DIAMOND PACKAGE
840,21,31.1,0,1526.312,1,DIAMOND PACKAGE
841,59,24.7,0,12323.936,1,DIAMOND PACKAGE
842,23,32.78,2,36021.0112,0,GOLD PACKAGE
843,57,29.81,0,27533.9129,0,GOLD PACKAGE
844,53,30.495,0,10072.05505,1,DIAMOND PACKAGE
845,60,32.45,0,45008.9555,0,GOLD PACKAGE
846,51,34.2,1,9872.701,1,DIAMOND PACKAGE
847,23,50.38,1,2438.0552,1,DIAMOND PACKAGE
848,27,24.1,0,2974.126,1,DIAMOND PACKAGE
849,55,32.775,0,10601.63225,1,DIAMOND PACKAGE
850,37,30.78,0,37270.1512,0,GOLD PACKAGE
851,61,32.3,2,14119.62,1,DIAMOND PACKAGE
852,46,35.53,0,42111.6647,0,GOLD PACKAGE
853,53,23.75,2,11729.6795,1,DIAMOND PACKAGE
854,49,23.845,3,24106.91255,0,GOLD PACKAGE
855,20,29.6,0,1875.344,1,DIAMOND PACKAGE
856,48,33.11,0,40974.1649,0,GOLD PACKAGE
857,25,24.13,0,15817.9857,1,DIAMOND PACKAGE
858,25,32.23,1,18218.16139,1,DIAMOND PACKAGE
859,57,28.1,0,10965.446,1,DIAMOND PACKAGE
860,37,47.6,2,46113.511,0,GOLD PACKAGE
861,38,28.0,3,7151.092,1,DIAMOND PACKAGE
862,55,33.535,2,12269.68865,1,DIAMOND PACKAGE
863,36,19.855,0,5458.04645,1,DIAMOND PACKAGE
864,51,25.4,0,8782.469,1,DIAMOND PACKAGE
865,40,29.9,2,6600.361,1,DIAMOND PACKAGE
866,18,37.29,0,1141.4451,1,DIAMOND PACKAGE
867,57,43.7,1,11576.13,1,DIAMOND PACKAGE
868,61,23.655,0,13129.60345,1,DIAMOND PACKAGE
869,25,24.3,3,4391.652,1,DIAMOND PACKAGE
870,50,36.2,0,8457.818,1,DIAMOND PACKAGE
871,26,29.48,1,3392.3652,1,DIAMOND PACKAGE
872,42,24.86,0,5966.8874,1,DIAMOND PACKAGE
873,43,30.1,1,6849.026,1,DIAMOND PACKAGE
874,44,21.85,3,8891.1395,1,DIAMOND PACKAGE
875,23,28.12,0,2690.1138,1,DIAMOND PACKAGE
876,49,27.1,1,26140.3603,0,GOLD PACKAGE
877,33,33.44,5,6653.7886,1,DIAMOND PACKAGE
878,41,28.8,1,6282.235,1,DIAMOND PACKAGE
879,37,29.5,2,6311.952,1,DIAMOND PACKAGE
880,22,34.8,3,3443.064,1,DIAMOND PACKAGE
881,23,27.36,1,2789.0574,1,DIAMOND PACKAGE
882,21,22.135,0,2585.85065,1,DIAMOND PACKAGE
883,51,37.05,3,46255.1125,0,GOLD PACKAGE
884,25,26.695,4,4877.98105,1,DIAMOND PACKAGE
885,32,28.93,1,19719.6947,1,DIAMOND PACKAGE
886,57,28.975,0,27218.43725,0,GOLD PACKAGE
887,36,30.02,0,5272.1758,1,DIAMOND PACKAGE
888,22,39.5,0,1682.597,1,DIAMOND PACKAGE
889,57,33.63,1,11945.1327,1,DIAMOND PACKAGE
890,64,26.885,0,29330.98315,0,GOLD PACKAGE
891,36,29.04,4,7243.8136,1,DIAMOND PACKAGE
892,54,24.035,0,10422.91665,1,DIAMOND PACKAGE
893,47,38.94,2,44202.6536,0,GOLD PACKAGE
894,62,32.11,0,13555.0049,1,DIAMOND PACKAGE
895,61,44.0,0,13063.883,1,DIAMOND PACKAGE
896,43,20.045,2,19798.05455,1,DIAMOND PACKAGE
897,19,25.555,1,2221.56445,1,DIAMOND PACKAGE
898,18,40.26,0,1634.5734,1,DIAMOND PACKAGE
899,19,22.515,0,2117.33885,1,DIAMOND PACKAGE
900,49,22.515,0,8688.85885,1,DIAMOND PACKAGE
901,60,40.92,0,48673.5588,0,GOLD PACKAGE
902,26,27.265,3,4661.28635,1,DIAMOND PACKAGE
903,49,36.85,0,8125.7845,1,DIAMOND PACKAGE
904,60,35.1,0,12644.589,1,DIAMOND PACKAGE
905,26,29.355,2,4564.19145,1,DIAMOND PACKAGE
906,27,32.585,3,4846.92015,1,DIAMOND PACKAGE
907,44,32.34,1,7633.7206,1,DIAMOND PACKAGE
908,63,39.8,3,15170.069,1,DIAMOND PACKAGE
909,32,24.6,0,17496.306,1,DIAMOND PACKAGE
910,22,28.31,1,2639.0429,1,DIAMOND PACKAGE
911,18,31.73,0,33732.6867,0,GOLD PACKAGE
912,59,26.695,3,14382.70905,1,DIAMOND PACKAGE
913,44,27.5,1,7626.993,1,DIAMOND PACKAGE
914,33,24.605,2,5257.50795,1,DIAMOND PACKAGE
915,24,33.99,0,2473.3341,1,DIAMOND PACKAGE
916,43,26.885,0,21774.32215,1,DIAMOND PACKAGE
917,45,22.895,0,35069.37452,0,GOLD PACKAGE
918,61,28.2,0,13041.921,1,DIAMOND PACKAGE
919,35,34.21,1,5245.2269,1,DIAMOND PACKAGE
920,62,25.0,0,13451.122,1,DIAMOND PACKAGE
921,62,33.2,0,13462.52,1,DIAMOND PACKAGE
922,38,31.0,1,5488.262,1,DIAMOND PACKAGE
923,34,35.815,0,4320.41085,1,DIAMOND PACKAGE
924,43,23.2,0,6250.435,1,DIAMOND PACKAGE
925,50,32.11,2,25333.33284,0,GOLD PACKAGE
926,19,23.4,2,2913.569,1,DIAMOND PACKAGE
927,57,20.1,1,12032.326,1,DIAMOND PACKAGE
928,62,39.16,0,13470.8044,1,DIAMOND PACKAGE
929,41,34.21,1,6289.7549,1,DIAMOND PACKAGE
930,26,46.53,1,2927.0647,1,DIAMOND PACKAGE
931,39,32.5,1,6238.298,1,DIAMOND PACKAGE
932,46,25.8,5,10096.97,1,DIAMOND PACKAGE
933,45,35.3,0,7348.142,1,DIAMOND PACKAGE
934,32,37.18,2,4673.3922,1,DIAMOND PACKAGE
935,59,27.5,0,12233.828,1,DIAMOND PACKAGE
936,44,29.735,2,32108.66282,0,GOLD PACKAGE
937,39,24.225,5,8965.79575,1,DIAMOND PACKAGE
938,18,26.18,2,2304.0022,1,DIAMOND PACKAGE
939,53,29.48,0,9487.6442,1,DIAMOND PACKAGE
940,18,23.21,0,1121.8739,1,DIAMOND PACKAGE
941,50,46.09,1,9549.5651,1,DIAMOND PACKAGE
942,18,40.185,0,2217.46915,1,DIAMOND PACKAGE
943,19,22.61,0,1628.4709,1,DIAMOND PACKAGE
944,62,39.93,0,12982.8747,1,DIAMOND PACKAGE
945,56,35.8,1,11674.13,1,DIAMOND PACKAGE
946,42,35.8,2,7160.094,1,DIAMOND PACKAGE
947,37,34.2,1,39047.285,0,GOLD PACKAGE
948,42,31.255,0,6358.77645,1,DIAMOND PACKAGE
949,25,29.7,3,19933.458,1,DIAMOND PACKAGE
950,57,18.335,0,11534.87265,1,DIAMOND PACKAGE
951,51,42.9,2,47462.894,0,GOLD PACKAGE
952,30,28.405,1,4527.18295,1,DIAMOND PACKAGE
953,44,30.2,2,38998.546,0,GOLD PACKAGE
954,34,27.835,1,20009.63365,1,DIAMOND PACKAGE
955,31,39.49,1,3875.7341,1,DIAMOND PACKAGE
956,54,30.8,1,41999.52,0,GOLD PACKAGE
957,24,26.79,1,12609.88702,1,DIAMOND PACKAGE
958,43,34.96,1,41034.2214,0,GOLD PACKAGE
959,48,36.67,1,28468.91901,0,GOLD PACKAGE
960,19,39.615,1,2730.10785,1,DIAMOND PACKAGE
961,29,25.9,0,3353.284,1,DIAMOND PACKAGE
962,63,35.2,1,14474.675,1,DIAMOND PACKAGE
963,46,24.795,3,9500.57305,1,DIAMOND PACKAGE
964,52,36.765,2,26467.09737,0,GOLD PACKAGE
965,35,27.1,1,4746.344,1,DIAMOND PACKAGE
966,51,24.795,2,23967.38305,0,GOLD PACKAGE
967,44,25.365,1,7518.02535,1,DIAMOND PACKAGE
968,21,25.745,2,3279.86855,1,DIAMOND PACKAGE
969,39,34.32,5,8596.8278,1,DIAMOND PACKAGE
970,50,28.16,3,10702.6424,1,DIAMOND PACKAGE
971,34,23.56,0,4992.3764,1,DIAMOND PACKAGE
972,22,20.235,0,2527.81865,1,DIAMOND PACKAGE
973,19,40.5,0,1759.338,1,DIAMOND PACKAGE
974,26,35.42,0,2322.6218,1,DIAMOND PACKAGE
975,29,22.895,0,16138.76205,1,DIAMOND PACKAGE
976,48,40.15,0,7804.1605,1,DIAMOND PACKAGE
977,26,29.15,1,2902.9065,1,DIAMOND PACKAGE
978,45,39.995,3,9704.66805,1,DIAMOND PACKAGE
979,36,29.92,0,4889.0368,1,DIAMOND PACKAGE
980,54,25.46,1,25517.11363,0,GOLD PACKAGE
981,34,21.375,0,4500.33925,1,DIAMOND PACKAGE
982,31,25.9,3,19199.944,1,DIAMOND PACKAGE
983,27,30.59,1,16796.41194,1,DIAMOND PACKAGE
984,20,30.115,5,4915.05985,1,DIAMOND PACKAGE
985,44,25.8,1,7624.63,1,DIAMOND PACKAGE
986,43,30.115,3,8410.04685,1,DIAMOND PACKAGE
987,45,27.645,1,28340.18885,0,GOLD PACKAGE
988,34,34.675,0,4518.82625,1,DIAMOND PACKAGE
989,24,20.52,0,14571.8908,1,DIAMOND PACKAGE
990,26,19.8,1,3378.91,1,DIAMOND PACKAGE
991,38,27.835,2,7144.86265,1,DIAMOND PACKAGE
992,50,31.6,2,10118.424,1,DIAMOND PACKAGE
993,38,28.27,1,5484.4673,1,DIAMOND PACKAGE
994,27,20.045,3,16420.49455,1,DIAMOND PACKAGE
995,39,23.275,3,7986.47525,1,DIAMOND PACKAGE
996,39,34.1,3,7418.522,1,DIAMOND PACKAGE
997,63,36.85,0,13887.9685,1,DIAMOND PACKAGE
998,33,36.29,3,6551.7501,1,DIAMOND PACKAGE
999,36,26.885,0,5267.81815,1,DIAMOND PACKAGE
1000,30,22.99,2,17361.7661,1,DIAMOND PACKAGE
1001,24,32.7,0,34472.841,0,GOLD PACKAGE
1002,24,25.8,0,1972.95,1,DIAMOND PACKAGE
1003,48,29.6,0,21232.18226,1,DIAMOND PACKAGE
1004,47,19.19,1,8627.5411,1,DIAMOND PACKAGE
1005,29,31.73,2,4433.3877,1,DIAMOND PACKAGE
1006,28,29.26,2,4438.2634,1,DIAMOND PACKAGE
1007,47,28.215,3,24915.22085,0,GOLD PACKAGE
1008,25,24.985,2,23241.47453,0,GOLD PACKAGE
1009,51,27.74,1,9957.7216,1,DIAMOND PACKAGE
1010,48,22.8,0,8269.044,1,DIAMOND PACKAGE
1011,43,20.13,2,18767.7377,1,DIAMOND PACKAGE
1012,61,33.33,4,36580.28216,0,GOLD PACKAGE
1013,48,32.3,1,8765.249,1,DIAMOND PACKAGE
1014,38,27.6,0,5383.536,1,DIAMOND PACKAGE
1015,59,25.46,0,12124.9924,1,DIAMOND PACKAGE
1016,19,24.605,1,2709.24395,1,DIAMOND PACKAGE
1017,26,34.2,2,3987.926,1,DIAMOND PACKAGE
1018,54,35.815,3,12495.29085,1,DIAMOND PACKAGE
1019,21,32.68,2,26018.95052,0,GOLD PACKAGE
1020,51,37.0,0,8798.593,1,DIAMOND PACKAGE
1021,22,31.02,3,35595.5898,0,GOLD PACKAGE
1022,47,36.08,1,42211.1382,0,GOLD PACKAGE
1023,18,23.32,1,1711.0268,1,DIAMOND PACKAGE
1024,47,45.32,1,8569.8618,1,DIAMOND PACKAGE
1025,21,34.6,0,2020.177,1,DIAMOND PACKAGE
1026,19,26.03,1,16450.8947,1,DIAMOND PACKAGE
1027,23,18.715,0,21595.38229,1,DIAMOND PACKAGE
1028,54,31.6,0,9850.432,1,DIAMOND PACKAGE
1029,37,17.29,2,6877.9801,1,DIAMOND PACKAGE
1030,46,23.655,1,21677.28345,1,DIAMOND PACKAGE
1031,55,35.2,0,44423.803,0,GOLD PACKAGE
1032,30,27.93,0,4137.5227,1,DIAMOND PACKAGE
1033,18,21.565,0,13747.87235,1,DIAMOND PACKAGE
1034,61,38.38,0,12950.0712,1,DIAMOND PACKAGE
1035,54,23.0,3,12094.478,1,DIAMOND PACKAGE
1036,22,37.07,2,37484.4493,0,GOLD PACKAGE
1037,45,30.495,1,39725.51805,0,GOLD PACKAGE
1038,22,28.88,0,2250.8352,1,DIAMOND PACKAGE
1039,19,27.265,2,22493.65964,1,DIAMOND PACKAGE
1040,35,28.025,0,20234.85475,1,DIAMOND PACKAGE
1041,18,23.085,0,1704.70015,1,DIAMOND PACKAGE
1042,20,30.685,0,33475.81715,0,GOLD PACKAGE
1043,28,25.8,0,3161.454,1,DIAMOND PACKAGE
1044,55,35.245,1,11394.06555,1,DIAMOND PACKAGE
1045,43,24.7,2,21880.82,1,DIAMOND PACKAGE
1046,43,25.08,0,7325.0482,1,DIAMOND PACKAGE
1047,22,52.58,1,44501.3982,0,GOLD PACKAGE
1048,25,22.515,1,3594.17085,1,DIAMOND PACKAGE
1049,49,30.9,0,39727.614,0,GOLD PACKAGE
1050,44,36.955,1,8023.13545,1,DIAMOND PACKAGE
1051,64,26.41,0,14394.5579,1,DIAMOND PACKAGE
1052,49,29.83,1,9288.0267,1,DIAMOND PACKAGE
1053,47,29.8,3,25309.489,0,GOLD PACKAGE
1054,27,21.47,0,3353.4703,1,DIAMOND PACKAGE
1055,55,27.645,0,10594.50155,1,DIAMOND PACKAGE
1056,48,28.9,0,8277.523,1,DIAMOND PACKAGE
1057,45,31.79,0,17929.30337,1,DIAMOND PACKAGE
1058,24,39.49,0,2480.9791,1,DIAMOND PACKAGE
1059,32,33.82,1,4462.7218,1,DIAMOND PACKAGE
1060,24,32.01,0,1981.5819,1,DIAMOND PACKAGE
1061,57,27.94,1,11554.2236,1,DIAMOND PACKAGE
1062,59,41.14,1,48970.2476,0,GOLD PACKAGE
1063,36,28.595,3,6548.19505,1,DIAMOND PACKAGE
1064,29,25.6,4,5708.867,1,DIAMOND PACKAGE
1065,42,25.3,1,7045.499,1,DIAMOND PACKAGE
1066,48,37.29,2,8978.1851,1,DIAMOND PACKAGE
1067,39,42.655,0,5757.41345,1,DIAMOND PACKAGE
1068,63,21.66,1,14349.8544,1,DIAMOND PACKAGE
1069,54,31.9,1,10928.849,1,DIAMOND PACKAGE
1070,37,37.07,1,39871.7043,0,GOLD PACKAGE
1071,63,31.445,0,13974.45555,1,DIAMOND PACKAGE
1072,21,31.255,0,1909.52745,1,DIAMOND PACKAGE
1073,54,28.88,2,12096.6512,1,DIAMOND PACKAGE
1074,60,18.335,0,13204.28565,1,DIAMOND PACKAGE
1075,32,29.59,1,4562.8421,1,DIAMOND PACKAGE
1076,47,32.0,1,8551.347,1,DIAMOND PACKAGE
1077,21,26.03,0,2102.2647,1,DIAMOND PACKAGE
1078,28,31.68,0,34672.1472,0,GOLD PACKAGE
1079,63,33.66,3,15161.5344,1,DIAMOND PACKAGE
1080,18,21.78,2,11884.04858,1,DIAMOND PACKAGE
1081,32,27.835,1,4454.40265,1,DIAMOND PACKAGE
1082,38,19.95,1,5855.9025,1,DIAMOND PACKAGE
1083,32,31.5,1,4076.497,1,DIAMOND PACKAGE
1084,62,30.495,2,15019.76005,1,DIAMOND PACKAGE
1085,39,18.3,5,19023.26,1,DIAMOND PACKAGE
1086,55,28.975,0,10796.35025,1,DIAMOND PACKAGE
1087,57,31.54,0,11353.2276,1,DIAMOND PACKAGE
1088,52,47.74,1,9748.9106,1,DIAMOND PACKAGE
1089,56,22.1,0,10577.087,1,DIAMOND PACKAGE
1090,47,36.19,0,41676.0811,0,GOLD PACKAGE
1091,55,29.83,0,11286.5387,1,DIAMOND PACKAGE
1092,23,32.7,3,3591.48,1,DIAMOND PACKAGE
1093,22,30.4,0,33907.548,0,GOLD PACKAGE
1094,50,33.7,4,11299.343,1,DIAMOND PACKAGE
1095,18,31.35,4,4561.1885,1,DIAMOND PACKAGE
1096,51,34.96,2,44641.1974,0,GOLD PACKAGE
1097,22,33.77,0,1674.6323,1,DIAMOND PACKAGE
1098,52,30.875,0,23045.56616,0,GOLD PACKAGE
1099,25,33.99,1,3227.1211,1,DIAMOND PACKAGE
1100,33,19.095,2,16776.30405,1,DIAMOND PACKAGE
1101,53,28.6,3,11253.421,1,DIAMOND PACKAGE
1102,29,38.94,1,3471.4096,1,DIAMOND PACKAGE
1103,58,36.08,0,11363.2832,1,DIAMOND PACKAGE
1104,37,29.8,0,20420.60465,1,DIAMOND PACKAGE
1105,54,31.24,0,10338.9316,1,DIAMOND PACKAGE
1106,49,29.925,0,8988.15875,1,DIAMOND PACKAGE
1107,50,26.22,2,10493.9458,1,DIAMOND PACKAGE
1108,26,30.0,1,2904.088,1,DIAMOND PACKAGE
1109,45,20.35,3,8605.3615,1,DIAMOND PACKAGE
1110,54,32.3,1,11512.405,1,DIAMOND PACKAGE
1111,38,38.39,3,41949.2441,0,GOLD PACKAGE
1112,48,25.85,3,24180.9335,0,GOLD PACKAGE
1113,28,26.315,3,5312.16985,1,DIAMOND PACKAGE
1114,23,24.51,0,2396.0959,1,DIAMOND PACKAGE
1115,55,32.67,1,10807.4863,1,DIAMOND PACKAGE
1116,41,29.64,5,9222.4026,1,DIAMOND PACKAGE
1117,25,33.33,2,36124.5737,0,GOLD PACKAGE
1118,33,35.75,1,38282.7495,0,GOLD PACKAGE
1119,30,19.95,3,5693.4305,1,DIAMOND PACKAGE
1120,23,31.4,0,34166.273,0,GOLD PACKAGE
1121,46,38.17,2,8347.1643,1,DIAMOND PACKAGE
1122,53,36.86,3,46661.4424,0,GOLD PACKAGE
1123,27,32.395,1,18903.49141,1,DIAMOND PACKAGE
1124,23,42.75,1,40904.1995,0,GOLD PACKAGE
1125,63,25.08,0,14254.6082,1,DIAMOND PACKAGE
1126,55,29.9,0,10214.636,1,DIAMOND PACKAGE
1127,35,35.86,2,5836.5204,1,DIAMOND PACKAGE
1128,34,32.8,1,14358.36437,1,DIAMOND PACKAGE
1129,19,18.6,0,1728.897,1,DIAMOND PACKAGE
1130,39,23.87,5,8582.3023,1,DIAMOND PACKAGE
1131,27,45.9,2,3693.428,1,DIAMOND PACKAGE
1132,57,40.28,0,20709.02034,1,DIAMOND PACKAGE
1133,52,18.335,0,9991.03765,1,DIAMOND PACKAGE
1134,28,33.82,0,19673.33573,1,DIAMOND PACKAGE
1135,50,28.12,3,11085.5868,1,DIAMOND PACKAGE
1136,44,25.0,1,7623.518,1,DIAMOND PACKAGE
1137,26,22.23,0,3176.2877,1,DIAMOND PACKAGE
1138,33,30.25,0,3704.3545,1,DIAMOND PACKAGE
1139,19,32.49,0,36898.73308,0,GOLD PACKAGE
1140,50,37.07,1,9048.0273,1,DIAMOND PACKAGE
1141,41,32.6,3,7954.517,1,DIAMOND PACKAGE
1142,52,24.86,0,27117.99378,0,GOLD PACKAGE
1143,39,32.34,2,6338.0756,1,DIAMOND PACKAGE
1144,50,32.3,2,9630.397,1,DIAMOND PACKAGE
1145,52,32.775,3,11289.10925,1,DIAMOND PACKAGE
1146,60,32.8,0,52590.82939,0,GOLD PACKAGE
1147,20,31.92,0,2261.5688,1,DIAMOND PACKAGE
1148,55,21.5,1,10791.96,1,DIAMOND PACKAGE
1149,42,34.1,0,5979.731,1,DIAMOND PACKAGE
1150,18,30.305,0,2203.73595,1,DIAMOND PACKAGE
1151,58,36.48,0,12235.8392,1,DIAMOND PACKAGE
1152,43,32.56,3,40941.2854,0,GOLD PACKAGE
1153,35,35.815,1,5630.45785,1,DIAMOND PACKAGE
1154,48,27.93,4,11015.1747,1,DIAMOND PACKAGE
1155,36,22.135,3,7228.21565,1,DIAMOND PACKAGE
1156,19,44.88,0,39722.7462,0,GOLD PACKAGE
1157,23,23.18,2,14426.07385,1,DIAMOND PACKAGE
1158,20,30.59,0,2459.7201,1,DIAMOND PACKAGE
1159,32,41.1,0,3989.841,1,DIAMOND PACKAGE
1160,43,34.58,1,7727.2532,1,DIAMOND PACKAGE
1161,34,42.13,2,5124.1887,1,DIAMOND PACKAGE
1162,30,38.83,1,18963.17192,1,DIAMOND PACKAGE
1163,18,28.215,0,2200.83085,1,DIAMOND PACKAGE
1164,41,28.31,1,7153.5539,1,DIAMOND PACKAGE
1165,35,26.125,0,5227.98875,1,DIAMOND PACKAGE
1166,57,40.37,0,10982.5013,1,DIAMOND PACKAGE
1167,29,24.6,2,4529.477,1,DIAMOND PACKAGE
1168,32,35.2,2,4670.64,1,DIAMOND PACKAGE
1169,37,34.105,1,6112.35295,1,DIAMOND PACKAGE
1170,18,27.36,1,17178.6824,1,DIAMOND PACKAGE
1171,43,26.7,2,22478.6,1,DIAMOND PACKAGE
1172,56,41.91,0,11093.6229,1,DIAMOND PACKAGE
1173,38,29.26,2,6457.8434,1,DIAMOND PACKAGE
1174,29,32.11,2,4433.9159,1,DIAMOND PACKAGE
1175,22,27.1,0,2154.361,1,DIAMOND PACKAGE
1176,52,24.13,1,23887.6627,0,GOLD PACKAGE
1177,40,27.4,1,6496.886,1,DIAMOND PACKAGE
1178,23,34.865,0,2899.48935,1,DIAMOND PACKAGE
1179,31,29.81,0,19350.3689,1,DIAMOND PACKAGE
1180,42,41.325,1,7650.77375,1,DIAMOND PACKAGE
1181,24,29.925,0,2850.68375,1,DIAMOND PACKAGE
1182,25,30.3,0,2632.992,1,DIAMOND PACKAGE
1183,48,27.36,1,9447.3824,1,DIAMOND PACKAGE
1184,23,28.49,1,18328.2381,1,DIAMOND PACKAGE
1185,45,23.56,2,8603.8234,1,DIAMOND PACKAGE
1186,20,35.625,3,37465.34375,0,GOLD PACKAGE
1187,62,32.68,0,13844.7972,1,DIAMOND PACKAGE
1188,43,25.27,1,21771.3423,1,DIAMOND PACKAGE
1189,23,28.0,0,13126.67745,1,DIAMOND PACKAGE
1190,31,32.775,2,5327.40025,1,DIAMOND PACKAGE
1191,41,21.755,1,13725.47184,1,DIAMOND PACKAGE
1192,58,32.395,1,13019.16105,1,DIAMOND PACKAGE
1193,48,36.575,0,8671.19125,1,DIAMOND PACKAGE
1194,31,21.755,0,4134.08245,1,DIAMOND PACKAGE
1195,19,27.93,3,18838.70366,1,DIAMOND PACKAGE
1196,19,30.02,0,33307.5508,0,GOLD PACKAGE
1197,41,33.55,0,5699.8375,1,DIAMOND PACKAGE
1198,40,29.355,1,6393.60345,1,DIAMOND PACKAGE
1199,31,25.8,2,4934.705,1,DIAMOND PACKAGE
1200,37,24.32,2,6198.7518,1,DIAMOND PACKAGE
1201,46,40.375,2,8733.22925,1,DIAMOND PACKAGE
1202,22,32.11,0,2055.3249,1,DIAMOND PACKAGE
1203,51,32.3,1,9964.06,1,DIAMOND PACKAGE
1204,18,27.28,3,18223.4512,1,DIAMOND PACKAGE
1205,35,17.86,1,5116.5004,1,DIAMOND PACKAGE
1206,59,34.8,2,36910.60803,0,GOLD PACKAGE
1207,36,33.4,2,38415.474,0,GOLD PACKAGE
1208,37,25.555,1,20296.86345,1,DIAMOND PACKAGE
1209,59,37.1,1,12347.172,1,DIAMOND PACKAGE
1210,36,30.875,1,5373.36425,1,DIAMOND PACKAGE
1211,39,34.1,2,23563.01618,0,GOLD PACKAGE
1212,18,21.47,0,1702.4553,1,DIAMOND PACKAGE
1213,52,33.3,2,10806.839,1,DIAMOND PACKAGE
1214,27,31.255,1,3956.07145,1,DIAMOND PACKAGE
1215,18,39.14,0,12890.05765,1,DIAMOND PACKAGE
1216,40,25.08,0,5415.6612,1,DIAMOND PACKAGE
1217,29,37.29,2,4058.1161,1,DIAMOND PACKAGE
1218,46,34.6,1,41661.602,0,GOLD PACKAGE
1219,38,30.21,3,7537.1639,1,DIAMOND PACKAGE
1220,30,21.945,1,4718.20355,1,DIAMOND PACKAGE
1221,40,24.97,2,6593.5083,1,DIAMOND PACKAGE
1222,50,25.3,0,8442.667,1,DIAMOND PACKAGE
1223,20,24.42,0,26125.67477,0,GOLD PACKAGE
1224,41,23.94,1,6858.4796,1,DIAMOND PACKAGE
1225,33,39.82,1,4795.6568,1,DIAMOND PACKAGE
1226,38,16.815,2,6640.54485,1,DIAMOND PACKAGE
1227,42,37.18,2,7162.0122,1,DIAMOND PACKAGE
1228,56,34.43,0,10594.2257,1,DIAMOND PACKAGE
1229,58,30.305,0,11938.25595,1,DIAMOND PACKAGE
1230,52,34.485,3,60021.39897,2,PLATINUM PACKAGE
1231,20,21.8,0,20167.33603,1,DIAMOND PACKAGE
1232,54,24.605,3,12479.70895,1,DIAMOND PACKAGE
1233,58,23.3,0,11345.519,1,DIAMOND PACKAGE
1234,45,27.83,2,8515.7587,1,DIAMOND PACKAGE
1235,26,31.065,0,2699.56835,1,DIAMOND PACKAGE
1236,63,21.66,0,14449.8544,1,DIAMOND PACKAGE
1237,58,28.215,0,12224.35085,1,DIAMOND PACKAGE
1238,37,22.705,3,6985.50695,1,DIAMOND PACKAGE
1239,25,42.13,1,3238.4357,1,DIAMOND PACKAGE
1240,52,41.8,2,47269.854,0,GOLD PACKAGE
1241,64,36.96,2,49577.6624,0,GOLD PACKAGE
1242,22,21.28,3,4296.2712,1,DIAMOND PACKAGE
1243,28,33.11,0,3171.6149,1,DIAMOND PACKAGE
1244,18,33.33,0,1135.9407,1,DIAMOND PACKAGE
1245,28,24.3,5,5615.369,1,DIAMOND PACKAGE
1246,45,25.7,3,9101.798,1,DIAMOND PACKAGE
1247,33,29.4,4,6059.173,1,DIAMOND PACKAGE
1248,18,39.82,0,1633.9618,1,DIAMOND PACKAGE
1249,32,33.63,1,37607.5277,0,GOLD PACKAGE
1250,24,29.83,0,18648.4217,1,DIAMOND PACKAGE
1251,19,19.8,0,1241.565,1,DIAMOND PACKAGE
1252,20,27.3,0,16232.847,1,DIAMOND PACKAGE
1253,40,29.3,4,15828.82173,1,DIAMOND PACKAGE
1254,34,27.72,0,4415.1588,1,DIAMOND PACKAGE
1255,42,37.9,0,6474.013,1,DIAMOND PACKAGE
1256,51,36.385,3,11436.73815,1,DIAMOND PACKAGE
1257,54,27.645,1,11305.93455,1,DIAMOND PACKAGE
1258,55,37.715,3,30063.58055,0,GOLD PACKAGE
1259,52,23.18,0,10197.7722,1,DIAMOND PACKAGE
1260,32,20.52,0,4544.2348,1,DIAMOND PACKAGE
1261,28,37.1,1,3277.161,1,DIAMOND PACKAGE
1262,41,28.05,1,6770.1925,1,DIAMOND PACKAGE
1263,43,29.9,1,7337.748,1,DIAMOND PACKAGE
1264,49,33.345,2,10370.91255,1,DIAMOND PACKAGE
1265,64,23.76,0,26926.5144,0,GOLD PACKAGE
1266,55,30.5,0,10704.47,1,DIAMOND PACKAGE
1267,24,31.065,0,34254.05335,0,GOLD PACKAGE
1268,20,33.3,0,1880.487,1,DIAMOND PACKAGE
1269,45,27.5,3,8615.3,1,DIAMOND PACKAGE
1270,26,33.915,1,3292.52985,1,DIAMOND PACKAGE
1271,25,34.485,0,3021.80915,1,DIAMOND PACKAGE
1272,43,25.52,5,14478.33015,1,DIAMOND PACKAGE
1273,35,27.61,1,4747.0529,1,DIAMOND PACKAGE
1274,26,27.06,0,17043.3414,1,DIAMOND PACKAGE
1275,57,23.7,0,10959.33,1,DIAMOND PACKAGE
1276,22,30.4,0,2741.948,1,DIAMOND PACKAGE
1277,32,29.735,0,4357.04365,1,DIAMOND PACKAGE
1278,39,29.925,1,22462.04375,1,DIAMOND PACKAGE
1279,25,26.79,2,4189.1131,1,DIAMOND PACKAGE
1280,48,33.33,0,8283.6807,1,DIAMOND PACKAGE
1281,47,27.645,2,24535.69855,0,GOLD PACKAGE
1282,18,21.66,0,14283.4594,1,DIAMOND PACKAGE
1283,18,30.03,1,1720.3537,1,DIAMOND PACKAGE
1284,61,36.3,1,47403.88,0,GOLD PACKAGE
1285,47,24.32,0,8534.6718,1,DIAMOND PACKAGE
1286,28,17.29,0,3732.6251,1,DIAMOND PACKAGE
1287,36,25.9,1,5472.449,1,DIAMOND PACKAGE
1288,20,39.4,2,38344.566,0,GOLD PACKAGE
1289,44,34.32,1,7147.4728,1,DIAMOND PACKAGE
1290,38,19.95,2,7133.9025,1,DIAMOND PACKAGE
1291,19,34.9,0,34828.654,0,GOLD PACKAGE
1292,21,23.21,0,1515.3449,1,DIAMOND PACKAGE
1293,46,25.745,3,9301.89355,1,DIAMOND PACKAGE
1294,58,25.175,0,11931.12525,1,DIAMOND PACKAGE
1295,20,22.0,1,1964.78,1,DIAMOND PACKAGE
1296,18,26.125,0,1708.92575,1,DIAMOND PACKAGE
1297,28,26.51,2,4340.4409,1,DIAMOND PACKAGE
1298,33,27.455,2,5261.46945,1,DIAMOND PACKAGE
1299,19,25.745,1,2710.82855,1,DIAMOND PACKAGE
1300,45,30.36,0,62592.87309,2,PLATINUM PACKAGE
1301,62,30.875,3,46718.16325,0,GOLD PACKAGE
1302,25,20.8,1,3208.787,1,DIAMOND PACKAGE
1303,43,27.8,0,37829.7242,0,GOLD PACKAGE
1304,42,24.605,2,21259.37795,1,DIAMOND PACKAGE
1305,24,27.72,0,2464.6188,1,DIAMOND PACKAGE
1306,29,21.85,0,16115.3045,1,DIAMOND PACKAGE
1307,32,28.12,4,21472.4788,1,DIAMOND PACKAGE
1308,25,30.2,0,33900.653,0,GOLD PACKAGE
1309,41,32.2,2,6875.961,1,DIAMOND PACKAGE
1310,42,26.315,1,6940.90985,1,DIAMOND PACKAGE
1311,33,26.695,0,4571.41305,1,DIAMOND PACKAGE
1312,34,42.9,1,4536.259,1,DIAMOND PACKAGE
1313,19,34.7,2,36397.576,0,GOLD PACKAGE
1314,30,23.655,3,18765.87545,1,DIAMOND PACKAGE
1315,18,28.31,1,11272.33139,1,DIAMOND PACKAGE
1316,19,20.6,0,1731.677,1,DIAMOND PACKAGE
1317,18,53.13,0,1163.4627,1,DIAMOND PACKAGE
1318,35,39.71,4,19496.71917,1,DIAMOND PACKAGE
1319,39,26.315,2,7201.70085,1,DIAMOND PACKAGE
1320,31,31.065,3,5425.02335,1,DIAMOND PACKAGE
1321,62,26.695,0,28101.33305,0,GOLD PACKAGE
1322,62,38.83,0,12981.3457,1,DIAMOND PACKAGE
1323,42,40.37,2,43896.3763,0,GOLD PACKAGE
1324,31,25.935,1,4239.89265,1,DIAMOND PACKAGE
1325,61,33.535,0,13143.33665,1,DIAMOND PACKAGE
1326,42,32.87,0,7050.0213,1,DIAMOND PACKAGE
1327,51,30.03,1,9377.9047,1,DIAMOND PACKAGE
1328,23,24.225,2,22395.74424,1,DIAMOND PACKAGE
1329,52,38.6,2,10325.206,1,DIAMOND PACKAGE
1330,57,25.74,2,12629.1656,1,DIAMOND PACKAGE
1331,23,33.4,0,10795.93733,1,DIAMOND PACKAGE
1332,52,44.7,3,11411.685,1,DIAMOND PACKAGE
1333,50,30.97,3,10600.5483,1,DIAMOND PACKAGE
1334,18,31.92,0,2205.9808,1,DIAMOND PACKAGE
1335,18,36.85,0,1629.8335,1,DIAMOND PACKAGE
1336,21,25.8,0,2007.945,1,DIAMOND PACKAGE
1337,61,29.07,0,29141.3603,0,GOLD PACKAGE
